code_module,code_presentation,id_student,gender,region,highest_education,imd_band,age_band,num_of_prev_attempts,studied_credits,disability,final_result,total_clicks,forumng_clicks,edu_simple,D_peer,Y_withdrawn,Y_pass
CCC,2014B,28418.0,F,West Midlands Region,A Level or Equivalent,20-30%,0-35,0.0,30.0,N,Fail,328.0,1.0,High,1,0,0
CCC,2014B,29764.0,M,East Anglian Region,A Level or Equivalent,50-60%,0-35,0.0,90.0,N,Distinction,2867.0,21.0,High,1,0,1
CCC,2014B,29820.0,M,East Anglian Region,HE Qualification,40-50%,0-35,0.0,60.0,N,Pass,1027.0,173.0,High,1,0,1
CCC,2014B,40333.0,M,North Region,HE Qualification,0-10%,35-55,0.0,30.0,N,Withdrawn,174.0,10.0,High,1,1,0
CCC,2014B,40604.0,M,Ireland,A Level or Equivalent,,35-55,0.0,30.0,N,Pass,465.0,14.0,High,1,0,1
CCC,2014B,42638.0,M,Scotland,HE Qualification,90-100%,35-55,0.0,60.0,N,Pass,5659.0,1524.0,High,1,0,1
CCC,2014B,45664.0,M,Yorkshire Region,HE Qualification,60-70%,0-35,0.0,60.0,N,Withdrawn,397.0,2.0,High,1,1,0
CCC,2014B,46605.0,M,East Anglian Region,HE Qualification,60-70%,35-55,0.0,60.0,N,Distinction,3427.0,1331.0,High,1,0,1
CCC,2014B,49119.0,M,Ireland,HE Qualification,,0-35,0.0,90.0,N,Distinction,2014.0,378.0,High,1,0,1
CCC,2014B,50263.0,M,West Midlands Region,HE Qualification,80-90%,35-55,0.0,60.0,N,Withdrawn,425.0,10.0,High,1,1,0
CCC,2014B,51576.0,F,London Region,Lower Than A Level,10-20,0-35,0.0,90.0,N,Withdrawn,799.0,414.0,Low,1,1,0
CCC,2014B,54391.0,M,South West Region,Lower Than A Level,10-20,0-35,0.0,60.0,N,Withdrawn,179.0,1.0,Low,1,1,0
CCC,2014B,57340.0,F,East Anglian Region,A Level or Equivalent,20-30%,0-35,0.0,120.0,N,Pass,1090.0,60.0,High,1,0,1
CCC,2014B,59541.0,M,East Anglian Region,A Level or Equivalent,40-50%,0-35,0.0,30.0,Y,Withdrawn,441.0,17.0,High,1,1,0
CCC,2014B,62278.0,M,West Midlands Region,A Level or Equivalent,30-40%,0-35,0.0,40.0,N,Fail,1037.0,103.0,High,1,0,0
CCC,2014B,64296.0,M,Scotland,HE Qualification,20-30%,0-35,0.0,60.0,N,Fail,633.0,80.0,High,1,0,0
CCC,2014B,66254.0,F,Ireland,A Level or Equivalent,,0-35,0.0,30.0,N,Fail,2149.0,468.0,High,1,0,0
CCC,2014B,69489.0,M,South West Region,Lower Than A Level,80-90%,0-35,0.0,150.0,N,Withdrawn,0.0,0.0,Low,0,1,0
CCC,2014B,69494.0,F,Yorkshire Region,No Formal quals,20-30%,0-35,0.0,80.0,N,Withdrawn,2049.0,120.0,Other,1,1,0
CCC,2014B,69703.0,M,Yorkshire Region,Lower Than A Level,20-30%,0-35,0.0,120.0,N,Pass,695.0,103.0,Low,1,0,1
CCC,2014B,70381.0,M,Scotland,HE Qualification,30-40%,35-55,0.0,30.0,N,Pass,755.0,1.0,High,1,0,1
CCC,2014B,70771.0,M,Scotland,HE Qualification,40-50%,0-35,0.0,60.0,N,Withdrawn,181.0,16.0,High,1,1,0
CCC,2014B,74290.0,M,Scotland,Lower Than A Level,10-20,0-35,0.0,60.0,N,Withdrawn,271.0,20.0,Low,1,1,0
CCC,2014B,75454.0,M,South West Region,A Level or Equivalent,80-90%,0-35,0.0,120.0,N,Pass,4465.0,201.0,High,1,0,1
CCC,2014B,75469.0,M,East Midlands Region,A Level or Equivalent,80-90%,0-35,0.0,210.0,N,Withdrawn,0.0,0.0,High,0,1,0
CCC,2014B,75728.0,F,South West Region,HE Qualification,30-40%,35-55,0.0,30.0,N,Fail,1868.0,271.0,High,1,0,0
CCC,2014B,79461.0,M,Scotland,A Level or Equivalent,70-80%,0-35,0.0,90.0,N,Withdrawn,810.0,163.0,High,1,1,0
CCC,2014B,80329.0,M,South Region,Lower Than A Level,80-90%,0-35,0.0,120.0,N,Withdrawn,3519.0,369.0,Low,1,1,0
CCC,2014B,82575.0,M,West Midlands Region,HE Qualification,80-90%,0-35,0.0,30.0,N,Distinction,658.0,19.0,High,1,0,1
CCC,2014B,83219.0,F,West Midlands Region,A Level or Equivalent,0-10%,0-35,0.0,60.0,N,Pass,1055.0,118.0,High,1,0,1
CCC,2014B,83453.0,M,West Midlands Region,HE Qualification,40-50%,35-55,0.0,30.0,N,Withdrawn,382.0,24.0,High,1,1,0
CCC,2014B,84299.0,M,London Region,A Level or Equivalent,20-30%,0-35,0.0,120.0,N,Withdrawn,759.0,10.0,High,1,1,0
CCC,2014B,86047.0,F,Wales,HE Qualification,20-30%,0-35,0.0,30.0,N,Withdrawn,175.0,2.0,High,1,1,0
CCC,2014B,88758.0,M,North Region,Post Graduate Qualification,,35-55,0.0,330.0,N,Withdrawn,51.0,0.0,Other,0,1,0
CCC,2014B,94484.0,M,West Midlands Region,Lower Than A Level,20-30%,35-55,0.0,120.0,Y,Pass,2275.0,3.0,Low,1,0,1
CCC,2014B,95906.0,F,East Midlands Region,A Level or Equivalent,50-60%,0-35,0.0,120.0,N,Pass,1721.0,297.0,High,1,0,1
CCC,2014B,96538.0,M,North Region,Lower Than A Level,0-10%,0-35,0.0,60.0,N,Fail,182.0,0.0,Low,0,0,0
CCC,2014B,97486.0,M,North Western Region,HE Qualification,70-80%,35-55,0.0,60.0,N,Withdrawn,7.0,0.0,High,0,1,0
CCC,2014B,100621.0,M,West Midlands Region,A Level or Equivalent,50-60%,35-55,0.0,60.0,N,Withdrawn,59.0,1.0,High,1,1,0
CCC,2014B,105523.0,M,Scotland,HE Qualification,60-70%,35-55,0.0,90.0,N,Pass,1201.0,22.0,High,1,0,1
CCC,2014B,107028.0,M,East Midlands Region,Lower Than A Level,10-20,0-35,0.0,90.0,N,Withdrawn,85.0,0.0,Low,0,1,0
CCC,2014B,107339.0,F,Scotland,HE Qualification,10-20,0-35,0.0,60.0,N,Pass,2383.0,385.0,High,1,0,1
CCC,2014B,108834.0,M,West Midlands Region,A Level or Equivalent,10-20,0-35,0.0,90.0,N,Withdrawn,290.0,23.0,High,1,1,0
CCC,2014B,108947.0,M,Scotland,Lower Than A Level,0-10%,0-35,0.0,120.0,N,Withdrawn,0.0,0.0,Low,0,1,0
CCC,2014B,116174.0,M,London Region,A Level or Equivalent,40-50%,35-55,0.0,90.0,N,Withdrawn,76.0,0.0,High,0,1,0
CCC,2014B,116518.0,M,London Region,HE Qualification,30-40%,0-35,0.0,80.0,N,Pass,942.0,44.0,High,1,0,1
CCC,2014B,117232.0,M,Ireland,A Level or Equivalent,20-30%,0-35,0.0,90.0,N,Pass,1099.0,39.0,High,1,0,1
CCC,2014B,118098.0,M,East Midlands Region,HE Qualification,60-70%,0-35,0.0,30.0,N,Fail,537.0,0.0,High,0,0,0
CCC,2014B,119353.0,M,North Region,A Level or Equivalent,30-40%,35-55,0.0,90.0,N,Withdrawn,58.0,10.0,High,1,1,0
CCC,2014B,119729.0,M,East Anglian Region,HE Qualification,90-100%,35-55,0.0,30.0,N,Withdrawn,573.0,11.0,High,1,1,0
CCC,2014B,122392.0,M,London Region,A Level or Equivalent,10-20,35-55,0.0,60.0,N,Pass,809.0,52.0,High,1,0,1
CCC,2014B,123598.0,M,Scotland,A Level or Equivalent,50-60%,0-35,0.0,90.0,Y,Withdrawn,1286.0,161.0,High,1,1,0
CCC,2014B,124124.0,F,Scotland,Lower Than A Level,20-30%,0-35,0.0,60.0,N,Withdrawn,21.0,0.0,Low,0,1,0
CCC,2014B,124193.0,M,East Anglian Region,HE Qualification,40-50%,35-55,0.0,30.0,N,Distinction,945.0,144.0,High,1,0,1
CCC,2014B,126337.0,M,West Midlands Region,Lower Than A Level,20-30%,0-35,0.0,75.0,N,Withdrawn,729.0,144.0,Low,1,1,0
CCC,2014B,126394.0,M,Wales,A Level or Equivalent,90-100%,0-35,0.0,120.0,N,Pass,1898.0,474.0,High,1,0,1
CCC,2014B,126395.0,M,London Region,A Level or Equivalent,20-30%,0-35,0.0,30.0,Y,Pass,1549.0,34.0,High,1,0,1
CCC,2014B,128510.0,F,Scotland,Lower Than A Level,50-60%,0-35,0.0,180.0,N,Withdrawn,872.0,208.0,Low,1,1,0
CCC,2014B,129198.0,F,North Western Region,HE Qualification,20-30%,35-55,0.0,150.0,Y,Withdrawn,1516.0,19.0,High,1,1,0
CCC,2014B,129638.0,F,London Region,Lower Than A Level,30-40%,35-55,0.0,30.0,N,Withdrawn,921.0,15.0,Low,1,1,0
CCC,2014B,129878.0,M,East Midlands Region,Lower Than A Level,40-50%,35-55,0.0,45.0,N,Fail,251.0,5.0,Low,1,0,0
CCC,2014B,131145.0,M,South West Region,A Level or Equivalent,40-50%,0-35,0.0,90.0,N,Distinction,4894.0,838.0,High,1,0,1
CCC,2014B,131695.0,F,East Midlands Region,Lower Than A Level,0-10%,0-35,0.0,120.0,N,Withdrawn,0.0,0.0,Low,0,1,0
CCC,2014B,131933.0,M,Scotland,Post Graduate Qualification,60-70%,35-55,0.0,30.0,N,Withdrawn,2039.0,67.0,Other,1,1,0
CCC,2014B,132191.0,M,West Midlands Region,A Level or Equivalent,50-60%,0-35,0.0,60.0,Y,Withdrawn,79.0,1.0,High,1,1,0
CCC,2014B,133104.0,M,London Region,Lower Than A Level,10-20,0-35,0.0,120.0,Y,Distinction,1469.0,227.0,Low,1,0,1
CCC,2014B,134025.0,M,London Region,A Level or Equivalent,60-70%,0-35,0.0,60.0,N,Withdrawn,836.0,93.0,High,1,1,0
CCC,2014B,135330.0,M,Scotland,HE Qualification,90-100%,35-55,0.0,60.0,N,Fail,242.0,31.0,High,1,0,0
CCC,2014B,135792.0,M,South West Region,Lower Than A Level,50-60%,0-35,0.0,60.0,N,Fail,728.0,87.0,Low,1,0,0
CCC,2014B,139190.0,M,East Midlands Region,Lower Than A Level,50-60%,0-35,0.0,150.0,N,Withdrawn,199.0,5.0,Low,1,1,0
CCC,2014B,142935.0,F,London Region,Lower Than A Level,10-20,35-55,0.0,60.0,N,Pass,6160.0,347.0,Low,1,0,1
CCC,2014B,145282.0,M,Yorkshire Region,Lower Than A Level,60-70%,0-35,0.0,60.0,N,Distinction,1552.0,89.0,Low,1,0,1
CCC,2014B,146125.0,M,Yorkshire Region,Lower Than A Level,80-90%,0-35,0.0,60.0,N,Withdrawn,0.0,0.0,Low,0,1,0
CCC,2014B,147675.0,M,West Midlands Region,A Level or Equivalent,70-80%,35-55,0.0,30.0,N,Withdrawn,866.0,26.0,High,1,1,0
CCC,2014B,151549.0,M,West Midlands Region,Lower Than A Level,70-80%,35-55,0.0,30.0,N,Fail,285.0,23.0,Low,1,0,0
CCC,2014B,152428.0,F,West Midlands Region,A Level or Equivalent,20-30%,0-35,0.0,120.0,N,Pass,3064.0,428.0,High,1,0,1
CCC,2014B,152962.0,F,East Anglian Region,A Level or Equivalent,80-90%,35-55,0.0,30.0,N,Pass,8137.0,23.0,High,1,0,1
CCC,2014B,153687.0,F,South Region,A Level or Equivalent,60-70%,35-55,0.0,400.0,N,Withdrawn,0.0,0.0,High,0,1,0
CCC,2014B,153788.0,M,North Western Region,No Formal quals,20-30%,0-35,0.0,90.0,N,Withdrawn,357.0,143.0,Other,1,1,0
CCC,2014B,155067.0,M,North Western Region,Lower Than A Level,0-10%,35-55,0.0,45.0,N,Fail,75.0,5.0,Low,1,0,0
CCC,2014B,155963.0,M,North Region,A Level or Equivalent,10-20,0-35,0.0,60.0,N,Distinction,452.0,58.0,High,1,0,1
CCC,2014B,157310.0,F,Yorkshire Region,Lower Than A Level,40-50%,0-35,0.0,210.0,N,Withdrawn,21.0,0.0,Low,0,1,0
CCC,2014B,160300.0,M,East Anglian Region,A Level or Equivalent,10-20,35-55,0.0,60.0,N,Pass,2235.0,57.0,High,1,0,1
CCC,2014B,162650.0,M,West Midlands Region,HE Qualification,40-50%,35-55,0.0,30.0,N,Fail,399.0,14.0,High,1,0,0
CCC,2014B,165647.0,F,Scotland,A Level or Equivalent,30-40%,0-35,0.0,120.0,N,Withdrawn,710.0,49.0,High,1,1,0
CCC,2014B,165733.0,M,Scotland,A Level or Equivalent,20-30%,0-35,0.0,90.0,Y,Withdrawn,1673.0,91.0,High,1,1,0
CCC,2014B,166160.0,F,South Region,HE Qualification,80-90%,0-35,0.0,30.0,N,Distinction,3160.0,10.0,High,1,0,1
CCC,2014B,167791.0,M,North Western Region,A Level or Equivalent,20-30%,35-55,0.0,60.0,N,Pass,1509.0,39.0,High,1,0,1
CCC,2014B,168178.0,M,London Region,A Level or Equivalent,40-50%,35-55,0.0,30.0,Y,Pass,1293.0,66.0,High,1,0,1
CCC,2014B,169380.0,M,East Midlands Region,A Level or Equivalent,50-60%,35-55,0.0,60.0,N,Pass,993.0,49.0,High,1,0,1
CCC,2014B,170025.0,F,East Anglian Region,HE Qualification,90-100%,0-35,0.0,60.0,N,Withdrawn,74.0,1.0,High,1,1,0
CCC,2014B,170864.0,M,Scotland,HE Qualification,90-100%,35-55,0.0,60.0,Y,Distinction,4774.0,2000.0,High,1,0,1
CCC,2014B,171896.0,F,South East Region,A Level or Equivalent,40-50%,0-35,0.0,60.0,N,Withdrawn,1168.0,224.0,High,1,1,0
CCC,2014B,172301.0,M,East Midlands Region,Lower Than A Level,0-10%,0-35,0.0,60.0,N,Withdrawn,35.0,0.0,Low,0,1,0
CCC,2014B,172965.0,M,Scotland,Post Graduate Qualification,60-70%,35-55,0.0,150.0,N,Distinction,1207.0,10.0,Other,1,0,1
CCC,2014B,174807.0,F,South West Region,HE Qualification,20-30%,35-55,0.0,90.0,N,Withdrawn,0.0,0.0,High,0,1,0
CCC,2014B,175490.0,F,South Region,HE Qualification,40-50%,0-35,0.0,60.0,N,Distinction,2360.0,153.0,High,1,0,1
CCC,2014B,177967.0,M,Scotland,A Level or Equivalent,0-10%,0-35,0.0,30.0,N,Pass,765.0,7.0,High,1,0,1
CCC,2014B,178072.0,M,South East Region,A Level or Equivalent,0-10%,0-35,0.0,60.0,N,Withdrawn,516.0,44.0,High,1,1,0
CCC,2014B,178496.0,M,North Region,HE Qualification,,0-35,0.0,30.0,N,Distinction,448.0,3.0,High,1,0,1
CCC,2014B,178654.0,F,Scotland,HE Qualification,60-70%,35-55,0.0,30.0,N,Withdrawn,0.0,0.0,High,0,1,0
CCC,2014B,179904.0,M,North Western Region,A Level or Equivalent,70-80%,0-35,0.0,90.0,N,Fail,17.0,5.0,High,1,0,0
CCC,2014B,180976.0,M,North Region,Lower Than A Level,,35-55,0.0,30.0,N,Pass,4525.0,1223.0,Low,1,0,1
CCC,2014B,183331.0,M,Ireland,Lower Than A Level,0-10%,0-35,0.0,90.0,N,Withdrawn,98.0,63.0,Low,1,1,0
CCC,2014B,187435.0,F,South Region,Lower Than A Level,50-60%,35-55,0.0,90.0,N,Distinction,1851.0,359.0,Low,1,0,1
CCC,2014B,189428.0,F,South Region,Lower Than A Level,80-90%,0-35,0.0,30.0,Y,Pass,715.0,8.0,Low,1,0,1
CCC,2014B,189624.0,M,West Midlands Region,A Level or Equivalent,60-70%,0-35,0.0,150.0,N,Pass,2991.0,131.0,High,1,0,1
CCC,2014B,191000.0,M,Scotland,Post Graduate Qualification,80-90%,0-35,0.0,60.0,N,Withdrawn,95.0,0.0,Other,0,1,0
CCC,2014B,191797.0,F,North Western Region,A Level or Equivalent,80-90%,0-35,0.0,30.0,N,Pass,728.0,17.0,High,1,0,1
CCC,2014B,193163.0,M,Scotland,HE Qualification,70-80%,35-55,0.0,90.0,N,Fail,872.0,134.0,High,1,0,0
CCC,2014B,194377.0,F,Wales,A Level or Equivalent,90-100%,0-35,0.0,60.0,N,Withdrawn,0.0,0.0,High,0,1,0
CCC,2014B,197486.0,M,Wales,HE Qualification,60-70%,0-35,0.0,60.0,N,Withdrawn,332.0,0.0,High,0,1,0
CCC,2014B,198902.0,M,London Region,Lower Than A Level,0-10%,0-35,0.0,60.0,N,Fail,471.0,3.0,Low,1,0,0
CCC,2014B,200372.0,M,Scotland,HE Qualification,20-30%,35-55,0.0,120.0,N,Withdrawn,437.0,24.0,High,1,1,0
CCC,2014B,201327.0,M,North Western Region,HE Qualification,90-100%,35-55,0.0,30.0,N,Fail,1137.0,8.0,High,1,0,0
CCC,2014B,203707.0,M,East Anglian Region,A Level or Equivalent,30-40%,0-35,0.0,150.0,N,Withdrawn,56.0,0.0,High,0,1,0
CCC,2014B,204725.0,M,South Region,A Level or Equivalent,90-100%,0-35,0.0,30.0,N,Pass,2136.0,46.0,High,1,0,1
CCC,2014B,205398.0,M,London Region,A Level or Equivalent,20-30%,35-55,0.0,60.0,N,Fail,1357.0,12.0,High,1,0,0
CCC,2014B,205425.0,M,East Anglian Region,A Level or Equivalent,50-60%,0-35,0.0,60.0,N,Distinction,1736.0,77.0,High,1,0,1
CCC,2014B,206245.0,M,North Western Region,HE Qualification,0-10%,35-55,0.0,40.0,N,Pass,2039.0,846.0,High,1,0,1
CCC,2014B,206599.0,M,South West Region,A Level or Equivalent,90-100%,0-35,0.0,90.0,N,Fail,1170.0,141.0,High,1,0,0
CCC,2014B,227192.0,M,London Region,Lower Than A Level,60-70%,0-35,0.0,60.0,N,Pass,1492.0,46.0,Low,1,0,1
CCC,2014B,227752.0,F,Yorkshire Region,Lower Than A Level,0-10%,35-55,0.0,30.0,N,Fail,1830.0,8.0,Low,1,0,0
CCC,2014B,227833.0,F,South Region,A Level or Equivalent,60-70%,35-55,0.0,60.0,N,Withdrawn,0.0,0.0,High,0,1,0
CCC,2014B,228153.0,M,West Midlands Region,Lower Than A Level,30-40%,0-35,0.0,90.0,N,Fail,128.0,0.0,Low,0,0,0
CCC,2014B,228743.0,M,South East Region,Lower Than A Level,40-50%,35-55,0.0,90.0,N,Fail,0.0,0.0,Low,0,0,0
CCC,2014B,229499.0,M,East Midlands Region,A Level or Equivalent,50-60%,0-35,0.0,90.0,N,Fail,37.0,0.0,High,0,0,0
CCC,2014B,230340.0,M,London Region,A Level or Equivalent,20-30%,0-35,0.0,60.0,N,Withdrawn,0.0,0.0,High,0,1,0
CCC,2014B,230761.0,M,North Region,A Level or Equivalent,80-90%,0-35,0.0,180.0,N,Fail,448.0,2.0,High,1,0,0
CCC,2014B,231339.0,F,Scotland,Post Graduate Qualification,80-90%,0-35,0.0,60.0,N,Distinction,2571.0,484.0,Other,1,0,1
CCC,2014B,232833.0,M,East Midlands Region,A Level or Equivalent,90-100%,0-35,0.0,60.0,N,Withdrawn,151.0,0.0,High,0,1,0
CCC,2014B,233444.0,M,London Region,Lower Than A Level,0-10%,0-35,0.0,60.0,N,Withdrawn,720.0,22.0,Low,1,1,0
CCC,2014B,234068.0,M,East Anglian Region,Lower Than A Level,80-90%,35-55,0.0,90.0,N,Fail,2.0,0.0,Low,0,0,0
CCC,2014B,234311.0,M,Scotland,A Level or Equivalent,20-30%,0-35,0.0,60.0,N,Fail,722.0,71.0,High,1,0,0
CCC,2014B,234740.0,M,West Midlands Region,Lower Than A Level,0-10%,0-35,0.0,30.0,N,Withdrawn,683.0,79.0,Low,1,1,0
CCC,2014B,235175.0,M,East Midlands Region,Lower Than A Level,40-50%,0-35,0.0,90.0,Y,Withdrawn,0.0,0.0,Low,0,1,0
CCC,2014B,236205.0,M,Ireland,HE Qualification,,35-55,0.0,30.0,N,Pass,3318.0,288.0,High,1,0,1
CCC,2014B,236620.0,M,South Region,A Level or Equivalent,30-40%,35-55,0.0,60.0,N,Pass,3134.0,1104.0,High,1,0,1
CCC,2014B,237934.0,M,Scotland,HE Qualification,80-90%,0-35,0.0,60.0,N,Fail,144.0,13.0,High,1,0,0
CCC,2014B,239707.0,M,Wales,A Level or Equivalent,50-60%,35-55,0.0,60.0,N,Withdrawn,444.0,33.0,High,1,1,0
CCC,2014B,241955.0,M,South West Region,HE Qualification,30-40%,0-35,0.0,60.0,N,Fail,313.0,21.0,High,1,0,0
CCC,2014B,242778.0,M,Scotland,HE Qualification,90-100%,35-55,0.0,90.0,N,Withdrawn,778.0,156.0,High,1,1,0
CCC,2014B,242858.0,M,East Midlands Region,A Level or Equivalent,20-30%,0-35,0.0,60.0,N,Pass,2168.0,200.0,High,1,0,1
CCC,2014B,243351.0,M,West Midlands Region,A Level or Equivalent,0-10%,0-35,0.0,90.0,N,Withdrawn,0.0,0.0,High,0,1,0
CCC,2014B,244902.0,M,East Anglian Region,A Level or Equivalent,80-90%,0-35,0.0,30.0,N,Withdrawn,134.0,0.0,High,0,1,0
CCC,2014B,244977.0,M,East Anglian Region,A Level or Equivalent,50-60%,0-35,0.0,60.0,N,Pass,3744.0,212.0,High,1,0,1
CCC,2014B,245217.0,M,East Midlands Region,A Level or Equivalent,50-60%,0-35,0.0,235.0,N,Withdrawn,947.0,46.0,High,1,1,0
CCC,2014B,245494.0,M,Scotland,HE Qualification,60-70%,35-55,0.0,90.0,N,Withdrawn,1971.0,547.0,High,1,1,0
CCC,2014B,246248.0,F,South West Region,HE Qualification,40-50%,0-35,0.0,60.0,N,Fail,4.0,0.0,High,0,0,0
CCC,2014B,247819.0,M,South East Region,Lower Than A Level,30-40%,0-35,0.0,60.0,N,Pass,1540.0,70.0,Low,1,0,1
CCC,2014B,248252.0,F,Yorkshire Region,HE Qualification,0-10%,35-55,0.0,90.0,N,Withdrawn,0.0,0.0,High,0,1,0
CCC,2014B,250092.0,M,North Western Region,A Level or Equivalent,40-50%,0-35,0.0,60.0,N,Fail,17.0,0.0,High,0,0,0
CCC,2014B,251385.0,F,East Anglian Region,A Level or Equivalent,80-90%,0-35,0.0,60.0,N,Distinction,3722.0,393.0,High,1,0,1
CCC,2014B,253859.0,M,Scotland,A Level or Equivalent,90-100%,0-35,0.0,30.0,N,Distinction,1588.0,7.0,High,1,0,1
CCC,2014B,255140.0,M,West Midlands Region,A Level or Equivalent,70-80%,0-35,0.0,120.0,N,Withdrawn,83.0,0.0,High,0,1,0
CCC,2014B,255310.0,M,East Midlands Region,HE Qualification,80-90%,0-35,0.0,90.0,N,Pass,1957.0,62.0,High,1,0,1
CCC,2014B,256532.0,M,South Region,A Level or Equivalent,50-60%,35-55,0.0,70.0,N,Withdrawn,41.0,1.0,High,1,1,0
CCC,2014B,260062.0,M,Scotland,HE Qualification,90-100%,0-35,0.0,150.0,N,Withdrawn,87.0,0.0,High,0,1,0
CCC,2014B,260949.0,F,East Anglian Region,A Level or Equivalent,40-50%,0-35,0.0,150.0,N,Pass,473.0,5.0,High,1,0,1
CCC,2014B,261042.0,M,London Region,Lower Than A Level,60-70%,0-35,0.0,120.0,N,Fail,0.0,0.0,Low,0,0,0
CCC,2014B,261265.0,M,East Anglian Region,Lower Than A Level,70-80%,0-35,0.0,120.0,N,Fail,1672.0,16.0,Low,1,0,0
CCC,2014B,261615.0,M,Yorkshire Region,HE Qualification,20-30%,0-35,0.0,60.0,N,Pass,4396.0,1304.0,High,1,0,1
CCC,2014B,262391.0,F,Yorkshire Region,A Level or Equivalent,10-20,0-35,0.0,240.0,Y,Withdrawn,463.0,35.0,High,1,1,0
CCC,2014B,264159.0,M,South West Region,A Level or Equivalent,40-50%,35-55,0.0,30.0,N,Pass,1375.0,803.0,High,1,0,1
CCC,2014B,264285.0,M,London Region,A Level or Equivalent,20-30%,0-35,0.0,60.0,N,Withdrawn,0.0,0.0,High,0,1,0
CCC,2014B,266040.0,M,East Anglian Region,A Level or Equivalent,20-30%,0-35,0.0,60.0,N,Withdrawn,469.0,37.0,High,1,1,0
CCC,2014B,266558.0,M,Yorkshire Region,A Level or Equivalent,30-40%,0-35,0.0,90.0,Y,Withdrawn,596.0,3.0,High,1,1,0
CCC,2014B,266915.0,M,North Western Region,Lower Than A Level,60-70%,35-55,0.0,60.0,N,Withdrawn,146.0,0.0,Low,0,1,0
CCC,2014B,267118.0,F,South West Region,Lower Than A Level,30-40%,0-35,0.0,90.0,Y,Withdrawn,123.0,14.0,Low,1,1,0
CCC,2014B,268018.0,M,London Region,Lower Than A Level,40-50%,0-35,0.0,60.0,N,Withdrawn,1614.0,14.0,Low,1,1,0
CCC,2014B,268127.0,F,East Anglian Region,A Level or Equivalent,70-80%,35-55,0.0,60.0,N,Withdrawn,0.0,0.0,High,0,1,0
CCC,2014B,269676.0,M,North Western Region,Lower Than A Level,20-30%,35-55,0.0,90.0,N,Pass,4470.0,49.0,Low,1,0,1
CCC,2014B,272103.0,M,Scotland,A Level or Equivalent,30-40%,35-55,0.0,90.0,Y,Withdrawn,0.0,0.0,High,0,1,0
CCC,2014B,277577.0,F,London Region,A Level or Equivalent,80-90%,35-55,0.0,120.0,N,Withdrawn,0.0,0.0,High,0,1,0
CCC,2014B,277809.0,M,South East Region,A Level or Equivalent,40-50%,35-55,0.0,60.0,N,Withdrawn,0.0,0.0,High,0,1,0
CCC,2014B,278861.0,M,Wales,A Level or Equivalent,40-50%,0-35,0.0,60.0,N,Withdrawn,10301.0,2953.0,High,1,1,0
CCC,2014B,279868.0,F,Yorkshire Region,HE Qualification,30-40%,0-35,0.0,120.0,N,Pass,280.0,66.0,High,1,0,1
CCC,2014B,279883.0,M,East Midlands Region,A Level or Equivalent,0-10%,0-35,0.0,150.0,N,Withdrawn,104.0,10.0,High,1,1,0
CCC,2014B,281261.0,M,Ireland,HE Qualification,80-90%,0-35,0.0,30.0,N,Withdrawn,569.0,69.0,High,1,1,0
CCC,2014B,281801.0,M,Wales,Post Graduate Qualification,80-90%,35-55,0.0,30.0,N,Distinction,1969.0,5.0,Other,1,0,1
CCC,2014B,282193.0,M,North Western Region,No Formal quals,20-30%,0-35,0.0,30.0,N,Pass,7920.0,494.0,Other,1,0,1
CCC,2014B,283798.0,M,London Region,Lower Than A Level,40-50%,35-55,0.0,60.0,N,Pass,898.0,4.0,Low,1,0,1
CCC,2014B,284812.0,M,Ireland,HE Qualification,80-90%,35-55,0.0,30.0,N,Distinction,3365.0,375.0,High,1,0,1
CCC,2014B,285170.0,M,London Region,A Level or Equivalent,10-20,35-55,0.0,60.0,N,Pass,11076.0,13.0,High,1,0,1
CCC,2014B,285475.0,M,Yorkshire Region,HE Qualification,30-40%,0-35,0.0,160.0,N,Pass,1127.0,337.0,High,1,0,1
CCC,2014B,289009.0,M,Yorkshire Region,HE Qualification,10-20,35-55,0.0,150.0,N,Pass,622.0,0.0,High,0,0,1
CCC,2014B,289397.0,M,South East Region,A Level or Equivalent,60-70%,0-35,0.0,60.0,Y,Withdrawn,64.0,8.0,High,1,1,0
CCC,2014B,290382.0,M,London Region,Lower Than A Level,10-20,0-35,0.0,60.0,N,Withdrawn,158.0,22.0,Low,1,1,0
CCC,2014B,291805.0,F,Wales,HE Qualification,10-20,0-35,0.0,30.0,N,Pass,3609.0,35.0,High,1,0,1
CCC,2014B,294578.0,M,London Region,HE Qualification,20-30%,0-35,0.0,60.0,N,Withdrawn,0.0,0.0,High,0,1,0
CCC,2014B,295893.0,M,East Midlands Region,A Level or Equivalent,10-20,0-35,0.0,60.0,Y,Withdrawn,541.0,3.0,High,1,1,0
CCC,2014B,296411.0,M,East Midlands Region,A Level or Equivalent,80-90%,0-35,0.0,30.0,N,Pass,1225.0,44.0,High,1,0,1
CCC,2014B,298040.0,F,South Region,HE Qualification,80-90%,35-55,0.0,30.0,N,Pass,10669.0,3088.0,High,1,0,1
CCC,2014B,300059.0,M,South Region,A Level or Equivalent,40-50%,0-35,0.0,180.0,Y,Pass,293.0,18.0,High,1,0,1
CCC,2014B,300594.0,M,East Midlands Region,A Level or Equivalent,70-80%,0-35,0.0,60.0,Y,Withdrawn,293.0,0.0,High,0,1,0
CCC,2014B,300611.0,M,North Western Region,HE Qualification,0-10%,0-35,0.0,120.0,N,Withdrawn,1077.0,0.0,High,0,1,0
CCC,2014B,301232.0,M,South West Region,HE Qualification,60-70%,0-35,0.0,30.0,N,Pass,3094.0,113.0,High,1,0,1
CCC,2014B,305783.0,M,East Anglian Region,Lower Than A Level,70-80%,0-35,0.0,60.0,N,Withdrawn,68.0,3.0,Low,1,1,0
CCC,2014B,305876.0,M,Scotland,HE Qualification,50-60%,0-35,0.0,120.0,Y,Fail,622.0,36.0,High,1,0,0
CCC,2014B,305974.0,M,West Midlands Region,A Level or Equivalent,0-10%,0-35,0.0,120.0,N,Withdrawn,0.0,0.0,High,0,1,0
CCC,2014B,306150.0,M,Scotland,A Level or Equivalent,80-90%,0-35,0.0,90.0,N,Withdrawn,0.0,0.0,High,0,1,0
CCC,2014B,308391.0,M,West Midlands Region,A Level or Equivalent,30-40%,0-35,0.0,60.0,N,Withdrawn,33.0,2.0,High,1,1,0
CCC,2014B,308918.0,F,London Region,HE Qualification,20-30%,35-55,0.0,135.0,N,Fail,267.0,10.0,High,1,0,0
CCC,2014B,309118.0,M,South Region,HE Qualification,70-80%,0-35,0.0,120.0,N,Pass,1199.0,137.0,High,1,0,1
CCC,2014B,309515.0,F,Scotland,Post Graduate Qualification,90-100%,35-55,0.0,60.0,N,Withdrawn,0.0,0.0,Other,0,1,0
CCC,2014B,310088.0,M,Ireland,Lower Than A Level,50-60%,0-35,0.0,60.0,N,Withdrawn,280.0,1.0,Low,1,1,0
CCC,2014B,311616.0,M,South West Region,HE Qualification,80-90%,0-35,0.0,30.0,N,Pass,2432.0,551.0,High,1,0,1
CCC,2014B,312886.0,F,South East Region,Lower Than A Level,80-90%,0-35,0.0,60.0,N,Fail,10.0,5.0,Low,1,0,0
CCC,2014B,314555.0,F,South Region,A Level or Equivalent,30-40%,0-35,0.0,120.0,Y,Withdrawn,169.0,42.0,High,1,1,0
CCC,2014B,315322.0,M,East Midlands Region,A Level or Equivalent,20-30%,0-35,0.0,60.0,N,Withdrawn,261.0,2.0,High,1,1,0
CCC,2014B,315728.0,M,North Region,HE Qualification,30-40%,0-35,0.0,30.0,N,Pass,1527.0,415.0,High,1,0,1
CCC,2014B,316061.0,M,North Western Region,Lower Than A Level,0-10%,0-35,0.0,180.0,Y,Fail,0.0,0.0,Low,0,0,0
CCC,2014B,316227.0,M,West Midlands Region,HE Qualification,50-60%,35-55,0.0,30.0,N,Distinction,6049.0,1722.0,High,1,0,1
CCC,2014B,318574.0,M,North Western Region,A Level or Equivalent,40-50%,0-35,0.0,90.0,N,Withdrawn,0.0,0.0,High,0,1,0
CCC,2014B,319042.0,M,London Region,A Level or Equivalent,10-20,35-55,0.0,180.0,N,Fail,3952.0,27.0,High,1,0,0
CCC,2014B,320153.0,F,Yorkshire Region,Lower Than A Level,80-90%,0-35,0.0,30.0,N,Withdrawn,695.0,25.0,Low,1,1,0
CCC,2014B,321112.0,M,North Region,A Level or Equivalent,0-10%,0-35,0.0,60.0,N,Withdrawn,0.0,0.0,High,0,1,0
CCC,2014B,324257.0,M,London Region,A Level or Equivalent,0-10%,0-35,0.0,60.0,N,Fail,465.0,25.0,High,1,0,0
CCC,2014B,325497.0,F,South West Region,A Level or Equivalent,20-30%,0-35,0.0,150.0,N,Withdrawn,615.0,138.0,High,1,1,0
CCC,2014B,328261.0,M,West Midlands Region,A Level or Equivalent,60-70%,0-35,0.0,30.0,N,Fail,197.0,20.0,High,1,0,0
CCC,2014B,329673.0,M,North Region,Lower Than A Level,,35-55,0.0,60.0,N,Pass,3238.0,453.0,Low,1,0,1
CCC,2014B,330862.0,M,North Region,A Level or Equivalent,,0-35,0.0,150.0,N,Fail,568.0,104.0,High,1,0,0
CCC,2014B,330994.0,M,East Midlands Region,Lower Than A Level,50-60%,0-35,0.0,30.0,N,Withdrawn,48.0,0.0,Low,0,1,0
CCC,2014B,335553.0,M,West Midlands Region,HE Qualification,20-30%,0-35,0.0,60.0,N,Withdrawn,558.0,38.0,High,1,1,0
CCC,2014B,335648.0,F,South East Region,Lower Than A Level,90-100%,0-35,0.0,150.0,N,Fail,108.0,0.0,Low,0,0,0
CCC,2014B,336398.0,M,North Western Region,A Level or Equivalent,20-30%,35-55,0.0,60.0,N,Distinction,1719.0,185.0,High,1,0,1
CCC,2014B,336695.0,F,East Midlands Region,A Level or Equivalent,0-10%,0-35,0.0,135.0,N,Withdrawn,1378.0,36.0,High,1,1,0
CCC,2014B,338604.0,M,Scotland,A Level or Equivalent,80-90%,0-35,0.0,210.0,N,Pass,342.0,1.0,High,1,0,1
CCC,2014B,338731.0,M,Yorkshire Region,Lower Than A Level,10-20,35-55,0.0,30.0,N,Withdrawn,9884.0,171.0,Low,1,1,0
CCC,2014B,338854.0,M,Wales,HE Qualification,40-50%,35-55,0.0,150.0,N,Withdrawn,0.0,0.0,High,0,1,0
CCC,2014B,339353.0,M,East Midlands Region,A Level or Equivalent,70-80%,0-35,0.0,120.0,N,Withdrawn,0.0,0.0,High,0,1,0
CCC,2014B,342089.0,M,North Region,HE Qualification,,35-55,0.0,90.0,N,Fail,31.0,0.0,High,0,0,0
CCC,2014B,342957.0,M,Scotland,Lower Than A Level,80-90%,0-35,0.0,60.0,N,Fail,560.0,1.0,Low,1,0,0
CCC,2014B,342974.0,M,East Anglian Region,Lower Than A Level,50-60%,0-35,0.0,60.0,N,Pass,1737.0,307.0,Low,1,0,1
CCC,2014B,344367.0,M,North Region,Lower Than A Level,30-40%,0-35,0.0,90.0,N,Fail,345.0,33.0,Low,1,0,0
CCC,2014B,344396.0,F,Wales,A Level or Equivalent,50-60%,0-35,0.0,30.0,N,Fail,169.0,25.0,High,1,0,0
CCC,2014B,345256.0,M,Scotland,HE Qualification,70-80%,0-35,0.0,30.0,N,Pass,3138.0,422.0,High,1,0,1
CCC,2014B,347257.0,M,North Western Region,Lower Than A Level,90-100%,0-35,0.0,120.0,N,Withdrawn,0.0,0.0,Low,0,1,0
CCC,2014B,347518.0,M,Scotland,A Level or Equivalent,10-20,35-55,0.0,120.0,N,Withdrawn,0.0,0.0,High,0,1,0
CCC,2014B,347764.0,M,South East Region,Lower Than A Level,0-10%,0-35,0.0,90.0,N,Fail,85.0,3.0,Low,1,0,0
CCC,2014B,348050.0,M,London Region,A Level or Equivalent,40-50%,0-35,0.0,90.0,N,Fail,466.0,33.0,High,1,0,0
CCC,2014B,348159.0,F,London Region,HE Qualification,0-10%,0-35,0.0,30.0,N,Pass,1486.0,44.0,High,1,0,1
CCC,2014B,349069.0,M,South West Region,Lower Than A Level,0-10%,0-35,0.0,60.0,N,Fail,91.0,0.0,Low,0,0,0
CCC,2014B,351328.0,F,North Region,Lower Than A Level,0-10%,0-35,0.0,60.0,N,Withdrawn,2118.0,137.0,Low,1,1,0
CCC,2014B,351577.0,M,Scotland,A Level or Equivalent,50-60%,0-35,0.0,90.0,N,Pass,959.0,87.0,High,1,0,1
CCC,2014B,351775.0,F,Scotland,HE Qualification,40-50%,35-55,0.0,90.0,N,Pass,5332.0,1473.0,High,1,0,1
CCC,2014B,353066.0,M,East Midlands Region,A Level or Equivalent,30-40%,0-35,0.0,90.0,N,Withdrawn,0.0,0.0,High,0,1,0
CCC,2014B,353660.0,M,West Midlands Region,A Level or Equivalent,60-70%,0-35,0.0,30.0,N,Withdrawn,219.0,53.0,High,1,1,0
CCC,2014B,353804.0,M,North Western Region,HE Qualification,30-40%,35-55,0.0,60.0,N,Withdrawn,1927.0,50.0,High,1,1,0
CCC,2014B,353979.0,M,London Region,Lower Than A Level,20-30%,0-35,0.0,90.0,N,Withdrawn,71.0,3.0,Low,1,1,0
CCC,2014B,354607.0,F,Wales,Lower Than A Level,20-30%,35-55,0.0,120.0,N,Pass,730.0,41.0,Low,1,0,1
CCC,2014B,355143.0,M,North Western Region,A Level or Equivalent,70-80%,35-55,0.0,30.0,N,Fail,484.0,8.0,High,1,0,0
CCC,2014B,356274.0,M,Scotland,A Level or Equivalent,10-20,0-35,0.0,90.0,N,Fail,58.0,13.0,High,1,0,0
CCC,2014B,356523.0,M,West Midlands Region,Lower Than A Level,0-10%,0-35,0.0,60.0,N,Withdrawn,4988.0,307.0,Low,1,1,0
CCC,2014B,357176.0,M,South West Region,HE Qualification,50-60%,35-55,0.0,90.0,N,Pass,4648.0,1109.0,High,1,0,1
CCC,2014B,357214.0,F,South West Region,Lower Than A Level,10-20,0-35,0.0,60.0,Y,Withdrawn,6.0,0.0,Low,0,1,0
CCC,2014B,357485.0,M,South West Region,A Level or Equivalent,30-40%,35-55,0.0,60.0,N,Withdrawn,0.0,0.0,High,0,1,0
CCC,2014B,357851.0,M,East Anglian Region,Lower Than A Level,50-60%,0-35,0.0,90.0,Y,Withdrawn,194.0,8.0,Low,1,1,0
CCC,2014B,357942.0,F,East Anglian Region,Lower Than A Level,50-60%,0-35,0.0,70.0,N,Withdrawn,1522.0,7.0,Low,1,1,0
CCC,2014B,358075.0,F,South West Region,A Level or Equivalent,80-90%,0-35,0.0,60.0,N,Withdrawn,536.0,125.0,High,1,1,0
CCC,2014B,359114.0,F,Yorkshire Region,A Level or Equivalent,0-10%,0-35,0.0,60.0,Y,Pass,913.0,17.0,High,1,0,1
CCC,2014B,359460.0,F,South East Region,A Level or Equivalent,60-70%,0-35,0.0,90.0,Y,Withdrawn,229.0,14.0,High,1,1,0
CCC,2014B,360547.0,M,South Region,A Level or Equivalent,70-80%,0-35,0.0,30.0,N,Withdrawn,39.0,0.0,High,0,1,0
CCC,2014B,361410.0,F,London Region,A Level or Equivalent,60-70%,0-35,0.0,145.0,N,Pass,1201.0,46.0,High,1,0,1
CCC,2014B,362223.0,F,South Region,A Level or Equivalent,60-70%,0-35,0.0,60.0,N,Pass,1039.0,112.0,High,1,0,1
CCC,2014B,362661.0,M,North Western Region,A Level or Equivalent,30-40%,0-35,0.0,90.0,N,Withdrawn,171.0,0.0,High,0,1,0
CCC,2014B,363374.0,M,Wales,Lower Than A Level,40-50%,35-55,0.0,30.0,N,Fail,247.0,19.0,Low,1,0,0
CCC,2014B,363773.0,F,South East Region,A Level or Equivalent,70-80%,35-55,0.0,90.0,N,Pass,2699.0,937.0,High,1,0,1
CCC,2014B,363906.0,M,North Western Region,HE Qualification,0-10%,35-55,0.0,30.0,N,Fail,1085.0,106.0,High,1,0,0
CCC,2014B,363939.0,M,West Midlands Region,Lower Than A Level,30-40%,0-35,0.0,60.0,N,Fail,808.0,40.0,Low,1,0,0
CCC,2014B,364920.0,M,Scotland,HE Qualification,50-60%,0-35,0.0,60.0,N,Withdrawn,6.0,0.0,High,0,1,0
CCC,2014B,365993.0,M,South West Region,A Level or Equivalent,80-90%,0-35,0.0,90.0,N,Fail,162.0,9.0,High,1,0,0
CCC,2014B,366310.0,M,North Region,Lower Than A Level,20-30%,0-35,0.0,30.0,N,Pass,1160.0,368.0,Low,1,0,1
CCC,2014B,366424.0,F,South Region,HE Qualification,20-30%,0-35,0.0,135.0,N,Withdrawn,224.0,3.0,High,1,1,0
CCC,2014B,366872.0,F,South East Region,Lower Than A Level,20-30%,0-35,0.0,120.0,N,Withdrawn,0.0,0.0,Low,0,1,0
CCC,2014B,367807.0,M,South West Region,Lower Than A Level,30-40%,0-35,0.0,60.0,N,Withdrawn,0.0,0.0,Low,0,1,0
CCC,2014B,368483.0,M,North Western Region,HE Qualification,0-10%,0-35,0.0,60.0,N,Withdrawn,0.0,0.0,High,0,1,0
CCC,2014B,368876.0,M,East Midlands Region,Lower Than A Level,90-100%,0-35,0.0,60.0,N,Fail,554.0,15.0,Low,1,0,0
CCC,2014B,369908.0,M,Scotland,HE Qualification,70-80%,35-55,0.0,60.0,N,Withdrawn,0.0,0.0,High,0,1,0
CCC,2014B,370336.0,M,East Midlands Region,Lower Than A Level,30-40%,0-35,0.0,150.0,N,Fail,174.0,0.0,Low,0,0,0
CCC,2014B,371113.0,M,East Anglian Region,Lower Than A Level,50-60%,0-35,0.0,60.0,Y,Withdrawn,25.0,5.0,Low,1,1,0
CCC,2014B,371526.0,M,London Region,A Level or Equivalent,80-90%,0-35,0.0,150.0,N,Pass,608.0,48.0,High,1,0,1
CCC,2014B,371901.0,F,London Region,HE Qualification,30-40%,0-35,0.0,30.0,N,Pass,403.0,3.0,High,1,0,1
CCC,2014B,372812.0,M,South East Region,A Level or Equivalent,20-30%,0-35,0.0,60.0,N,Withdrawn,93.0,4.0,High,1,1,0
CCC,2014B,374028.0,M,London Region,Lower Than A Level,40-50%,0-35,0.0,30.0,N,Distinction,3676.0,287.0,Low,1,0,1
CCC,2014B,374055.0,F,Yorkshire Region,A Level or Equivalent,60-70%,35-55,0.0,90.0,N,Withdrawn,2.0,0.0,High,0,1,0
CCC,2014B,374756.0,M,South West Region,A Level or Equivalent,50-60%,0-35,0.0,60.0,N,Distinction,1206.0,213.0,High,1,0,1
CCC,2014B,375688.0,M,North Western Region,A Level or Equivalent,60-70%,35-55,0.0,90.0,N,Withdrawn,133.0,5.0,High,1,1,0
CCC,2014B,376701.0,M,South West Region,A Level or Equivalent,20-30%,0-35,0.0,90.0,N,Withdrawn,280.0,13.0,High,1,1,0
CCC,2014B,378920.0,M,West Midlands Region,Lower Than A Level,20-30%,0-35,0.0,60.0,N,Pass,2238.0,333.0,Low,1,0,1
CCC,2014B,379406.0,F,London Region,A Level or Equivalent,40-50%,0-35,0.0,90.0,N,Withdrawn,3185.0,52.0,High,1,1,0
CCC,2014B,381240.0,M,East Anglian Region,A Level or Equivalent,40-50%,0-35,0.0,30.0,N,Fail,360.0,48.0,High,1,0,0
CCC,2014B,381927.0,F,North Western Region,A Level or Equivalent,40-50%,0-35,0.0,30.0,N,Distinction,899.0,186.0,High,1,0,1
CCC,2014B,383015.0,F,Scotland,HE Qualification,40-50%,35-55,0.0,150.0,Y,Withdrawn,0.0,0.0,High,0,1,0
CCC,2014B,383140.0,M,West Midlands Region,A Level or Equivalent,50-60%,0-35,0.0,30.0,N,Pass,562.0,102.0,High,1,0,1
CCC,2014B,383158.0,M,Scotland,HE Qualification,90-100%,0-35,0.0,30.0,N,Pass,1491.0,38.0,High,1,0,1
CCC,2014B,383311.0,M,North Region,A Level or Equivalent,60-70%,0-35,0.0,60.0,N,Fail,60.0,0.0,High,0,0,0
CCC,2014B,383347.0,M,North Region,Post Graduate Qualification,,55<=,0.0,60.0,N,Distinction,2753.0,511.0,Other,1,0,1
CCC,2014B,383372.0,F,Scotland,Lower Than A Level,0-10%,35-55,0.0,90.0,N,Pass,2409.0,951.0,Low,1,0,1
CCC,2014B,383971.0,F,South Region,A Level or Equivalent,,0-35,0.0,60.0,N,Fail,770.0,0.0,High,0,0,0
CCC,2014B,385120.0,M,South West Region,Lower Than A Level,0-10%,35-55,0.0,90.0,N,Withdrawn,722.0,55.0,Low,1,1,0
CCC,2014B,385387.0,F,North Region,HE Qualification,,0-35,0.0,90.0,N,Distinction,6059.0,1357.0,High,1,0,1
CCC,2014B,385980.0,M,London Region,A Level or Equivalent,60-70%,0-35,0.0,90.0,N,Withdrawn,358.0,27.0,High,1,1,0
CCC,2014B,386121.0,M,London Region,Lower Than A Level,0-10%,0-35,0.0,90.0,N,Withdrawn,236.0,0.0,Low,0,1,0
CCC,2014B,386189.0,M,East Anglian Region,Lower Than A Level,90-100%,0-35,0.0,120.0,N,Withdrawn,110.0,1.0,Low,1,1,0
CCC,2014B,386671.0,M,North Western Region,Lower Than A Level,30-40%,0-35,0.0,150.0,N,Withdrawn,0.0,0.0,Low,0,1,0
CCC,2014B,387009.0,F,Wales,A Level or Equivalent,10-20,0-35,0.0,60.0,N,Pass,1577.0,626.0,High,1,0,1
CCC,2014B,388538.0,M,East Anglian Region,HE Qualification,70-80%,0-35,0.0,30.0,N,Pass,3863.0,457.0,High,1,0,1
CCC,2014B,388708.0,M,London Region,HE Qualification,60-70%,0-35,0.0,30.0,N,Withdrawn,558.0,10.0,High,1,1,0
CCC,2014B,388750.0,F,East Anglian Region,A Level or Equivalent,90-100%,35-55,0.0,210.0,Y,Withdrawn,276.0,13.0,High,1,1,0
CCC,2014B,389680.0,M,North Region,Lower Than A Level,,0-35,0.0,150.0,N,Withdrawn,0.0,0.0,Low,0,1,0
CCC,2014B,390233.0,M,South Region,Lower Than A Level,50-60%,35-55,0.0,60.0,Y,Withdrawn,0.0,0.0,Low,0,1,0
CCC,2014B,391343.0,M,West Midlands Region,Lower Than A Level,20-30%,0-35,0.0,150.0,N,Fail,306.0,2.0,Low,1,0,0
CCC,2014B,391419.0,M,South East Region,A Level or Equivalent,10-20,35-55,0.0,30.0,N,Fail,2275.0,27.0,High,1,0,0
CCC,2014B,392289.0,M,South East Region,A Level or Equivalent,50-60%,0-35,0.0,30.0,N,Withdrawn,0.0,0.0,High,0,1,0
CCC,2014B,392526.0,F,East Anglian Region,A Level or Equivalent,30-40%,35-55,0.0,30.0,N,Pass,1270.0,27.0,High,1,0,1
CCC,2014B,394311.0,M,London Region,Lower Than A Level,80-90%,0-35,0.0,30.0,N,Pass,1503.0,200.0,Low,1,0,1
CCC,2014B,394341.0,M,South East Region,A Level or Equivalent,10-20,35-55,0.0,90.0,N,Fail,228.0,1.0,High,1,0,0
CCC,2014B,394791.0,F,North Western Region,Lower Than A Level,40-50%,0-35,0.0,90.0,Y,Withdrawn,1114.0,4.0,Low,1,1,0
CCC,2014B,395164.0,M,Yorkshire Region,A Level or Equivalent,20-30%,0-35,0.0,150.0,Y,Withdrawn,24.0,0.0,High,0,1,0
CCC,2014B,396825.0,M,Ireland,A Level or Equivalent,50-60%,0-35,0.0,80.0,N,Pass,951.0,59.0,High,1,0,1
CCC,2014B,397149.0,M,South Region,Lower Than A Level,10-20,0-35,0.0,90.0,N,Withdrawn,10.0,0.0,Low,0,1,0
CCC,2014B,397506.0,F,South Region,Lower Than A Level,90-100%,0-35,0.0,120.0,N,Pass,3662.0,546.0,Low,1,0,1
CCC,2014B,397797.0,M,South Region,A Level or Equivalent,40-50%,0-35,0.0,60.0,N,Withdrawn,1.0,0.0,High,0,1,0
CCC,2014B,398487.0,M,South East Region,A Level or Equivalent,50-60%,0-35,0.0,30.0,N,Fail,1802.0,5.0,High,1,0,0
CCC,2014B,398877.0,M,London Region,Lower Than A Level,20-30%,0-35,0.0,90.0,N,Withdrawn,4.0,0.0,Low,0,1,0
CCC,2014B,399863.0,M,West Midlands Region,A Level or Equivalent,30-40%,0-35,0.0,270.0,N,Withdrawn,0.0,0.0,High,0,1,0
CCC,2014B,400063.0,M,Wales,Lower Than A Level,30-40%,0-35,0.0,90.0,N,Withdrawn,3.0,0.0,Low,0,1,0
CCC,2014B,401296.0,F,East Anglian Region,A Level or Equivalent,20-30%,35-55,0.0,60.0,N,Pass,1339.0,3.0,High,1,0,1
CCC,2014B,401903.0,M,Wales,A Level or Equivalent,30-40%,0-35,0.0,60.0,N,Pass,917.0,57.0,High,1,0,1
CCC,2014B,403085.0,M,East Midlands Region,Lower Than A Level,90-100%,35-55,0.0,60.0,N,Pass,2488.0,506.0,Low,1,0,1
CCC,2014B,404239.0,M,Scotland,A Level or Equivalent,40-50%,0-35,0.0,60.0,Y,Fail,41.0,8.0,High,1,0,0
CCC,2014B,405192.0,F,East Midlands Region,A Level or Equivalent,60-70%,0-35,0.0,90.0,N,Withdrawn,0.0,0.0,High,0,1,0
CCC,2014B,406265.0,M,Scotland,Lower Than A Level,40-50%,0-35,0.0,30.0,Y,Withdrawn,223.0,4.0,Low,1,1,0
CCC,2014B,406337.0,F,North Region,A Level or Equivalent,0-10%,0-35,0.0,30.0,N,Withdrawn,74.0,0.0,High,0,1,0
CCC,2014B,406846.0,M,South West Region,Lower Than A Level,40-50%,0-35,0.0,30.0,N,Fail,188.0,0.0,Low,0,0,0
CCC,2014B,406908.0,M,Yorkshire Region,Lower Than A Level,30-40%,0-35,0.0,90.0,N,Fail,802.0,40.0,Low,1,0,0
CCC,2014B,406937.0,F,South Region,Lower Than A Level,90-100%,35-55,0.0,60.0,N,Withdrawn,287.0,1.0,Low,1,1,0
CCC,2014B,407453.0,M,East Anglian Region,A Level or Equivalent,40-50%,0-35,0.0,60.0,N,Withdrawn,2029.0,714.0,High,1,1,0
CCC,2014B,407818.0,M,South Region,HE Qualification,20-30%,35-55,0.0,30.0,N,Fail,367.0,1.0,High,1,0,0
CCC,2014B,408371.0,M,East Midlands Region,A Level or Equivalent,20-30%,0-35,0.0,30.0,N,Withdrawn,100.0,0.0,High,0,1,0
CCC,2014B,408413.0,M,Wales,A Level or Equivalent,30-40%,0-35,0.0,60.0,N,Fail,839.0,236.0,High,1,0,0
CCC,2014B,409540.0,M,North Western Region,HE Qualification,30-40%,0-35,0.0,30.0,N,Withdrawn,288.0,0.0,High,0,1,0
CCC,2014B,410203.0,F,South Region,HE Qualification,70-80%,35-55,0.0,30.0,N,Pass,1749.0,33.0,High,1,0,1
CCC,2014B,410407.0,M,South Region,HE Qualification,90-100%,35-55,0.0,30.0,N,Distinction,5647.0,1707.0,High,1,0,1
CCC,2014B,410699.0,M,Yorkshire Region,HE Qualification,80-90%,0-35,0.0,30.0,N,Pass,550.0,28.0,High,1,0,1
CCC,2014B,410886.0,F,Scotland,A Level or Equivalent,90-100%,0-35,0.0,90.0,N,Withdrawn,433.0,288.0,High,1,1,0
CCC,2014B,412258.0,F,South East Region,A Level or Equivalent,70-80%,0-35,0.0,40.0,N,Distinction,2261.0,152.0,High,1,0,1
CCC,2014B,412268.0,M,South Region,Lower Than A Level,30-40%,35-55,0.0,30.0,N,Withdrawn,787.0,78.0,Low,1,1,0
CCC,2014B,412284.0,M,East Midlands Region,A Level or Equivalent,80-90%,0-35,0.0,150.0,Y,Fail,851.0,89.0,High,1,0,0
CCC,2014B,413083.0,M,Yorkshire Region,HE Qualification,0-10%,35-55,0.0,60.0,N,Fail,1065.0,20.0,High,1,0,0
CCC,2014B,416500.0,M,South East Region,A Level or Equivalent,90-100%,0-35,0.0,90.0,N,Withdrawn,178.0,17.0,High,1,1,0
CCC,2014B,416689.0,F,Scotland,A Level or Equivalent,70-80%,0-35,0.0,120.0,N,Pass,1126.0,186.0,High,1,0,1
CCC,2014B,416860.0,F,East Midlands Region,A Level or Equivalent,20-30%,0-35,0.0,60.0,N,Withdrawn,1267.0,81.0,High,1,1,0
CCC,2014B,417820.0,M,London Region,A Level or Equivalent,90-100%,0-35,0.0,60.0,N,Pass,384.0,6.0,High,1,0,1
CCC,2014B,418224.0,F,Ireland,HE Qualification,,35-55,0.0,60.0,N,Fail,1860.0,33.0,High,1,0,0
CCC,2014B,418623.0,M,South West Region,A Level or Equivalent,30-40%,0-35,0.0,90.0,Y,Pass,2529.0,166.0,High,1,0,1
CCC,2014B,418971.0,M,East Midlands Region,Lower Than A Level,40-50%,0-35,0.0,60.0,N,Withdrawn,731.0,74.0,Low,1,1,0
CCC,2014B,419233.0,F,Wales,HE Qualification,80-90%,0-35,0.0,120.0,N,Fail,129.0,4.0,High,1,0,0
CCC,2014B,419536.0,M,West Midlands Region,A Level or Equivalent,70-80%,35-55,0.0,60.0,N,Withdrawn,174.0,1.0,High,1,1,0
CCC,2014B,420345.0,M,East Midlands Region,Lower Than A Level,0-10%,0-35,0.0,60.0,N,Pass,649.0,0.0,Low,0,0,1
CCC,2014B,420428.0,M,South Region,HE Qualification,50-60%,35-55,0.0,60.0,N,Withdrawn,0.0,0.0,High,0,1,0
CCC,2014B,420528.0,M,Ireland,A Level or Equivalent,70-80%,35-55,0.0,90.0,N,Distinction,2229.0,280.0,High,1,0,1
CCC,2014B,420935.0,M,South West Region,HE Qualification,40-50%,35-55,0.0,30.0,N,Distinction,8504.0,3137.0,High,1,0,1
CCC,2014B,421209.0,F,London Region,HE Qualification,20-30%,0-35,0.0,60.0,Y,Pass,2055.0,50.0,High,1,0,1
CCC,2014B,421712.0,M,North Western Region,A Level or Equivalent,0-10%,0-35,0.0,90.0,N,Withdrawn,293.0,14.0,High,1,1,0
CCC,2014B,423879.0,M,South Region,A Level or Equivalent,40-50%,35-55,0.0,30.0,N,Distinction,4641.0,974.0,High,1,0,1
CCC,2014B,424082.0,M,Scotland,HE Qualification,70-80%,0-35,0.0,30.0,N,Pass,1272.0,74.0,High,1,0,1
CCC,2014B,424112.0,F,Ireland,A Level or Equivalent,,0-35,0.0,60.0,N,Pass,787.0,37.0,High,1,0,1
CCC,2014B,424950.0,M,West Midlands Region,Lower Than A Level,80-90%,0-35,0.0,45.0,N,Pass,428.0,0.0,Low,0,0,1
CCC,2014B,425287.0,M,London Region,Post Graduate Qualification,30-40%,35-55,0.0,90.0,N,Withdrawn,1123.0,4.0,Other,1,1,0
CCC,2014B,425714.0,M,South Region,Lower Than A Level,10-20,0-35,0.0,60.0,N,Withdrawn,0.0,0.0,Low,0,1,0
CCC,2014B,426610.0,F,Scotland,A Level or Equivalent,50-60%,0-35,0.0,120.0,Y,Pass,3132.0,5.0,High,1,0,1
CCC,2014B,426616.0,F,Scotland,HE Qualification,90-100%,0-35,0.0,60.0,Y,Fail,1367.0,65.0,High,1,0,0
CCC,2014B,429065.0,M,Scotland,Lower Than A Level,70-80%,35-55,0.0,30.0,N,Fail,834.0,5.0,Low,1,0,0
CCC,2014B,429185.0,F,North Region,A Level or Equivalent,,0-35,0.0,90.0,N,Distinction,2452.0,1276.0,High,1,0,1
CCC,2014B,429220.0,F,Yorkshire Region,Lower Than A Level,20-30%,0-35,0.0,60.0,N,Withdrawn,0.0,0.0,Low,0,1,0
CCC,2014B,430686.0,M,West Midlands Region,A Level or Equivalent,,0-35,0.0,90.0,N,Pass,1198.0,294.0,High,1,0,1
CCC,2014B,431014.0,M,East Anglian Region,A Level or Equivalent,50-60%,0-35,0.0,90.0,N,Fail,1030.0,19.0,High,1,0,0
CCC,2014B,431386.0,M,East Anglian Region,A Level or Equivalent,90-100%,0-35,0.0,60.0,N,Pass,204.0,0.0,High,0,0,1
CCC,2014B,432278.0,M,East Anglian Region,A Level or Equivalent,90-100%,0-35,0.0,90.0,N,Withdrawn,542.0,38.0,High,1,1,0
CCC,2014B,432718.0,F,East Anglian Region,A Level or Equivalent,80-90%,35-55,0.0,90.0,N,Withdrawn,146.0,6.0,High,1,1,0
CCC,2014B,434562.0,M,South West Region,A Level or Equivalent,30-40%,35-55,0.0,60.0,N,Pass,1654.0,290.0,High,1,0,1
CCC,2014B,434573.0,M,West Midlands Region,A Level or Equivalent,0-10%,0-35,0.0,60.0,N,Fail,0.0,0.0,High,0,0,0
CCC,2014B,435271.0,M,South Region,Lower Than A Level,40-50%,0-35,0.0,90.0,N,Withdrawn,460.0,81.0,Low,1,1,0
CCC,2014B,436058.0,M,North Western Region,A Level or Equivalent,10-20,0-35,0.0,30.0,N,Pass,849.0,1.0,High,1,0,1
CCC,2014B,437432.0,F,Yorkshire Region,Lower Than A Level,90-100%,0-35,0.0,75.0,N,Withdrawn,0.0,0.0,Low,0,1,0
CCC,2014B,438313.0,M,West Midlands Region,A Level or Equivalent,20-30%,0-35,0.0,180.0,N,Withdrawn,366.0,11.0,High,1,1,0
CCC,2014B,438796.0,M,South Region,Post Graduate Qualification,90-100%,35-55,0.0,120.0,N,Pass,873.0,78.0,Other,1,0,1
CCC,2014B,439669.0,M,Yorkshire Region,A Level or Equivalent,60-70%,0-35,0.0,60.0,N,Withdrawn,47.0,0.0,High,0,1,0
CCC,2014B,440171.0,F,Scotland,HE Qualification,40-50%,0-35,0.0,60.0,N,Withdrawn,1284.0,155.0,High,1,1,0
CCC,2014B,440297.0,F,Wales,A Level or Equivalent,90-100%,0-35,0.0,170.0,N,Withdrawn,11.0,0.0,High,0,1,0
CCC,2014B,440323.0,F,London Region,Lower Than A Level,0-10%,0-35,0.0,30.0,Y,Withdrawn,918.0,147.0,Low,1,1,0
CCC,2014B,440591.0,F,West Midlands Region,Lower Than A Level,0-10%,0-35,0.0,100.0,Y,Withdrawn,7.0,0.0,Low,0,1,0
CCC,2014B,440905.0,M,West Midlands Region,A Level or Equivalent,90-100%,0-35,0.0,30.0,N,Fail,572.0,14.0,High,1,0,0
CCC,2014B,441540.0,M,South East Region,Lower Than A Level,80-90%,0-35,0.0,60.0,N,Withdrawn,667.0,101.0,Low,1,1,0
CCC,2014B,441606.0,M,East Midlands Region,Lower Than A Level,10-20,0-35,0.0,180.0,N,Withdrawn,195.0,4.0,Low,1,1,0
CCC,2014B,442530.0,M,South East Region,Lower Than A Level,90-100%,0-35,0.0,120.0,Y,Withdrawn,0.0,0.0,Low,0,1,0
CCC,2014B,442954.0,M,North Region,A Level or Equivalent,10-20,0-35,0.0,60.0,N,Withdrawn,62.0,0.0,High,0,1,0
CCC,2014B,445777.0,M,Scotland,HE Qualification,80-90%,0-35,0.0,30.0,N,Distinction,2026.0,400.0,High,1,0,1
CCC,2014B,445917.0,M,North Western Region,HE Qualification,90-100%,0-35,0.0,90.0,N,Distinction,2166.0,34.0,High,1,0,1
CCC,2014B,445972.0,M,East Anglian Region,Post Graduate Qualification,90-100%,0-35,0.0,60.0,N,Distinction,1223.0,211.0,Other,1,0,1
CCC,2014B,446295.0,M,Wales,Lower Than A Level,20-30%,0-35,0.0,60.0,N,Fail,223.0,0.0,Low,0,0,0
CCC,2014B,446628.0,M,North Western Region,Lower Than A Level,80-90%,0-35,0.0,90.0,N,Withdrawn,85.0,5.0,Low,1,1,0
CCC,2014B,447306.0,F,London Region,HE Qualification,30-40%,0-35,0.0,30.0,N,Fail,87.0,0.0,High,0,0,0
CCC,2014B,464236.0,M,London Region,HE Qualification,90-100%,55<=,0.0,70.0,N,Withdrawn,473.0,12.0,High,1,1,0
CCC,2014B,464724.0,M,South Region,Lower Than A Level,,35-55,0.0,60.0,N,Withdrawn,429.0,14.0,Low,1,1,0
CCC,2014B,465194.0,M,North Western Region,A Level or Equivalent,50-60%,0-35,0.0,120.0,N,Withdrawn,0.0,0.0,High,0,1,0
CCC,2014B,465406.0,M,North Western Region,A Level or Equivalent,60-70%,0-35,0.0,60.0,N,Pass,778.0,30.0,High,1,0,1
CCC,2014B,465517.0,M,West Midlands Region,Lower Than A Level,30-40%,0-35,0.0,45.0,N,Withdrawn,191.0,17.0,Low,1,1,0
CCC,2014B,465719.0,M,Scotland,Lower Than A Level,0-10%,0-35,0.0,210.0,N,Fail,33.0,0.0,Low,0,0,0
CCC,2014B,465764.0,F,East Midlands Region,Lower Than A Level,30-40%,35-55,0.0,130.0,Y,Withdrawn,139.0,10.0,Low,1,1,0
CCC,2014B,465843.0,M,West Midlands Region,A Level or Equivalent,0-10%,0-35,0.0,120.0,N,Fail,1194.0,63.0,High,1,0,0
CCC,2014B,466289.0,M,Ireland,Lower Than A Level,60-70%,0-35,0.0,30.0,N,Pass,6364.0,518.0,Low,1,0,1
CCC,2014B,466714.0,M,South West Region,A Level or Equivalent,40-50%,0-35,0.0,120.0,Y,Withdrawn,205.0,1.0,High,1,1,0
CCC,2014B,467230.0,M,East Anglian Region,A Level or Equivalent,0-10%,0-35,0.0,90.0,N,Pass,566.0,7.0,High,1,0,1
CCC,2014B,467753.0,M,Ireland,Post Graduate Qualification,,35-55,0.0,30.0,N,Withdrawn,313.0,1.0,Other,1,1,0
CCC,2014B,467894.0,F,West Midlands Region,A Level or Equivalent,0-10%,0-35,0.0,60.0,N,Fail,103.0,4.0,High,1,0,0
CCC,2014B,468753.0,M,West Midlands Region,A Level or Equivalent,10-20,0-35,0.0,60.0,N,Fail,411.0,23.0,High,1,0,0
CCC,2014B,469113.0,M,South East Region,A Level or Equivalent,90-100%,35-55,0.0,60.0,N,Withdrawn,218.0,6.0,High,1,1,0
CCC,2014B,469732.0,M,East Midlands Region,Lower Than A Level,30-40%,0-35,0.0,30.0,N,Withdrawn,26.0,1.0,Low,1,1,0
CCC,2014B,469761.0,F,South West Region,A Level or Equivalent,90-100%,0-35,0.0,60.0,N,Distinction,3523.0,162.0,High,1,0,1
CCC,2014B,470002.0,M,Wales,HE Qualification,70-80%,35-55,0.0,90.0,N,Withdrawn,372.0,15.0,High,1,1,0
CCC,2014B,471018.0,M,West Midlands Region,Lower Than A Level,60-70%,35-55,0.0,60.0,N,Withdrawn,163.0,11.0,Low,1,1,0
CCC,2014B,471580.0,M,Yorkshire Region,Lower Than A Level,80-90%,0-35,0.0,90.0,N,Withdrawn,2591.0,414.0,Low,1,1,0
CCC,2014B,471657.0,M,North Western Region,Lower Than A Level,0-10%,35-55,0.0,30.0,N,Pass,764.0,0.0,Low,0,0,1
CCC,2014B,471979.0,M,South West Region,Lower Than A Level,30-40%,0-35,0.0,60.0,N,Pass,3063.0,63.0,Low,1,0,1
CCC,2014B,472087.0,M,East Midlands Region,HE Qualification,30-40%,0-35,0.0,60.0,N,Pass,1482.0,542.0,High,1,0,1
CCC,2014B,472309.0,F,London Region,Post Graduate Qualification,20-30%,35-55,0.0,60.0,N,Withdrawn,691.0,3.0,Other,1,1,0
CCC,2014B,472856.0,M,Wales,HE Qualification,30-40%,0-35,0.0,90.0,N,Withdrawn,5.0,0.0,High,0,1,0
CCC,2014B,473965.0,M,East Midlands Region,A Level or Equivalent,60-70%,35-55,0.0,60.0,N,Pass,1303.0,97.0,High,1,0,1
CCC,2014B,474283.0,M,South Region,A Level or Equivalent,80-90%,0-35,0.0,120.0,N,Fail,388.0,47.0,High,1,0,0
CCC,2014B,474377.0,M,North Region,Lower Than A Level,,35-55,0.0,120.0,N,Withdrawn,0.0,0.0,Low,0,1,0
CCC,2014B,474759.0,F,South Region,Lower Than A Level,90-100%,35-55,0.0,30.0,Y,Fail,152.0,0.0,Low,0,0,0
CCC,2014B,475149.0,M,East Midlands Region,HE Qualification,80-90%,0-35,0.0,30.0,N,Withdrawn,1145.0,329.0,High,1,1,0
CCC,2014B,475443.0,M,West Midlands Region,Lower Than A Level,10-20,0-35,0.0,60.0,N,Withdrawn,0.0,0.0,Low,0,1,0
CCC,2014B,475556.0,M,East Midlands Region,A Level or Equivalent,90-100%,0-35,0.0,30.0,N,Withdrawn,67.0,1.0,High,1,1,0
CCC,2014B,475945.0,F,Yorkshire Region,HE Qualification,70-80%,35-55,0.0,90.0,N,Pass,2909.0,1278.0,High,1,0,1
CCC,2014B,476108.0,F,East Midlands Region,Lower Than A Level,80-90%,0-35,0.0,30.0,N,Distinction,2007.0,232.0,Low,1,0,1
CCC,2014B,476868.0,F,Wales,Lower Than A Level,10-20,35-55,0.0,60.0,Y,Withdrawn,117.0,37.0,Low,1,1,0
CCC,2014B,476937.0,M,South East Region,Lower Than A Level,60-70%,35-55,0.0,60.0,N,Fail,2419.0,381.0,Low,1,0,0
CCC,2014B,477067.0,F,South Region,A Level or Equivalent,80-90%,0-35,0.0,30.0,N,Pass,3324.0,717.0,High,1,0,1
CCC,2014B,478025.0,M,South West Region,No Formal quals,20-30%,0-35,0.0,60.0,N,Withdrawn,214.0,21.0,Other,1,1,0
CCC,2014B,478212.0,M,Scotland,HE Qualification,20-30%,0-35,0.0,90.0,N,Fail,397.0,6.0,High,1,0,0
CCC,2014B,478550.0,M,East Anglian Region,A Level or Equivalent,10-20,0-35,0.0,60.0,N,Fail,3693.0,540.0,High,1,0,0
CCC,2014B,478977.0,F,North Western Region,HE Qualification,0-10%,0-35,0.0,60.0,N,Withdrawn,270.0,28.0,High,1,1,0
CCC,2014B,479607.0,M,Wales,A Level or Equivalent,20-30%,35-55,0.0,180.0,N,Fail,220.0,25.0,High,1,0,0
CCC,2014B,479714.0,M,Yorkshire Region,Lower Than A Level,60-70%,0-35,0.0,90.0,N,Withdrawn,0.0,0.0,Low,0,1,0
CCC,2014B,479725.0,M,North Western Region,Lower Than A Level,20-30%,0-35,0.0,60.0,N,Fail,34.0,4.0,Low,1,0,0
CCC,2014B,479753.0,F,Scotland,A Level or Equivalent,20-30%,0-35,0.0,60.0,Y,Withdrawn,324.0,13.0,High,1,1,0
CCC,2014B,480604.0,M,North Western Region,A Level or Equivalent,60-70%,35-55,0.0,45.0,N,Withdrawn,788.0,0.0,High,0,1,0
CCC,2014B,480928.0,M,Yorkshire Region,Lower Than A Level,90-100%,0-35,0.0,150.0,Y,Withdrawn,224.0,45.0,Low,1,1,0
CCC,2014B,480929.0,M,South West Region,HE Qualification,60-70%,35-55,0.0,60.0,N,Distinction,1732.0,21.0,High,1,0,1
CCC,2014B,480943.0,M,South Region,Lower Than A Level,90-100%,0-35,0.0,30.0,N,Pass,1316.0,367.0,Low,1,0,1
CCC,2014B,481024.0,F,London Region,A Level or Equivalent,20-30%,35-55,0.0,90.0,N,Withdrawn,188.0,0.0,High,0,1,0
CCC,2014B,482280.0,M,East Anglian Region,Lower Than A Level,90-100%,0-35,0.0,60.0,N,Pass,2375.0,261.0,Low,1,0,1
CCC,2014B,482745.0,M,South East Region,A Level or Equivalent,70-80%,0-35,0.0,60.0,N,Fail,971.0,9.0,High,1,0,0
CCC,2014B,483108.0,F,North Western Region,A Level or Equivalent,80-90%,0-35,0.0,120.0,N,Withdrawn,1026.0,80.0,High,1,1,0
CCC,2014B,483267.0,M,West Midlands Region,HE Qualification,80-90%,35-55,0.0,60.0,N,Withdrawn,218.0,4.0,High,1,1,0
CCC,2014B,483275.0,M,South East Region,A Level or Equivalent,80-90%,0-35,0.0,90.0,N,Pass,346.0,0.0,High,0,0,1
CCC,2014B,483666.0,F,Wales,Lower Than A Level,60-70%,35-55,0.0,60.0,N,Withdrawn,504.0,0.0,Low,0,1,0
CCC,2014B,484174.0,M,South West Region,Lower Than A Level,20-30%,0-35,0.0,90.0,N,Withdrawn,570.0,39.0,Low,1,1,0
CCC,2014B,484305.0,M,East Anglian Region,Lower Than A Level,10-20,0-35,0.0,150.0,N,Withdrawn,195.0,15.0,Low,1,1,0
CCC,2014B,484464.0,F,London Region,No Formal quals,10-20,0-35,0.0,60.0,N,Pass,1353.0,3.0,Other,1,0,1
CCC,2014B,484787.0,F,North Western Region,A Level or Equivalent,70-80%,0-35,0.0,90.0,N,Withdrawn,220.0,0.0,High,0,1,0
CCC,2014B,485312.0,M,Scotland,HE Qualification,80-90%,0-35,0.0,90.0,N,Distinction,2134.0,41.0,High,1,0,1
CCC,2014B,485374.0,F,Scotland,A Level or Equivalent,60-70%,0-35,0.0,60.0,N,Pass,1224.0,41.0,High,1,0,1
CCC,2014B,485594.0,F,West Midlands Region,A Level or Equivalent,30-40%,0-35,0.0,180.0,N,Withdrawn,143.0,8.0,High,1,1,0
CCC,2014B,485604.0,F,London Region,A Level or Equivalent,20-30%,0-35,0.0,30.0,N,Distinction,3506.0,691.0,High,1,0,1
CCC,2014B,485944.0,M,North Western Region,Lower Than A Level,40-50%,0-35,0.0,30.0,N,Fail,641.0,15.0,Low,1,0,0
CCC,2014B,486378.0,M,East Midlands Region,Lower Than A Level,50-60%,0-35,0.0,120.0,N,Withdrawn,72.0,0.0,Low,0,1,0
CCC,2014B,486737.0,M,North Western Region,Lower Than A Level,10-20,0-35,0.0,60.0,Y,Withdrawn,1064.0,11.0,Low,1,1,0
CCC,2014B,487494.0,M,South Region,No Formal quals,50-60%,0-35,0.0,60.0,N,Withdrawn,17.0,0.0,Other,0,1,0
CCC,2014B,487570.0,F,East Anglian Region,A Level or Equivalent,90-100%,35-55,0.0,60.0,N,Withdrawn,214.0,0.0,High,0,1,0
CCC,2014B,487629.0,M,North Western Region,A Level or Equivalent,10-20,0-35,0.0,30.0,N,Fail,1171.0,244.0,High,1,0,0
CCC,2014B,488431.0,M,North Region,Lower Than A Level,,0-35,0.0,90.0,Y,Pass,873.0,23.0,Low,1,0,1
CCC,2014B,489309.0,M,North Region,A Level or Equivalent,,35-55,0.0,120.0,N,Withdrawn,588.0,0.0,High,0,1,0
CCC,2014B,489929.0,M,South East Region,Lower Than A Level,60-70%,35-55,0.0,60.0,N,Pass,1998.0,97.0,Low,1,0,1
CCC,2014B,490024.0,M,South Region,A Level or Equivalent,70-80%,0-35,0.0,90.0,N,Pass,1254.0,418.0,High,1,0,1
CCC,2014B,490081.0,M,East Anglian Region,Lower Than A Level,50-60%,0-35,0.0,75.0,N,Pass,1645.0,54.0,Low,1,0,1
CCC,2014B,490282.0,M,South East Region,A Level or Equivalent,60-70%,35-55,0.0,60.0,Y,Pass,1155.0,43.0,High,1,0,1
CCC,2014B,490297.0,M,Scotland,Lower Than A Level,10-20,0-35,0.0,150.0,Y,Withdrawn,198.0,25.0,Low,1,1,0
CCC,2014B,490587.0,M,Wales,Lower Than A Level,20-30%,0-35,0.0,120.0,Y,Fail,392.0,37.0,Low,1,0,0
CCC,2014B,490662.0,M,South West Region,A Level or Equivalent,50-60%,0-35,0.0,60.0,N,Fail,313.0,15.0,High,1,0,0
CCC,2014B,490665.0,M,Scotland,HE Qualification,20-30%,0-35,0.0,120.0,Y,Withdrawn,49.0,8.0,High,1,1,0
CCC,2014B,490768.0,M,Yorkshire Region,Lower Than A Level,50-60%,0-35,0.0,60.0,N,Withdrawn,314.0,37.0,Low,1,1,0
CCC,2014B,490769.0,F,South East Region,A Level or Equivalent,50-60%,0-35,0.0,60.0,N,Withdrawn,826.0,11.0,High,1,1,0
CCC,2014B,491170.0,M,London Region,A Level or Equivalent,10-20,0-35,0.0,30.0,N,Withdrawn,376.0,44.0,High,1,1,0
CCC,2014B,491232.0,M,South East Region,Lower Than A Level,50-60%,0-35,0.0,60.0,Y,Fail,35.0,9.0,Low,1,0,0
CCC,2014B,491742.0,M,North Western Region,Lower Than A Level,50-60%,0-35,0.0,60.0,N,Fail,171.0,14.0,Low,1,0,0
CCC,2014B,491843.0,F,South East Region,Lower Than A Level,40-50%,0-35,0.0,30.0,Y,Withdrawn,220.0,4.0,Low,1,1,0
CCC,2014B,492357.0,M,East Midlands Region,A Level or Equivalent,70-80%,35-55,0.0,30.0,N,Withdrawn,4904.0,2757.0,High,1,1,0
CCC,2014B,492900.0,M,South West Region,A Level or Equivalent,70-80%,0-35,0.0,60.0,Y,Pass,376.0,0.0,High,0,0,1
CCC,2014B,493793.0,M,South Region,A Level or Equivalent,40-50%,0-35,0.0,180.0,Y,Withdrawn,0.0,0.0,High,0,1,0
CCC,2014B,493822.0,F,North Western Region,HE Qualification,20-30%,0-35,0.0,30.0,N,Withdrawn,739.0,245.0,High,1,1,0
CCC,2014B,493988.0,M,East Anglian Region,A Level or Equivalent,50-60%,0-35,0.0,60.0,N,Withdrawn,358.0,29.0,High,1,1,0
CCC,2014B,494389.0,F,London Region,A Level or Equivalent,30-40%,0-35,0.0,120.0,Y,Fail,53.0,0.0,High,0,0,0
CCC,2014B,494919.0,F,Scotland,A Level or Equivalent,10-20,0-35,0.0,60.0,Y,Pass,1592.0,279.0,High,1,0,1
CCC,2014B,495320.0,M,West Midlands Region,Lower Than A Level,20-30%,0-35,0.0,60.0,N,Pass,1391.0,69.0,Low,1,0,1
CCC,2014B,496108.0,M,East Anglian Region,Lower Than A Level,60-70%,0-35,0.0,60.0,N,Withdrawn,345.0,13.0,Low,1,1,0
CCC,2014B,497047.0,F,South East Region,Lower Than A Level,80-90%,0-35,0.0,60.0,N,Withdrawn,0.0,0.0,Low,0,1,0
CCC,2014B,497080.0,M,South East Region,Lower Than A Level,90-100%,0-35,0.0,30.0,N,Withdrawn,135.0,7.0,Low,1,1,0
CCC,2014B,498043.0,M,Yorkshire Region,A Level or Equivalent,60-70%,0-35,0.0,60.0,N,Fail,246.0,5.0,High,1,0,0
CCC,2014B,498138.0,M,Ireland,Lower Than A Level,70-80%,0-35,0.0,60.0,N,Fail,552.0,109.0,Low,1,0,0
CCC,2014B,498225.0,M,South Region,HE Qualification,70-80%,35-55,0.0,90.0,N,Withdrawn,17.0,0.0,High,0,1,0
CCC,2014B,498741.0,M,Yorkshire Region,HE Qualification,0-10%,0-35,0.0,30.0,N,Fail,488.0,9.0,High,1,0,0
CCC,2014B,500001.0,M,East Anglian Region,HE Qualification,40-50%,0-35,0.0,60.0,N,Withdrawn,0.0,0.0,High,0,1,0
CCC,2014B,500006.0,M,Yorkshire Region,A Level or Equivalent,20-30%,0-35,0.0,60.0,Y,Fail,170.0,49.0,High,1,0,0
CCC,2014B,500189.0,M,Scotland,A Level or Equivalent,80-90%,0-35,0.0,60.0,N,Withdrawn,1257.0,255.0,High,1,1,0
CCC,2014B,500597.0,M,West Midlands Region,A Level or Equivalent,0-10%,35-55,0.0,30.0,N,Fail,1919.0,38.0,High,1,0,0
CCC,2014B,501339.0,M,South West Region,Lower Than A Level,20-30%,0-35,0.0,30.0,Y,Withdrawn,192.0,2.0,Low,1,1,0
CCC,2014B,501443.0,M,West Midlands Region,HE Qualification,20-30%,0-35,0.0,30.0,N,Fail,415.0,196.0,High,1,0,0
CCC,2014B,501652.0,F,Wales,A Level or Equivalent,50-60%,0-35,0.0,120.0,N,Fail,967.0,212.0,High,1,0,0
CCC,2014B,502465.0,M,North Western Region,A Level or Equivalent,10-20,35-55,0.0,30.0,N,Pass,2326.0,8.0,High,1,0,1
CCC,2014B,502466.0,M,London Region,Lower Than A Level,0-10%,35-55,0.0,150.0,N,Withdrawn,0.0,0.0,Low,0,1,0
CCC,2014B,502554.0,M,South Region,HE Qualification,90-100%,35-55,0.0,60.0,N,Distinction,846.0,116.0,High,1,0,1
CCC,2014B,502833.0,M,Scotland,Lower Than A Level,30-40%,0-35,0.0,90.0,N,Fail,30.0,0.0,Low,0,0,0
CCC,2014B,502868.0,M,Yorkshire Region,A Level or Equivalent,70-80%,35-55,0.0,60.0,N,Pass,1564.0,128.0,High,1,0,1
CCC,2014B,502929.0,M,London Region,Lower Than A Level,10-20,35-55,0.0,60.0,N,Withdrawn,618.0,12.0,Low,1,1,0
CCC,2014B,503469.0,M,Yorkshire Region,A Level or Equivalent,90-100%,0-35,0.0,90.0,N,Fail,1556.0,52.0,High,1,0,0
CCC,2014B,503872.0,M,North Western Region,A Level or Equivalent,70-80%,0-35,0.0,60.0,N,Withdrawn,129.0,0.0,High,0,1,0
CCC,2014B,504057.0,F,North Region,A Level or Equivalent,20-30%,0-35,0.0,60.0,Y,Withdrawn,173.0,1.0,High,1,1,0
CCC,2014B,505235.0,M,East Midlands Region,HE Qualification,60-70%,0-35,0.0,30.0,N,Withdrawn,188.0,5.0,High,1,1,0
CCC,2014B,505520.0,M,East Anglian Region,A Level or Equivalent,70-80%,0-35,0.0,90.0,N,Withdrawn,181.0,3.0,High,1,1,0
CCC,2014B,505767.0,M,Scotland,HE Qualification,30-40%,0-35,0.0,60.0,N,Pass,1026.0,49.0,High,1,0,1
CCC,2014B,505815.0,M,Yorkshire Region,A Level or Equivalent,40-50%,0-35,0.0,90.0,Y,Withdrawn,273.0,75.0,High,1,1,0
CCC,2014B,505967.0,F,East Midlands Region,Lower Than A Level,30-40%,35-55,0.0,90.0,N,Withdrawn,179.0,29.0,Low,1,1,0
CCC,2014B,506206.0,F,North Western Region,Lower Than A Level,40-50%,0-35,0.0,30.0,Y,Distinction,4999.0,606.0,Low,1,0,1
CCC,2014B,506380.0,M,South Region,HE Qualification,90-100%,35-55,0.0,60.0,N,Withdrawn,7.0,0.0,High,0,1,0
CCC,2014B,507034.0,M,South Region,Post Graduate Qualification,90-100%,35-55,0.0,60.0,N,Pass,1462.0,605.0,Other,1,0,1
CCC,2014B,507388.0,M,North Western Region,HE Qualification,50-60%,35-55,0.0,30.0,N,Withdrawn,249.0,67.0,High,1,1,0
CCC,2014B,507523.0,M,Scotland,HE Qualification,80-90%,0-35,0.0,60.0,N,Pass,710.0,50.0,High,1,0,1
CCC,2014B,507671.0,F,North Western Region,A Level or Equivalent,20-30%,0-35,0.0,60.0,N,Withdrawn,540.0,47.0,High,1,1,0
CCC,2014B,507801.0,M,Yorkshire Region,A Level or Equivalent,10-20,0-35,0.0,30.0,N,Withdrawn,3.0,0.0,High,0,1,0
CCC,2014B,508025.0,F,West Midlands Region,A Level or Equivalent,70-80%,0-35,0.0,120.0,N,Withdrawn,544.0,194.0,High,1,1,0
CCC,2014B,508848.0,M,West Midlands Region,A Level or Equivalent,40-50%,35-55,0.0,120.0,N,Withdrawn,0.0,0.0,High,0,1,0
CCC,2014B,509029.0,F,North Region,A Level or Equivalent,0-10%,0-35,0.0,60.0,N,Pass,1234.0,29.0,High,1,0,1
CCC,2014B,509102.0,M,South East Region,A Level or Equivalent,70-80%,0-35,0.0,150.0,N,Pass,2707.0,86.0,High,1,0,1
CCC,2014B,509122.0,M,West Midlands Region,A Level or Equivalent,10-20,0-35,0.0,30.0,N,Withdrawn,0.0,0.0,High,0,1,0
CCC,2014B,509183.0,F,East Midlands Region,Lower Than A Level,70-80%,35-55,0.0,120.0,N,Distinction,3936.0,42.0,Low,1,0,1
CCC,2014B,509649.0,M,London Region,A Level or Equivalent,30-40%,0-35,0.0,60.0,N,Fail,426.0,0.0,High,0,0,0
CCC,2014B,509839.0,M,North Region,Post Graduate Qualification,,0-35,0.0,30.0,N,Pass,587.0,67.0,Other,1,0,1
CCC,2014B,510070.0,F,Scotland,HE Qualification,20-30%,0-35,0.0,90.0,N,Withdrawn,1449.0,252.0,High,1,1,0
CCC,2014B,510694.0,M,North Western Region,Lower Than A Level,40-50%,0-35,0.0,60.0,N,Withdrawn,26.0,0.0,Low,0,1,0
CCC,2014B,510914.0,M,Wales,HE Qualification,60-70%,35-55,0.0,60.0,N,Withdrawn,788.0,222.0,High,1,1,0
CCC,2014B,511473.0,F,Scotland,A Level or Equivalent,60-70%,0-35,0.0,60.0,N,Pass,2534.0,117.0,High,1,0,1
CCC,2014B,511657.0,M,South Region,A Level or Equivalent,80-90%,0-35,0.0,60.0,N,Fail,161.0,7.0,High,1,0,0
CCC,2014B,512353.0,M,East Anglian Region,A Level or Equivalent,30-40%,0-35,0.0,150.0,N,Fail,135.0,0.0,High,0,0,0
CCC,2014B,512475.0,M,Scotland,Post Graduate Qualification,90-100%,35-55,0.0,30.0,N,Distinction,2055.0,46.0,Other,1,0,1
CCC,2014B,512582.0,M,North Region,Lower Than A Level,80-90%,0-35,0.0,60.0,N,Withdrawn,627.0,1.0,Low,1,1,0
CCC,2014B,513638.0,F,London Region,A Level or Equivalent,0-10%,0-35,0.0,60.0,N,Distinction,854.0,66.0,High,1,0,1
CCC,2014B,513854.0,M,East Anglian Region,Lower Than A Level,10-20,35-55,0.0,90.0,N,Withdrawn,0.0,0.0,Low,0,1,0
CCC,2014B,513934.0,M,London Region,Lower Than A Level,50-60%,0-35,0.0,60.0,N,Withdrawn,890.0,94.0,Low,1,1,0
CCC,2014B,513969.0,F,South East Region,A Level or Equivalent,40-50%,0-35,0.0,90.0,N,Withdrawn,283.0,3.0,High,1,1,0
CCC,2014B,513997.0,M,South East Region,Lower Than A Level,50-60%,0-35,0.0,60.0,N,Withdrawn,0.0,0.0,Low,0,1,0
CCC,2014B,514000.0,M,East Midlands Region,A Level or Equivalent,10-20,0-35,0.0,30.0,N,Fail,178.0,0.0,High,0,0,0
CCC,2014B,514186.0,F,Scotland,HE Qualification,50-60%,35-55,0.0,90.0,Y,Fail,490.0,39.0,High,1,0,0
CCC,2014B,515046.0,M,South West Region,Lower Than A Level,30-40%,0-35,0.0,60.0,Y,Pass,2774.0,1674.0,Low,1,0,1
CCC,2014B,515107.0,M,North Region,A Level or Equivalent,,35-55,0.0,60.0,N,Pass,2066.0,715.0,High,1,0,1
CCC,2014B,515278.0,M,London Region,A Level or Equivalent,20-30%,35-55,0.0,30.0,N,Fail,301.0,6.0,High,1,0,0
CCC,2014B,515515.0,M,South West Region,A Level or Equivalent,70-80%,35-55,0.0,60.0,N,Fail,592.0,37.0,High,1,0,0
CCC,2014B,515774.0,M,Scotland,A Level or Equivalent,20-30%,35-55,0.0,60.0,N,Pass,992.0,43.0,High,1,0,1
CCC,2014B,515936.0,M,North Western Region,Lower Than A Level,0-10%,0-35,0.0,180.0,Y,Withdrawn,362.0,7.0,Low,1,1,0
CCC,2014B,516024.0,M,South Region,Lower Than A Level,40-50%,0-35,0.0,60.0,N,Pass,1504.0,0.0,Low,0,0,1
CCC,2014B,516238.0,M,South West Region,Lower Than A Level,20-30%,0-35,0.0,60.0,N,Distinction,1197.0,124.0,Low,1,0,1
CCC,2014B,516496.0,M,Scotland,Lower Than A Level,70-80%,0-35,0.0,30.0,N,Pass,584.0,18.0,Low,1,0,1
CCC,2014B,516685.0,M,West Midlands Region,A Level or Equivalent,10-20,0-35,0.0,60.0,N,Withdrawn,350.0,12.0,High,1,1,0
CCC,2014B,516726.0,M,East Anglian Region,A Level or Equivalent,80-90%,0-35,0.0,60.0,N,Distinction,883.0,36.0,High,1,0,1
CCC,2014B,517999.0,F,North Region,Lower Than A Level,,35-55,0.0,40.0,N,Distinction,4984.0,594.0,Low,1,0,1
CCC,2014B,518116.0,M,South Region,Lower Than A Level,10-20,0-35,0.0,60.0,N,Fail,76.0,2.0,Low,1,0,0
CCC,2014B,518330.0,F,South West Region,A Level or Equivalent,60-70%,0-35,0.0,90.0,N,Withdrawn,0.0,0.0,High,0,1,0
CCC,2014B,518363.0,M,South East Region,HE Qualification,80-90%,0-35,0.0,150.0,N,Pass,1515.0,13.0,High,1,0,1
CCC,2014B,518862.0,M,East Anglian Region,A Level or Equivalent,30-40%,0-35,0.0,60.0,N,Pass,962.0,12.0,High,1,0,1
CCC,2014B,519544.0,F,West Midlands Region,Lower Than A Level,30-40%,0-35,0.0,60.0,N,Pass,711.0,166.0,Low,1,0,1
CCC,2014B,519589.0,M,Wales,A Level or Equivalent,20-30%,0-35,0.0,60.0,N,Fail,180.0,0.0,High,0,0,0
CCC,2014B,520332.0,M,Scotland,A Level or Equivalent,10-20,0-35,0.0,60.0,N,Withdrawn,2090.0,224.0,High,1,1,0
CCC,2014B,520377.0,F,South Region,A Level or Equivalent,60-70%,0-35,0.0,30.0,N,Pass,2914.0,336.0,High,1,0,1
CCC,2014B,520588.0,M,East Anglian Region,Lower Than A Level,60-70%,35-55,0.0,60.0,N,Fail,2298.0,40.0,Low,1,0,0
CCC,2014B,521051.0,M,North Western Region,A Level or Equivalent,10-20,0-35,0.0,60.0,N,Pass,553.0,69.0,High,1,0,1
CCC,2014B,521297.0,M,South East Region,A Level or Equivalent,30-40%,0-35,0.0,60.0,Y,Pass,2307.0,147.0,High,1,0,1
CCC,2014B,521542.0,M,Scotland,A Level or Equivalent,60-70%,35-55,0.0,90.0,N,Fail,0.0,0.0,High,0,0,0
CCC,2014B,521601.0,F,East Anglian Region,A Level or Equivalent,50-60%,0-35,0.0,60.0,N,Withdrawn,69.0,9.0,High,1,1,0
CCC,2014B,521614.0,M,South Region,HE Qualification,80-90%,35-55,0.0,60.0,N,Distinction,3335.0,1238.0,High,1,0,1
CCC,2014B,522312.0,M,Yorkshire Region,A Level or Equivalent,80-90%,0-35,0.0,90.0,N,Pass,1097.0,10.0,High,1,0,1
CCC,2014B,522484.0,M,West Midlands Region,A Level or Equivalent,30-40%,0-35,0.0,60.0,N,Fail,511.0,67.0,High,1,0,0
CCC,2014B,522682.0,M,West Midlands Region,Lower Than A Level,0-10%,0-35,0.0,60.0,N,Withdrawn,54.0,0.0,Low,0,1,0
CCC,2014B,523061.0,M,North Western Region,A Level or Equivalent,0-10%,0-35,0.0,120.0,N,Pass,709.0,1.0,High,1,0,1
CCC,2014B,523079.0,M,Ireland,A Level or Equivalent,90-100%,0-35,0.0,60.0,N,Pass,848.0,129.0,High,1,0,1
CCC,2014B,523239.0,M,Wales,Lower Than A Level,20-30%,0-35,0.0,60.0,N,Withdrawn,423.0,76.0,Low,1,1,0
CCC,2014B,523271.0,F,Wales,HE Qualification,0-10%,35-55,0.0,30.0,N,Withdrawn,110.0,0.0,High,0,1,0
CCC,2014B,523335.0,M,Ireland,HE Qualification,50-60%,0-35,0.0,30.0,N,Withdrawn,304.0,10.0,High,1,1,0
CCC,2014B,523710.0,M,East Midlands Region,A Level or Equivalent,80-90%,0-35,0.0,30.0,N,Fail,285.0,6.0,High,1,0,0
CCC,2014B,524128.0,M,Scotland,Lower Than A Level,70-80%,0-35,0.0,60.0,N,Distinction,4723.0,239.0,Low,1,0,1
CCC,2014B,524295.0,F,West Midlands Region,A Level or Equivalent,40-50%,0-35,0.0,60.0,N,Pass,2692.0,7.0,High,1,0,1
CCC,2014B,524378.0,F,North Western Region,A Level or Equivalent,40-50%,35-55,0.0,60.0,N,Pass,1461.0,200.0,High,1,0,1
CCC,2014B,524386.0,M,West Midlands Region,A Level or Equivalent,70-80%,0-35,0.0,120.0,N,Fail,194.0,0.0,High,0,0,0
CCC,2014B,525332.0,M,London Region,Lower Than A Level,80-90%,0-35,0.0,60.0,Y,Fail,555.0,10.0,Low,1,0,0
CCC,2014B,525832.0,F,Scotland,HE Qualification,50-60%,35-55,0.0,60.0,N,Pass,3209.0,547.0,High,1,0,1
CCC,2014B,526073.0,M,North Western Region,A Level or Equivalent,40-50%,0-35,0.0,60.0,N,Withdrawn,323.0,31.0,High,1,1,0
CCC,2014B,526235.0,M,Yorkshire Region,HE Qualification,40-50%,0-35,0.0,90.0,N,Withdrawn,1037.0,162.0,High,1,1,0
CCC,2014B,526547.0,F,Wales,HE Qualification,20-30%,0-35,0.0,90.0,N,Withdrawn,151.0,18.0,High,1,1,0
CCC,2014B,526564.0,M,Wales,HE Qualification,40-50%,35-55,0.0,90.0,N,Withdrawn,3212.0,1909.0,High,1,1,0
CCC,2014B,526876.0,M,Scotland,Lower Than A Level,60-70%,0-35,0.0,60.0,N,Fail,1576.0,19.0,Low,1,0,0
CCC,2014B,526927.0,M,Scotland,A Level or Equivalent,10-20,0-35,0.0,120.0,N,Pass,661.0,25.0,High,1,0,1
CCC,2014B,527771.0,M,Yorkshire Region,Lower Than A Level,40-50%,0-35,0.0,60.0,N,Fail,703.0,14.0,Low,1,0,0
CCC,2014B,527826.0,F,Wales,HE Qualification,30-40%,0-35,0.0,90.0,N,Distinction,7549.0,2523.0,High,1,0,1
CCC,2014B,527964.0,M,East Anglian Region,A Level or Equivalent,90-100%,0-35,0.0,30.0,N,Pass,946.0,111.0,High,1,0,1
CCC,2014B,528021.0,M,South Region,Lower Than A Level,90-100%,0-35,0.0,60.0,N,Withdrawn,203.0,15.0,Low,1,1,0
CCC,2014B,528023.0,M,West Midlands Region,Lower Than A Level,20-30%,0-35,0.0,90.0,N,Fail,385.0,26.0,Low,1,0,0
CCC,2014B,528066.0,M,Ireland,HE Qualification,70-80%,35-55,0.0,60.0,N,Pass,2173.0,119.0,High,1,0,1
CCC,2014B,528083.0,M,South East Region,A Level or Equivalent,90-100%,0-35,0.0,60.0,N,Withdrawn,158.0,9.0,High,1,1,0
CCC,2014B,528892.0,M,South West Region,A Level or Equivalent,30-40%,0-35,0.0,90.0,N,Pass,707.0,121.0,High,1,0,1
CCC,2014B,529025.0,M,South Region,A Level or Equivalent,30-40%,35-55,0.0,60.0,N,Pass,1624.0,229.0,High,1,0,1
CCC,2014B,529073.0,M,North Western Region,Lower Than A Level,60-70%,0-35,0.0,90.0,N,Withdrawn,298.0,7.0,Low,1,1,0
CCC,2014B,529078.0,M,South Region,HE Qualification,60-70%,0-35,0.0,60.0,N,Fail,1519.0,141.0,High,1,0,0
CCC,2014B,529153.0,M,South Region,Lower Than A Level,40-50%,0-35,0.0,30.0,N,Withdrawn,206.0,8.0,Low,1,1,0
CCC,2014B,529434.0,M,East Anglian Region,Lower Than A Level,80-90%,0-35,0.0,30.0,N,Pass,540.0,11.0,Low,1,0,1
CCC,2014B,530113.0,M,South West Region,A Level or Equivalent,50-60%,0-35,0.0,120.0,N,Withdrawn,192.0,20.0,High,1,1,0
CCC,2014B,530270.0,M,South Region,A Level or Equivalent,50-60%,0-35,0.0,150.0,N,Withdrawn,0.0,0.0,High,0,1,0
CCC,2014B,530481.0,M,South Region,Lower Than A Level,50-60%,0-35,0.0,30.0,N,Withdrawn,9.0,0.0,Low,0,1,0
CCC,2014B,530650.0,M,London Region,HE Qualification,10-20,0-35,0.0,90.0,N,Pass,479.0,4.0,High,1,0,1
CCC,2014B,530936.0,M,North Western Region,A Level or Equivalent,70-80%,0-35,0.0,30.0,N,Withdrawn,251.0,30.0,High,1,1,0
CCC,2014B,531047.0,M,South West Region,Lower Than A Level,80-90%,0-35,0.0,60.0,N,Withdrawn,366.0,61.0,Low,1,1,0
CCC,2014B,531075.0,M,North Region,Lower Than A Level,20-30%,35-55,0.0,60.0,N,Withdrawn,0.0,0.0,Low,0,1,0
CCC,2014B,532020.0,M,Scotland,HE Qualification,30-40%,0-35,0.0,90.0,N,Pass,1237.0,150.0,High,1,0,1
CCC,2014B,532252.0,M,Ireland,Lower Than A Level,,35-55,0.0,30.0,N,Withdrawn,18.0,0.0,Low,0,1,0
CCC,2014B,532350.0,M,South Region,HE Qualification,90-100%,35-55,0.0,30.0,N,Pass,2437.0,147.0,High,1,0,1
CCC,2014B,532440.0,M,South East Region,Lower Than A Level,60-70%,0-35,0.0,150.0,N,Withdrawn,2275.0,93.0,Low,1,1,0
CCC,2014B,532531.0,M,London Region,Lower Than A Level,0-10%,0-35,0.0,120.0,N,Fail,248.0,1.0,Low,1,0,0
CCC,2014B,532565.0,M,Yorkshire Region,Lower Than A Level,90-100%,0-35,0.0,120.0,N,Withdrawn,1173.0,379.0,Low,1,1,0
CCC,2014B,532718.0,M,North Western Region,HE Qualification,20-30%,35-55,0.0,30.0,N,Pass,238.0,47.0,High,1,0,1
CCC,2014B,532859.0,M,Scotland,HE Qualification,20-30%,0-35,0.0,180.0,N,Fail,100.0,0.0,High,0,0,0
CCC,2014B,533004.0,M,West Midlands Region,HE Qualification,20-30%,0-35,0.0,60.0,N,Fail,72.0,0.0,High,0,0,0
CCC,2014B,533311.0,M,South East Region,A Level or Equivalent,30-40%,0-35,0.0,60.0,N,Withdrawn,68.0,15.0,High,1,1,0
CCC,2014B,534047.0,M,Ireland,HE Qualification,,35-55,0.0,30.0,N,Withdrawn,10.0,0.0,High,0,1,0
CCC,2014B,534074.0,M,East Anglian Region,HE Qualification,70-80%,35-55,0.0,60.0,N,Withdrawn,89.0,6.0,High,1,1,0
CCC,2014B,535047.0,M,South East Region,A Level or Equivalent,30-40%,0-35,0.0,30.0,N,Pass,613.0,0.0,High,0,0,1
CCC,2014B,535590.0,M,North Western Region,Lower Than A Level,30-40%,0-35,0.0,90.0,Y,Withdrawn,0.0,0.0,Low,0,1,0
CCC,2014B,535682.0,M,Wales,Lower Than A Level,50-60%,0-35,0.0,30.0,N,Fail,67.0,0.0,Low,0,0,0
CCC,2014B,536032.0,M,Wales,A Level or Equivalent,20-30%,0-35,0.0,30.0,N,Fail,99.0,2.0,High,1,0,0
CCC,2014B,536170.0,M,North Western Region,HE Qualification,90-100%,35-55,0.0,90.0,N,Distinction,3877.0,1627.0,High,1,0,1
CCC,2014B,536261.0,M,West Midlands Region,A Level or Equivalent,40-50%,0-35,0.0,60.0,N,Pass,350.0,9.0,High,1,0,1
CCC,2014B,536435.0,M,North Western Region,A Level or Equivalent,10-20,0-35,0.0,90.0,N,Fail,1332.0,9.0,High,1,0,0
CCC,2014B,536536.0,M,North Region,Lower Than A Level,,0-35,0.0,60.0,N,Withdrawn,197.0,5.0,Low,1,1,0
CCC,2014B,537322.0,M,Scotland,A Level or Equivalent,70-80%,35-55,0.0,90.0,N,Pass,1722.0,232.0,High,1,0,1
CCC,2014B,537603.0,M,East Anglian Region,Lower Than A Level,60-70%,0-35,0.0,60.0,N,Fail,1479.0,60.0,Low,1,0,0
CCC,2014B,537606.0,F,London Region,A Level or Equivalent,60-70%,0-35,0.0,60.0,N,Fail,319.0,22.0,High,1,0,0
CCC,2014B,537622.0,F,North Western Region,A Level or Equivalent,0-10%,0-35,0.0,90.0,Y,Withdrawn,126.0,6.0,High,1,1,0
CCC,2014B,537654.0,M,North Region,A Level or Equivalent,40-50%,0-35,0.0,30.0,Y,Withdrawn,2787.0,6.0,High,1,1,0
CCC,2014B,537658.0,F,Wales,Lower Than A Level,20-30%,0-35,0.0,90.0,N,Fail,21.0,0.0,Low,0,0,0
CCC,2014B,538887.0,M,South West Region,Lower Than A Level,80-90%,35-55,0.0,60.0,N,Withdrawn,509.0,47.0,Low,1,1,0
CCC,2014B,539328.0,M,Ireland,A Level or Equivalent,0-10%,0-35,0.0,60.0,N,Withdrawn,4280.0,539.0,High,1,1,0
CCC,2014B,539514.0,F,North Region,Lower Than A Level,,0-35,0.0,30.0,N,Fail,1091.0,62.0,Low,1,0,0
CCC,2014B,539695.0,M,North Western Region,Lower Than A Level,30-40%,0-35,0.0,60.0,Y,Withdrawn,0.0,0.0,Low,0,1,0
CCC,2014B,539784.0,M,London Region,A Level or Equivalent,90-100%,0-35,0.0,60.0,N,Pass,4174.0,53.0,High,1,0,1
CCC,2014B,539971.0,F,Wales,HE Qualification,0-10%,0-35,0.0,90.0,N,Pass,348.0,11.0,High,1,0,1
CCC,2014B,540509.0,M,South East Region,Lower Than A Level,30-40%,0-35,0.0,60.0,N,Withdrawn,419.0,29.0,Low,1,1,0
CCC,2014B,540686.0,M,North Western Region,Lower Than A Level,10-20,0-35,0.0,60.0,N,Pass,4416.0,637.0,Low,1,0,1
CCC,2014B,540937.0,M,Yorkshire Region,HE Qualification,0-10%,0-35,0.0,60.0,N,Withdrawn,1.0,0.0,High,0,1,0
CCC,2014B,541003.0,M,South Region,A Level or Equivalent,90-100%,0-35,0.0,60.0,N,Fail,729.0,104.0,High,1,0,0
CCC,2014B,541184.0,M,North Region,A Level or Equivalent,10-20,0-35,0.0,30.0,N,Withdrawn,315.0,0.0,High,0,1,0
CCC,2014B,542050.0,M,West Midlands Region,HE Qualification,60-70%,0-35,0.0,60.0,N,Withdrawn,566.0,11.0,High,1,1,0
CCC,2014B,542721.0,F,West Midlands Region,A Level or Equivalent,30-40%,0-35,0.0,60.0,N,Fail,0.0,0.0,High,0,0,0
CCC,2014B,543170.0,M,North Western Region,Lower Than A Level,0-10%,0-35,0.0,90.0,Y,Pass,534.0,58.0,Low,1,0,1
CCC,2014B,543417.0,M,East Midlands Region,A Level or Equivalent,0-10%,0-35,0.0,60.0,N,Withdrawn,257.0,2.0,High,1,1,0
CCC,2014B,543475.0,M,South West Region,A Level or Equivalent,60-70%,0-35,0.0,60.0,N,Fail,1262.0,212.0,High,1,0,0
CCC,2014B,543571.0,M,North Region,Lower Than A Level,70-80%,0-35,0.0,60.0,N,Withdrawn,37.0,0.0,Low,0,1,0
CCC,2014B,543628.0,M,North Western Region,HE Qualification,0-10%,35-55,0.0,90.0,N,Withdrawn,0.0,0.0,High,0,1,0
CCC,2014B,543678.0,M,London Region,A Level or Equivalent,0-10%,0-35,0.0,90.0,N,Pass,789.0,6.0,High,1,0,1
CCC,2014B,543924.0,M,South Region,A Level or Equivalent,10-20,0-35,0.0,60.0,N,Fail,26.0,0.0,High,0,0,0
CCC,2014B,543948.0,M,South West Region,Lower Than A Level,30-40%,0-35,0.0,60.0,N,Pass,2788.0,486.0,Low,1,0,1
CCC,2014B,544075.0,M,North Region,A Level or Equivalent,,35-55,0.0,30.0,N,Withdrawn,0.0,0.0,High,0,1,0
CCC,2014B,544090.0,M,South East Region,A Level or Equivalent,30-40%,0-35,0.0,120.0,N,Fail,875.0,21.0,High,1,0,0
CCC,2014B,544467.0,M,Yorkshire Region,Lower Than A Level,60-70%,35-55,0.0,60.0,N,Withdrawn,191.0,32.0,Low,1,1,0
CCC,2014B,544490.0,M,South Region,A Level or Equivalent,90-100%,0-35,0.0,90.0,N,Pass,963.0,195.0,High,1,0,1
CCC,2014B,544594.0,M,London Region,A Level or Equivalent,90-100%,0-35,0.0,90.0,N,Distinction,5421.0,190.0,High,1,0,1
CCC,2014B,544791.0,M,Scotland,A Level or Equivalent,20-30%,0-35,0.0,60.0,N,Withdrawn,175.0,14.0,High,1,1,0
CCC,2014B,544839.0,M,Wales,A Level or Equivalent,40-50%,35-55,0.0,60.0,N,Distinction,6366.0,1859.0,High,1,0,1
CCC,2014B,545045.0,M,North Western Region,Lower Than A Level,90-100%,0-35,0.0,60.0,N,Fail,232.0,19.0,Low,1,0,0
CCC,2014B,545740.0,M,South West Region,A Level or Equivalent,30-40%,0-35,0.0,60.0,N,Pass,1374.0,122.0,High,1,0,1
CCC,2014B,545747.0,M,East Anglian Region,HE Qualification,70-80%,35-55,0.0,60.0,N,Pass,2359.0,762.0,High,1,0,1
CCC,2014B,546400.0,F,Scotland,A Level or Equivalent,60-70%,0-35,0.0,120.0,N,Withdrawn,27.0,7.0,High,1,1,0
CCC,2014B,546675.0,F,Ireland,A Level or Equivalent,70-80%,0-35,0.0,90.0,N,Withdrawn,130.0,3.0,High,1,1,0
CCC,2014B,546830.0,F,London Region,A Level or Equivalent,30-40%,0-35,0.0,90.0,N,Withdrawn,89.0,15.0,High,1,1,0
CCC,2014B,546954.0,M,London Region,HE Qualification,10-20,0-35,0.0,30.0,N,Withdrawn,0.0,0.0,High,0,1,0
CCC,2014B,547287.0,M,South East Region,HE Qualification,80-90%,35-55,0.0,30.0,N,Distinction,3092.0,748.0,High,1,0,1
CCC,2014B,547332.0,F,West Midlands Region,HE Qualification,20-30%,35-55,0.0,60.0,N,Withdrawn,2159.0,85.0,High,1,1,0
CCC,2014B,547413.0,F,North Western Region,No Formal quals,0-10%,0-35,0.0,90.0,N,Fail,1323.0,168.0,Other,1,0,0
CCC,2014B,547571.0,M,South East Region,A Level or Equivalent,30-40%,0-35,0.0,30.0,N,Withdrawn,395.0,61.0,High,1,1,0
CCC,2014B,547685.0,M,Scotland,A Level or Equivalent,40-50%,0-35,0.0,60.0,N,Withdrawn,0.0,0.0,High,0,1,0
CCC,2014B,547816.0,F,North Western Region,Lower Than A Level,60-70%,0-35,0.0,210.0,N,Withdrawn,22.0,0.0,Low,0,1,0
CCC,2014B,547986.0,F,West Midlands Region,A Level or Equivalent,0-10%,0-35,0.0,30.0,N,Withdrawn,213.0,22.0,High,1,1,0
CCC,2014B,548261.0,M,East Anglian Region,Lower Than A Level,50-60%,35-55,0.0,120.0,N,Fail,623.0,3.0,Low,1,0,0
CCC,2014B,548383.0,F,London Region,HE Qualification,30-40%,0-35,0.0,30.0,N,Withdrawn,115.0,12.0,High,1,1,0
CCC,2014B,548386.0,M,London Region,HE Qualification,30-40%,0-35,0.0,60.0,N,Distinction,3645.0,35.0,High,1,0,1
CCC,2014B,548509.0,M,London Region,HE Qualification,70-80%,35-55,0.0,30.0,N,Distinction,2074.0,239.0,High,1,0,1
CCC,2014B,548602.0,M,South Region,A Level or Equivalent,60-70%,0-35,0.0,60.0,N,Pass,338.0,2.0,High,1,0,1
CCC,2014B,548677.0,M,Ireland,A Level or Equivalent,70-80%,35-55,0.0,60.0,N,Pass,1505.0,307.0,High,1,0,1
CCC,2014B,548764.0,M,East Anglian Region,A Level or Equivalent,30-40%,0-35,0.0,60.0,N,Fail,1641.0,13.0,High,1,0,0
CCC,2014B,548854.0,M,North Region,Post Graduate Qualification,,35-55,0.0,60.0,N,Pass,888.0,31.0,Other,1,0,1
CCC,2014B,548926.0,F,East Anglian Region,A Level or Equivalent,70-80%,0-35,0.0,120.0,N,Withdrawn,170.0,0.0,High,0,1,0
CCC,2014B,549636.0,F,East Midlands Region,A Level or Equivalent,40-50%,0-35,0.0,60.0,Y,Withdrawn,1071.0,244.0,High,1,1,0
CCC,2014B,549928.0,M,South West Region,A Level or Equivalent,50-60%,0-35,0.0,90.0,N,Fail,87.0,10.0,High,1,0,0
CCC,2014B,549951.0,F,North Region,A Level or Equivalent,80-90%,0-35,0.0,90.0,N,Pass,516.0,61.0,High,1,0,1
CCC,2014B,550092.0,M,East Anglian Region,A Level or Equivalent,10-20,35-55,0.0,90.0,N,Fail,665.0,7.0,High,1,0,0
CCC,2014B,550545.0,F,Scotland,A Level or Equivalent,60-70%,0-35,0.0,60.0,N,Withdrawn,3353.0,1190.0,High,1,1,0
CCC,2014B,550812.0,M,Scotland,A Level or Equivalent,90-100%,0-35,0.0,150.0,N,Withdrawn,253.0,0.0,High,0,1,0
CCC,2014B,550893.0,M,North Region,A Level or Equivalent,0-10%,0-35,0.0,90.0,N,Withdrawn,37.0,4.0,High,1,1,0
CCC,2014B,551115.0,M,Wales,A Level or Equivalent,20-30%,0-35,0.0,30.0,N,Pass,2571.0,227.0,High,1,0,1
CCC,2014B,551267.0,F,North Region,A Level or Equivalent,,0-35,0.0,120.0,N,Pass,1489.0,29.0,High,1,0,1
CCC,2014B,551304.0,F,South West Region,Lower Than A Level,80-90%,35-55,0.0,90.0,N,Pass,2626.0,97.0,Low,1,0,1
CCC,2014B,551478.0,M,South West Region,A Level or Equivalent,50-60%,55<=,0.0,60.0,N,Pass,644.0,55.0,High,1,0,1
CCC,2014B,551528.0,M,Yorkshire Region,Lower Than A Level,,0-35,0.0,120.0,N,Withdrawn,239.0,16.0,Low,1,1,0
CCC,2014B,551604.0,M,South Region,A Level or Equivalent,60-70%,35-55,0.0,30.0,N,Fail,967.0,5.0,High,1,0,0
CCC,2014B,551856.0,M,North Region,Lower Than A Level,10-20,0-35,0.0,60.0,N,Fail,373.0,4.0,Low,1,0,0
CCC,2014B,551902.0,M,East Anglian Region,Lower Than A Level,80-90%,0-35,0.0,60.0,N,Fail,1713.0,52.0,Low,1,0,0
CCC,2014B,552166.0,M,West Midlands Region,Lower Than A Level,,0-35,0.0,60.0,N,Withdrawn,646.0,277.0,Low,1,1,0
CCC,2014B,552234.0,M,South East Region,HE Qualification,30-40%,35-55,0.0,60.0,N,Withdrawn,906.0,2.0,High,1,1,0
CCC,2014B,552441.0,F,Yorkshire Region,A Level or Equivalent,0-10%,0-35,0.0,30.0,N,Distinction,4147.0,1859.0,High,1,0,1
CCC,2014B,552498.0,F,Scotland,A Level or Equivalent,50-60%,35-55,0.0,60.0,N,Withdrawn,716.0,42.0,High,1,1,0
CCC,2014B,552590.0,M,South West Region,A Level or Equivalent,40-50%,0-35,0.0,90.0,N,Withdrawn,252.0,0.0,High,0,1,0
CCC,2014B,552913.0,M,London Region,Lower Than A Level,20-30%,0-35,0.0,150.0,N,Pass,432.0,14.0,Low,1,0,1
CCC,2014B,553021.0,M,Ireland,A Level or Equivalent,10-20,0-35,0.0,60.0,N,Distinction,3162.0,1313.0,High,1,0,1
CCC,2014B,553280.0,F,South Region,A Level or Equivalent,50-60%,0-35,0.0,120.0,N,Distinction,969.0,55.0,High,1,0,1
CCC,2014B,553394.0,F,Yorkshire Region,HE Qualification,10-20,35-55,0.0,90.0,N,Pass,3297.0,398.0,High,1,0,1
CCC,2014B,553410.0,F,London Region,Lower Than A Level,0-10%,0-35,0.0,60.0,Y,Withdrawn,257.0,0.0,Low,0,1,0
CCC,2014B,553568.0,M,South West Region,A Level or Equivalent,90-100%,35-55,0.0,60.0,N,Withdrawn,0.0,0.0,High,0,1,0
CCC,2014B,553655.0,F,East Midlands Region,A Level or Equivalent,50-60%,0-35,0.0,60.0,N,Pass,2857.0,5.0,High,1,0,1
CCC,2014B,553741.0,M,West Midlands Region,A Level or Equivalent,40-50%,0-35,0.0,60.0,N,Withdrawn,637.0,36.0,High,1,1,0
CCC,2014B,554141.0,M,East Anglian Region,Lower Than A Level,70-80%,0-35,0.0,30.0,N,Pass,244.0,0.0,Low,0,0,1
CCC,2014B,554205.0,M,Ireland,Lower Than A Level,,0-35,0.0,60.0,N,Fail,3878.0,1829.0,Low,1,0,0
CCC,2014B,554470.0,M,South Region,Lower Than A Level,50-60%,0-35,0.0,90.0,N,Withdrawn,263.0,16.0,Low,1,1,0
CCC,2014B,554583.0,M,Scotland,Lower Than A Level,50-60%,0-35,0.0,90.0,N,Pass,859.0,113.0,Low,1,0,1
CCC,2014B,554588.0,F,North Region,HE Qualification,20-30%,35-55,0.0,90.0,N,Withdrawn,74.0,5.0,High,1,1,0
CCC,2014B,554870.0,M,South Region,Lower Than A Level,50-60%,0-35,0.0,30.0,N,Pass,1196.0,72.0,Low,1,0,1
CCC,2014B,554951.0,F,East Midlands Region,A Level or Equivalent,10-20,0-35,0.0,60.0,Y,Pass,972.0,95.0,High,1,0,1
CCC,2014B,555008.0,M,London Region,A Level or Equivalent,10-20,0-35,0.0,60.0,N,Pass,754.0,137.0,High,1,0,1
CCC,2014B,555368.0,M,Wales,HE Qualification,0-10%,0-35,0.0,30.0,N,Withdrawn,398.0,29.0,High,1,1,0
CCC,2014B,555604.0,M,Yorkshire Region,A Level or Equivalent,30-40%,0-35,0.0,90.0,N,Pass,1310.0,23.0,High,1,0,1
CCC,2014B,555706.0,F,East Midlands Region,Lower Than A Level,10-20,0-35,0.0,60.0,N,Distinction,1982.0,234.0,Low,1,0,1
CCC,2014B,555953.0,M,South Region,Lower Than A Level,30-40%,0-35,0.0,30.0,N,Withdrawn,187.0,0.0,Low,0,1,0
CCC,2014B,556007.0,F,East Anglian Region,A Level or Equivalent,30-40%,0-35,0.0,90.0,N,Withdrawn,0.0,0.0,High,0,1,0
CCC,2014B,556042.0,M,East Anglian Region,A Level or Equivalent,30-40%,0-35,0.0,60.0,N,Withdrawn,218.0,0.0,High,0,1,0
CCC,2014B,556109.0,M,Ireland,Lower Than A Level,20-30%,0-35,0.0,60.0,N,Withdrawn,523.0,120.0,Low,1,1,0
CCC,2014B,556246.0,M,North Region,Lower Than A Level,,0-35,0.0,60.0,N,Distinction,2000.0,186.0,Low,1,0,1
CCC,2014B,556295.0,M,North Region,Lower Than A Level,,0-35,0.0,30.0,N,Distinction,3164.0,1347.0,Low,1,0,1
CCC,2014B,556521.0,M,East Anglian Region,A Level or Equivalent,50-60%,0-35,0.0,60.0,Y,Withdrawn,132.0,9.0,High,1,1,0
CCC,2014B,556584.0,M,East Anglian Region,HE Qualification,60-70%,35-55,0.0,60.0,N,Pass,3381.0,225.0,High,1,0,1
CCC,2014B,556587.0,M,London Region,A Level or Equivalent,10-20,35-55,0.0,60.0,N,Fail,561.0,5.0,High,1,0,0
CCC,2014B,556709.0,M,Ireland,A Level or Equivalent,80-90%,0-35,0.0,60.0,N,Withdrawn,68.0,12.0,High,1,1,0
CCC,2014B,556858.0,F,South Region,A Level or Equivalent,90-100%,35-55,0.0,30.0,N,Pass,818.0,3.0,High,1,0,1
CCC,2014B,556918.0,M,West Midlands Region,A Level or Equivalent,30-40%,0-35,0.0,30.0,N,Withdrawn,465.0,106.0,High,1,1,0
CCC,2014B,557172.0,M,East Anglian Region,Lower Than A Level,50-60%,0-35,0.0,30.0,N,Fail,28.0,0.0,Low,0,0,0
CCC,2014B,557700.0,M,North Region,Post Graduate Qualification,,0-35,0.0,60.0,N,Withdrawn,4430.0,921.0,Other,1,1,0
CCC,2014B,557849.0,M,Scotland,HE Qualification,50-60%,35-55,0.0,90.0,N,Withdrawn,0.0,0.0,High,0,1,0
CCC,2014B,557995.0,M,London Region,HE Qualification,10-20,0-35,0.0,120.0,N,Withdrawn,655.0,63.0,High,1,1,0
CCC,2014B,558122.0,M,Scotland,Post Graduate Qualification,90-100%,35-55,0.0,60.0,N,Fail,223.0,10.0,Other,1,0,0
CCC,2014B,558444.0,F,London Region,Lower Than A Level,10-20,0-35,0.0,180.0,N,Fail,1.0,0.0,Low,0,0,0
CCC,2014B,558471.0,M,South Region,A Level or Equivalent,20-30%,0-35,0.0,60.0,N,Withdrawn,663.0,5.0,High,1,1,0
CCC,2014B,558518.0,M,South Region,HE Qualification,90-100%,0-35,0.0,30.0,N,Pass,539.0,4.0,High,1,0,1
CCC,2014B,558616.0,M,North Region,Lower Than A Level,60-70%,0-35,0.0,30.0,N,Pass,2026.0,217.0,Low,1,0,1
CCC,2014B,558806.0,M,West Midlands Region,A Level or Equivalent,30-40%,0-35,0.0,30.0,N,Withdrawn,0.0,0.0,High,0,1,0
CCC,2014B,558914.0,F,North Western Region,A Level or Equivalent,10-20,0-35,0.0,90.0,N,Fail,2852.0,914.0,High,1,0,0
CCC,2014B,559157.0,M,South East Region,Lower Than A Level,60-70%,0-35,0.0,60.0,N,Withdrawn,683.0,0.0,Low,0,1,0
CCC,2014B,559469.0,F,North Region,Lower Than A Level,,0-35,0.0,30.0,N,Withdrawn,85.0,16.0,Low,1,1,0
CCC,2014B,559706.0,M,East Midlands Region,Lower Than A Level,60-70%,0-35,0.0,30.0,N,Pass,1431.0,98.0,Low,1,0,1
CCC,2014B,559770.0,M,South East Region,HE Qualification,90-100%,35-55,0.0,60.0,N,Pass,4629.0,1172.0,High,1,0,1
CCC,2014B,559912.0,M,East Midlands Region,Lower Than A Level,50-60%,0-35,0.0,60.0,N,Withdrawn,206.0,4.0,Low,1,1,0
CCC,2014B,559977.0,M,Yorkshire Region,Lower Than A Level,10-20,0-35,0.0,60.0,N,Fail,150.0,0.0,Low,0,0,0
CCC,2014B,560114.0,M,North Western Region,A Level or Equivalent,10-20,0-35,0.0,30.0,Y,Pass,2443.0,982.0,High,1,0,1
CCC,2014B,560311.0,M,East Anglian Region,Lower Than A Level,50-60%,0-35,0.0,60.0,N,Distinction,3081.0,263.0,Low,1,0,1
CCC,2014B,560494.0,M,London Region,A Level or Equivalent,30-40%,0-35,0.0,90.0,Y,Pass,1294.0,188.0,High,1,0,1
CCC,2014B,560784.0,M,South Region,Lower Than A Level,80-90%,0-35,0.0,60.0,N,Withdrawn,1192.0,11.0,Low,1,1,0
CCC,2014B,560951.0,M,South East Region,A Level or Equivalent,80-90%,35-55,0.0,60.0,N,Fail,411.0,37.0,High,1,0,0
CCC,2014B,561363.0,M,Scotland,Post Graduate Qualification,80-90%,35-55,0.0,60.0,N,Pass,859.0,95.0,Other,1,0,1
CCC,2014B,561559.0,M,South Region,HE Qualification,40-50%,35-55,0.0,60.0,N,Pass,2196.0,1.0,High,1,0,1
CCC,2014B,561774.0,M,Scotland,A Level or Equivalent,60-70%,0-35,0.0,90.0,N,Pass,2101.0,172.0,High,1,0,1
CCC,2014B,561823.0,M,South East Region,A Level or Equivalent,10-20,0-35,0.0,120.0,N,Withdrawn,66.0,25.0,High,1,1,0
CCC,2014B,562450.0,F,South Region,A Level or Equivalent,10-20,0-35,0.0,120.0,N,Pass,865.0,9.0,High,1,0,1
CCC,2014B,562585.0,F,South East Region,No Formal quals,60-70%,0-35,0.0,90.0,N,Withdrawn,121.0,0.0,Other,0,1,0
CCC,2014B,562825.0,M,East Midlands Region,HE Qualification,90-100%,35-55,0.0,60.0,N,Pass,545.0,63.0,High,1,0,1
CCC,2014B,563046.0,M,East Anglian Region,A Level or Equivalent,50-60%,0-35,0.0,60.0,N,Pass,527.0,3.0,High,1,0,1
CCC,2014B,563556.0,F,Yorkshire Region,A Level or Equivalent,0-10%,0-35,0.0,90.0,N,Withdrawn,37.0,0.0,High,0,1,0
CCC,2014B,563631.0,M,West Midlands Region,A Level or Equivalent,60-70%,0-35,0.0,90.0,N,Fail,119.0,8.0,High,1,0,0
CCC,2014B,563819.0,M,South East Region,A Level or Equivalent,50-60%,0-35,0.0,90.0,Y,Pass,450.0,18.0,High,1,0,1
CCC,2014B,563967.0,M,West Midlands Region,A Level or Equivalent,40-50%,0-35,0.0,60.0,N,Withdrawn,264.0,4.0,High,1,1,0
CCC,2014B,564325.0,F,North Western Region,Lower Than A Level,30-40%,0-35,0.0,120.0,Y,Withdrawn,11.0,0.0,Low,0,1,0
CCC,2014B,564444.0,M,London Region,Lower Than A Level,50-60%,0-35,0.0,60.0,N,Withdrawn,0.0,0.0,Low,0,1,0
CCC,2014B,564700.0,M,South Region,Lower Than A Level,70-80%,0-35,0.0,120.0,N,Withdrawn,147.0,6.0,Low,1,1,0
CCC,2014B,564841.0,F,South Region,HE Qualification,90-100%,35-55,0.0,60.0,N,Withdrawn,0.0,0.0,High,0,1,0
CCC,2014B,565275.0,M,South Region,A Level or Equivalent,40-50%,0-35,0.0,150.0,N,Withdrawn,0.0,0.0,High,0,1,0
CCC,2014B,565399.0,M,London Region,HE Qualification,0-10%,0-35,0.0,30.0,N,Distinction,2490.0,90.0,High,1,0,1
CCC,2014B,565838.0,M,East Midlands Region,A Level or Equivalent,50-60%,0-35,0.0,60.0,N,Fail,757.0,50.0,High,1,0,0
CCC,2014B,565883.0,M,Scotland,Lower Than A Level,10-20,0-35,0.0,60.0,N,Withdrawn,1557.0,285.0,Low,1,1,0
CCC,2014B,566185.0,F,West Midlands Region,A Level or Equivalent,0-10%,35-55,0.0,120.0,N,Fail,900.0,68.0,High,1,0,0
CCC,2014B,566310.0,M,Scotland,A Level or Equivalent,10-20,35-55,0.0,60.0,N,Pass,4345.0,863.0,High,1,0,1
CCC,2014B,566428.0,M,South West Region,A Level or Equivalent,50-60%,0-35,0.0,60.0,N,Distinction,679.0,4.0,High,1,0,1
CCC,2014B,566664.0,M,London Region,A Level or Equivalent,40-50%,0-35,0.0,90.0,N,Withdrawn,255.0,47.0,High,1,1,0
CCC,2014B,566670.0,M,West Midlands Region,Lower Than A Level,0-10%,35-55,0.0,60.0,N,Pass,2990.0,13.0,Low,1,0,1
CCC,2014B,566704.0,F,Wales,HE Qualification,20-30%,35-55,0.0,90.0,N,Withdrawn,142.0,3.0,High,1,1,0
CCC,2014B,566715.0,F,South Region,A Level or Equivalent,90-100%,0-35,0.0,90.0,N,Pass,415.0,4.0,High,1,0,1
CCC,2014B,566871.0,M,London Region,Lower Than A Level,10-20,0-35,0.0,90.0,N,Fail,638.0,185.0,Low,1,0,0
CCC,2014B,566872.0,F,South East Region,A Level or Equivalent,10-20,0-35,0.0,60.0,N,Withdrawn,176.0,13.0,High,1,1,0
CCC,2014B,568047.0,F,London Region,HE Qualification,50-60%,35-55,0.0,60.0,N,Fail,302.0,5.0,High,1,0,0
CCC,2014B,568084.0,M,East Midlands Region,A Level or Equivalent,20-30%,0-35,0.0,120.0,N,Distinction,919.0,11.0,High,1,0,1
CCC,2014B,569080.0,M,London Region,A Level or Equivalent,10-20,0-35,0.0,30.0,N,Distinction,4522.0,113.0,High,1,0,1
CCC,2014B,569108.0,M,South East Region,A Level or Equivalent,70-80%,0-35,0.0,30.0,Y,Distinction,1785.0,38.0,High,1,0,1
CCC,2014B,569342.0,M,South Region,Lower Than A Level,70-80%,0-35,0.0,120.0,N,Fail,797.0,416.0,Low,1,0,0
CCC,2014B,569609.0,F,West Midlands Region,A Level or Equivalent,70-80%,0-35,0.0,120.0,N,Pass,1407.0,221.0,High,1,0,1
CCC,2014B,569712.0,M,South Region,Lower Than A Level,50-60%,35-55,0.0,120.0,Y,Withdrawn,1123.0,13.0,Low,1,1,0
CCC,2014B,569928.0,M,South East Region,A Level or Equivalent,80-90%,0-35,0.0,150.0,N,Withdrawn,0.0,0.0,High,0,1,0
CCC,2014B,570113.0,F,Yorkshire Region,A Level or Equivalent,20-30%,0-35,0.0,120.0,N,Withdrawn,136.0,2.0,High,1,1,0
CCC,2014B,570377.0,M,North Western Region,Lower Than A Level,0-10%,0-35,0.0,60.0,N,Withdrawn,49.0,0.0,Low,0,1,0
CCC,2014B,570410.0,F,East Anglian Region,No Formal quals,30-40%,0-35,0.0,60.0,N,Pass,599.0,0.0,Other,0,0,1
CCC,2014B,570488.0,M,East Midlands Region,A Level or Equivalent,10-20,0-35,0.0,60.0,N,Withdrawn,23.0,0.0,High,0,1,0
CCC,2014B,570514.0,F,Yorkshire Region,A Level or Equivalent,20-30%,35-55,0.0,60.0,N,Withdrawn,1177.0,74.0,High,1,1,0
CCC,2014B,570872.0,F,London Region,A Level or Equivalent,30-40%,0-35,0.0,90.0,Y,Pass,910.0,19.0,High,1,0,1
CCC,2014B,570967.0,F,London Region,Lower Than A Level,30-40%,35-55,0.0,60.0,N,Pass,1343.0,2.0,Low,1,0,1
CCC,2014B,571025.0,M,East Anglian Region,No Formal quals,20-30%,0-35,0.0,60.0,N,Withdrawn,1431.0,87.0,Other,1,1,0
CCC,2014B,571128.0,M,Scotland,HE Qualification,80-90%,0-35,0.0,60.0,N,Withdrawn,267.0,30.0,High,1,1,0
CCC,2014B,571129.0,M,Scotland,HE Qualification,90-100%,35-55,0.0,30.0,Y,Distinction,7140.0,2376.0,High,1,0,1
CCC,2014B,571233.0,M,South West Region,Lower Than A Level,60-70%,0-35,0.0,60.0,N,Withdrawn,757.0,73.0,Low,1,1,0
CCC,2014B,571276.0,F,South Region,Lower Than A Level,70-80%,0-35,0.0,60.0,N,Withdrawn,0.0,0.0,Low,0,1,0
CCC,2014B,571365.0,F,North Region,A Level or Equivalent,40-50%,35-55,0.0,60.0,N,Withdrawn,24.0,0.0,High,0,1,0
CCC,2014B,571389.0,F,North Western Region,Lower Than A Level,20-30%,0-35,0.0,60.0,N,Withdrawn,321.0,45.0,Low,1,1,0
CCC,2014B,571571.0,F,East Anglian Region,HE Qualification,20-30%,0-35,0.0,90.0,N,Distinction,1332.0,440.0,High,1,0,1
CCC,2014B,571595.0,M,Scotland,Lower Than A Level,70-80%,0-35,0.0,90.0,N,Fail,80.0,17.0,Low,1,0,0
CCC,2014B,571702.0,M,North Western Region,Lower Than A Level,50-60%,35-55,0.0,90.0,N,Withdrawn,0.0,0.0,Low,0,1,0
CCC,2014B,571776.0,M,North Region,A Level or Equivalent,,0-35,0.0,120.0,N,Pass,2109.0,801.0,High,1,0,1
CCC,2014B,571992.0,M,London Region,Lower Than A Level,10-20,0-35,0.0,120.0,N,Withdrawn,111.0,11.0,Low,1,1,0
CCC,2014B,572036.0,M,East Midlands Region,Lower Than A Level,20-30%,0-35,0.0,120.0,N,Pass,1508.0,76.0,Low,1,0,1
CCC,2014B,572154.0,M,Scotland,HE Qualification,40-50%,0-35,0.0,150.0,N,Withdrawn,983.0,134.0,High,1,1,0
CCC,2014B,572241.0,F,Yorkshire Region,A Level or Equivalent,0-10%,0-35,0.0,120.0,N,Withdrawn,0.0,0.0,High,0,1,0
CCC,2014B,572279.0,M,East Anglian Region,Lower Than A Level,30-40%,0-35,0.0,90.0,N,Withdrawn,47.0,2.0,Low,1,1,0
CCC,2014B,572303.0,M,Scotland,HE Qualification,90-100%,0-35,0.0,90.0,N,Pass,833.0,120.0,High,1,0,1
CCC,2014B,572382.0,M,West Midlands Region,A Level or Equivalent,10-20,0-35,0.0,120.0,N,Fail,300.0,5.0,High,1,0,0
CCC,2014B,572401.0,M,South East Region,Lower Than A Level,80-90%,0-35,0.0,90.0,N,Fail,201.0,2.0,Low,1,0,0
CCC,2014B,572438.0,F,South West Region,A Level or Equivalent,40-50%,0-35,0.0,60.0,N,Pass,2726.0,847.0,High,1,0,1
CCC,2014B,572570.0,M,Scotland,A Level or Equivalent,80-90%,0-35,0.0,60.0,N,Pass,2619.0,223.0,High,1,0,1
CCC,2014B,572854.0,F,South East Region,A Level or Equivalent,40-50%,0-35,0.0,90.0,N,Distinction,4763.0,55.0,High,1,0,1
CCC,2014B,572891.0,M,Yorkshire Region,A Level or Equivalent,60-70%,0-35,0.0,60.0,N,Pass,1007.0,261.0,High,1,0,1
CCC,2014B,572909.0,M,South East Region,A Level or Equivalent,50-60%,0-35,0.0,120.0,N,Withdrawn,0.0,0.0,High,0,1,0
CCC,2014B,573153.0,M,Yorkshire Region,Lower Than A Level,0-10%,0-35,0.0,90.0,N,Withdrawn,125.0,7.0,Low,1,1,0
CCC,2014B,573166.0,M,West Midlands Region,A Level or Equivalent,30-40%,0-35,0.0,90.0,N,Withdrawn,469.0,26.0,High,1,1,0
CCC,2014B,573197.0,F,Yorkshire Region,Lower Than A Level,10-20,0-35,0.0,60.0,N,Withdrawn,193.0,13.0,Low,1,1,0
CCC,2014B,573377.0,M,South East Region,Lower Than A Level,70-80%,0-35,0.0,60.0,N,Pass,1047.0,62.0,Low,1,0,1
CCC,2014B,573440.0,M,Scotland,Lower Than A Level,30-40%,0-35,0.0,120.0,N,Pass,648.0,160.0,Low,1,0,1
CCC,2014B,573462.0,F,Wales,HE Qualification,10-20,35-55,0.0,60.0,N,Withdrawn,3.0,0.0,High,0,1,0
CCC,2014B,573558.0,M,North Region,A Level or Equivalent,50-60%,0-35,0.0,60.0,N,Pass,2392.0,606.0,High,1,0,1
CCC,2014B,573662.0,M,London Region,A Level or Equivalent,60-70%,0-35,0.0,60.0,N,Withdrawn,423.0,0.0,High,0,1,0
CCC,2014B,573665.0,M,South Region,Lower Than A Level,70-80%,0-35,0.0,60.0,N,Withdrawn,0.0,0.0,Low,0,1,0
CCC,2014B,573696.0,M,London Region,A Level or Equivalent,0-10%,0-35,0.0,90.0,N,Fail,335.0,7.0,High,1,0,0
CCC,2014B,573697.0,F,South Region,HE Qualification,70-80%,0-35,0.0,180.0,N,Withdrawn,54.0,7.0,High,1,1,0
CCC,2014B,573701.0,M,Scotland,Lower Than A Level,60-70%,0-35,0.0,150.0,N,Fail,0.0,0.0,Low,0,0,0
CCC,2014B,574221.0,M,London Region,HE Qualification,60-70%,0-35,0.0,30.0,N,Distinction,1231.0,50.0,High,1,0,1
CCC,2014B,574283.0,M,South Region,A Level or Equivalent,20-30%,35-55,0.0,120.0,N,Fail,515.0,55.0,High,1,0,0
CCC,2014B,574523.0,M,South East Region,A Level or Equivalent,50-60%,0-35,0.0,90.0,N,Withdrawn,274.0,13.0,High,1,1,0
CCC,2014B,574529.0,F,South West Region,A Level or Equivalent,10-20,0-35,0.0,120.0,N,Fail,110.0,12.0,High,1,0,0
CCC,2014B,574551.0,M,Scotland,A Level or Equivalent,40-50%,0-35,0.0,90.0,N,Fail,310.0,0.0,High,0,0,0
CCC,2014B,574564.0,M,London Region,HE Qualification,10-20,0-35,0.0,90.0,N,Withdrawn,145.0,1.0,High,1,1,0
CCC,2014B,574580.0,F,North Region,Lower Than A Level,0-10%,0-35,0.0,150.0,Y,Fail,215.0,6.0,Low,1,0,0
CCC,2014B,574663.0,M,Yorkshire Region,Lower Than A Level,30-40%,0-35,0.0,240.0,N,Withdrawn,141.0,0.0,Low,0,1,0
CCC,2014B,574817.0,F,Ireland,A Level or Equivalent,,0-35,0.0,90.0,N,Distinction,752.0,0.0,High,0,0,1
CCC,2014B,574830.0,F,Scotland,Lower Than A Level,90-100%,0-35,0.0,90.0,N,Withdrawn,269.0,8.0,Low,1,1,0
CCC,2014B,575166.0,M,East Anglian Region,A Level or Equivalent,20-30%,0-35,0.0,60.0,N,Withdrawn,1133.0,62.0,High,1,1,0
CCC,2014B,575287.0,F,West Midlands Region,A Level or Equivalent,10-20,35-55,0.0,120.0,N,Withdrawn,90.0,4.0,High,1,1,0
CCC,2014B,575419.0,M,West Midlands Region,Lower Than A Level,50-60%,0-35,0.0,90.0,N,Withdrawn,198.0,10.0,Low,1,1,0
CCC,2014B,575545.0,M,Scotland,HE Qualification,0-10%,0-35,0.0,60.0,N,Withdrawn,392.0,62.0,High,1,1,0
CCC,2014B,575703.0,M,East Anglian Region,A Level or Equivalent,60-70%,35-55,0.0,60.0,N,Withdrawn,199.0,47.0,High,1,1,0
CCC,2014B,575733.0,M,Wales,Lower Than A Level,20-30%,35-55,0.0,60.0,N,Pass,2240.0,15.0,Low,1,0,1
CCC,2014B,575745.0,F,North Region,HE Qualification,,35-55,0.0,130.0,N,Pass,2015.0,35.0,High,1,0,1
CCC,2014B,575824.0,F,Wales,A Level or Equivalent,80-90%,0-35,0.0,90.0,N,Pass,3946.0,31.0,High,1,0,1
CCC,2014B,575967.0,M,Wales,A Level or Equivalent,40-50%,0-35,0.0,150.0,N,Distinction,1313.0,36.0,High,1,0,1
CCC,2014B,576191.0,M,Scotland,HE Qualification,10-20,0-35,0.0,120.0,N,Fail,117.0,35.0,High,1,0,0
CCC,2014B,576383.0,F,South East Region,A Level or Equivalent,90-100%,0-35,0.0,120.0,N,Distinction,2171.0,960.0,High,1,0,1
CCC,2014B,576413.0,M,North Region,A Level or Equivalent,10-20,0-35,0.0,120.0,N,Distinction,6797.0,1408.0,High,1,0,1
CCC,2014B,576475.0,F,North Region,A Level or Equivalent,0-10%,35-55,0.0,120.0,N,Pass,3174.0,253.0,High,1,0,1
CCC,2014B,576516.0,M,East Anglian Region,A Level or Equivalent,80-90%,0-35,0.0,60.0,N,Fail,946.0,3.0,High,1,0,0
CCC,2014B,576780.0,M,East Anglian Region,A Level or Equivalent,30-40%,0-35,0.0,120.0,N,Distinction,3444.0,73.0,High,1,0,1
CCC,2014B,576782.0,M,North Western Region,HE Qualification,30-40%,0-35,0.0,90.0,N,Fail,730.0,12.0,High,1,0,0
CCC,2014B,577035.0,M,South Region,HE Qualification,90-100%,35-55,0.0,90.0,N,Distinction,2032.0,141.0,High,1,0,1
CCC,2014B,577236.0,F,West Midlands Region,A Level or Equivalent,90-100%,0-35,0.0,60.0,N,Distinction,1586.0,499.0,High,1,0,1
CCC,2014B,577245.0,M,South Region,Lower Than A Level,80-90%,0-35,0.0,60.0,N,Fail,4854.0,13.0,Low,1,0,0
CCC,2014B,577273.0,F,East Midlands Region,A Level or Equivalent,0-10%,0-35,0.0,60.0,N,Fail,35.0,0.0,High,0,0,0
CCC,2014B,577352.0,M,East Anglian Region,Lower Than A Level,0-10%,0-35,0.0,120.0,N,Fail,0.0,0.0,Low,0,0,0
CCC,2014B,577414.0,M,Scotland,HE Qualification,0-10%,0-35,0.0,120.0,N,Pass,1068.0,11.0,High,1,0,1
CCC,2014B,577427.0,M,Scotland,A Level or Equivalent,50-60%,0-35,0.0,90.0,N,Withdrawn,195.0,44.0,High,1,1,0
CCC,2014B,577502.0,F,Wales,A Level or Equivalent,20-30%,0-35,0.0,90.0,N,Pass,2673.0,362.0,High,1,0,1
CCC,2014B,577603.0,M,North Region,Lower Than A Level,10-20,0-35,0.0,120.0,N,Withdrawn,0.0,0.0,Low,0,1,0
CCC,2014B,577686.0,M,North Region,A Level or Equivalent,,0-35,0.0,60.0,N,Fail,932.0,60.0,High,1,0,0
CCC,2014B,577688.0,M,West Midlands Region,Lower Than A Level,30-40%,0-35,0.0,90.0,N,Withdrawn,0.0,0.0,Low,0,1,0
CCC,2014B,578034.0,M,North Region,A Level or Equivalent,10-20,0-35,0.0,60.0,N,Withdrawn,1565.0,40.0,High,1,1,0
CCC,2014B,578189.0,F,West Midlands Region,A Level or Equivalent,40-50%,35-55,0.0,120.0,N,Pass,2533.0,114.0,High,1,0,1
CCC,2014B,578450.0,F,East Anglian Region,Lower Than A Level,10-20,0-35,0.0,120.0,N,Fail,248.0,18.0,Low,1,0,0
CCC,2014B,578541.0,F,East Midlands Region,A Level or Equivalent,70-80%,0-35,0.0,60.0,N,Withdrawn,488.0,20.0,High,1,1,0
CCC,2014B,578655.0,F,Ireland,A Level or Equivalent,60-70%,0-35,0.0,150.0,N,Pass,4967.0,485.0,High,1,0,1
CCC,2014B,578823.0,M,East Anglian Region,A Level or Equivalent,70-80%,0-35,0.0,180.0,N,Withdrawn,507.0,28.0,High,1,1,0
CCC,2014B,578850.0,M,West Midlands Region,A Level or Equivalent,10-20,0-35,0.0,90.0,N,Pass,838.0,96.0,High,1,0,1
CCC,2014B,578958.0,M,Wales,Lower Than A Level,20-30%,35-55,0.0,135.0,N,Pass,1854.0,40.0,Low,1,0,1
CCC,2014B,579027.0,M,Scotland,HE Qualification,40-50%,0-35,0.0,90.0,N,Fail,9.0,0.0,High,0,0,0
CCC,2014B,579321.0,M,South East Region,Lower Than A Level,20-30%,0-35,0.0,180.0,N,Withdrawn,1.0,0.0,Low,0,1,0
CCC,2014B,579340.0,M,South Region,Lower Than A Level,60-70%,0-35,0.0,90.0,N,Withdrawn,286.0,0.0,Low,0,1,0
CCC,2014B,579343.0,M,West Midlands Region,HE Qualification,40-50%,0-35,0.0,60.0,N,Pass,4310.0,1878.0,High,1,0,1
CCC,2014B,579372.0,M,Yorkshire Region,Lower Than A Level,0-10%,0-35,0.0,150.0,N,Withdrawn,187.0,8.0,Low,1,1,0
CCC,2014B,579550.0,M,Wales,A Level or Equivalent,20-30%,0-35,0.0,120.0,Y,Pass,950.0,51.0,High,1,0,1
CCC,2014B,580477.0,M,East Anglian Region,Lower Than A Level,80-90%,0-35,0.0,120.0,Y,Withdrawn,77.0,9.0,Low,1,1,0
CCC,2014B,580511.0,M,Scotland,HE Qualification,20-30%,0-35,0.0,90.0,N,Withdrawn,549.0,50.0,High,1,1,0
CCC,2014B,580525.0,M,North Region,HE Qualification,,0-35,0.0,60.0,N,Distinction,1113.0,133.0,High,1,0,1
CCC,2014B,580689.0,M,Scotland,HE Qualification,20-30%,35-55,0.0,90.0,Y,Withdrawn,210.0,44.0,High,1,1,0
CCC,2014B,580722.0,M,South Region,A Level or Equivalent,90-100%,0-35,0.0,60.0,Y,Withdrawn,343.0,0.0,High,0,1,0
CCC,2014B,580768.0,M,West Midlands Region,A Level or Equivalent,0-10%,0-35,0.0,120.0,N,Withdrawn,160.0,0.0,High,0,1,0
CCC,2014B,580779.0,F,East Midlands Region,A Level or Equivalent,70-80%,0-35,0.0,90.0,N,Pass,1699.0,97.0,High,1,0,1
CCC,2014B,581123.0,M,West Midlands Region,A Level or Equivalent,70-80%,0-35,0.0,150.0,N,Withdrawn,922.0,44.0,High,1,1,0
CCC,2014B,581328.0,M,London Region,Lower Than A Level,10-20,0-35,0.0,90.0,N,Withdrawn,40.0,0.0,Low,0,1,0
CCC,2014B,581611.0,F,London Region,HE Qualification,50-60%,35-55,0.0,90.0,N,Pass,1218.0,3.0,High,1,0,1
CCC,2014B,581614.0,M,East Anglian Region,A Level or Equivalent,90-100%,0-35,0.0,120.0,N,Pass,1271.0,0.0,High,0,0,1
CCC,2014B,581744.0,M,South East Region,Lower Than A Level,60-70%,0-35,0.0,60.0,N,Withdrawn,248.0,10.0,Low,1,1,0
CCC,2014B,581745.0,M,North Region,Lower Than A Level,20-30%,0-35,0.0,60.0,N,Withdrawn,0.0,0.0,Low,0,1,0
CCC,2014B,582087.0,M,Scotland,Lower Than A Level,40-50%,0-35,0.0,90.0,N,Fail,9771.0,544.0,Low,1,0,0
CCC,2014B,582108.0,M,London Region,A Level or Equivalent,10-20,0-35,0.0,90.0,N,Fail,897.0,45.0,High,1,0,0
CCC,2014B,582723.0,M,North Region,Lower Than A Level,10-20,35-55,0.0,60.0,N,Withdrawn,1430.0,108.0,Low,1,1,0
CCC,2014B,582827.0,M,East Anglian Region,A Level or Equivalent,30-40%,0-35,0.0,60.0,N,Withdrawn,80.0,0.0,High,0,1,0
CCC,2014B,582879.0,M,East Anglian Region,Lower Than A Level,40-50%,35-55,0.0,90.0,N,Pass,2000.0,139.0,Low,1,0,1
CCC,2014B,582950.0,M,Scotland,HE Qualification,30-40%,0-35,0.0,90.0,N,Distinction,1342.0,139.0,High,1,0,1
CCC,2014B,583032.0,M,Scotland,HE Qualification,50-60%,0-35,0.0,60.0,N,Pass,3130.0,45.0,High,1,0,1
CCC,2014B,583051.0,M,East Midlands Region,Lower Than A Level,80-90%,0-35,0.0,180.0,N,Withdrawn,0.0,0.0,Low,0,1,0
CCC,2014B,583052.0,M,East Anglian Region,A Level or Equivalent,90-100%,0-35,0.0,60.0,N,Pass,1550.0,21.0,High,1,0,1
CCC,2014B,583192.0,F,Scotland,HE Qualification,90-100%,0-35,0.0,60.0,N,Pass,1240.0,427.0,High,1,0,1
CCC,2014B,583238.0,M,East Anglian Region,Lower Than A Level,70-80%,0-35,0.0,60.0,N,Withdrawn,102.0,18.0,Low,1,1,0
CCC,2014B,583906.0,M,London Region,A Level or Equivalent,30-40%,0-35,0.0,30.0,N,Distinction,2393.0,163.0,High,1,0,1
CCC,2014B,584077.0,M,North Western Region,A Level or Equivalent,20-30%,0-35,0.0,150.0,N,Withdrawn,354.0,59.0,High,1,1,0
CCC,2014B,584191.0,M,East Midlands Region,HE Qualification,70-80%,0-35,0.0,60.0,N,Pass,3248.0,769.0,High,1,0,1
CCC,2014B,584305.0,M,Scotland,A Level or Equivalent,40-50%,0-35,0.0,150.0,N,Withdrawn,0.0,0.0,High,0,1,0
CCC,2014B,584446.0,F,Ireland,HE Qualification,,0-35,0.0,120.0,N,Pass,551.0,109.0,High,1,0,1
CCC,2014B,584468.0,F,North Western Region,A Level or Equivalent,30-40%,35-55,0.0,120.0,N,Withdrawn,207.0,17.0,High,1,1,0
CCC,2014B,584586.0,M,South Region,A Level or Equivalent,40-50%,0-35,0.0,120.0,Y,Withdrawn,0.0,0.0,High,0,1,0
CCC,2014B,584749.0,F,West Midlands Region,Lower Than A Level,10-20,0-35,0.0,180.0,N,Withdrawn,0.0,0.0,Low,0,1,0
CCC,2014B,584756.0,M,London Region,Lower Than A Level,40-50%,0-35,0.0,120.0,N,Fail,0.0,0.0,Low,0,0,0
CCC,2014B,584771.0,M,Scotland,HE Qualification,20-30%,0-35,0.0,90.0,N,Withdrawn,1773.0,6.0,High,1,1,0
CCC,2014B,584913.0,M,North Western Region,A Level or Equivalent,0-10%,0-35,0.0,60.0,N,Withdrawn,0.0,0.0,High,0,1,0
CCC,2014B,584940.0,M,East Anglian Region,A Level or Equivalent,70-80%,0-35,0.0,60.0,N,Pass,2451.0,152.0,High,1,0,1
CCC,2014B,585011.0,M,Scotland,HE Qualification,80-90%,0-35,0.0,120.0,N,Withdrawn,164.0,17.0,High,1,1,0
CCC,2014B,585057.0,M,North Region,HE Qualification,,0-35,0.0,90.0,N,Pass,411.0,3.0,High,1,0,1
CCC,2014B,585093.0,M,North Region,Post Graduate Qualification,,35-55,0.0,90.0,N,Distinction,6096.0,436.0,Other,1,0,1
CCC,2014B,585383.0,M,South East Region,A Level or Equivalent,40-50%,0-35,0.0,120.0,N,Pass,678.0,61.0,High,1,0,1
CCC,2014B,585393.0,M,South West Region,A Level or Equivalent,60-70%,0-35,0.0,60.0,N,Distinction,9775.0,3576.0,High,1,0,1
CCC,2014B,585397.0,M,East Anglian Region,A Level or Equivalent,90-100%,0-35,0.0,60.0,N,Pass,4072.0,87.0,High,1,0,1
CCC,2014B,585433.0,M,Scotland,HE Qualification,80-90%,0-35,0.0,60.0,N,Withdrawn,147.0,18.0,High,1,1,0
CCC,2014B,585455.0,M,Scotland,A Level or Equivalent,90-100%,0-35,0.0,60.0,N,Pass,2158.0,66.0,High,1,0,1
CCC,2014B,585464.0,M,South Region,A Level or Equivalent,80-90%,0-35,0.0,60.0,N,Withdrawn,317.0,75.0,High,1,1,0
CCC,2014B,585681.0,M,Yorkshire Region,HE Qualification,90-100%,0-35,0.0,60.0,N,Withdrawn,286.0,41.0,High,1,1,0
CCC,2014B,585695.0,M,South West Region,A Level or Equivalent,60-70%,0-35,0.0,90.0,Y,Distinction,1349.0,3.0,High,1,0,1
CCC,2014B,585709.0,F,South West Region,A Level or Equivalent,40-50%,0-35,0.0,90.0,N,Pass,4519.0,2817.0,High,1,0,1
CCC,2014B,585769.0,F,Scotland,Post Graduate Qualification,50-60%,0-35,0.0,90.0,N,Withdrawn,3702.0,675.0,Other,1,1,0
CCC,2014B,585900.0,M,East Midlands Region,A Level or Equivalent,80-90%,0-35,0.0,90.0,N,Fail,315.0,15.0,High,1,0,0
CCC,2014B,586060.0,M,South Region,Lower Than A Level,20-30%,0-35,0.0,60.0,N,Fail,0.0,0.0,Low,0,0,0
CCC,2014B,586132.0,M,East Anglian Region,A Level or Equivalent,80-90%,0-35,0.0,60.0,N,Withdrawn,138.0,0.0,High,0,1,0
CCC,2014B,586436.0,F,East Anglian Region,Lower Than A Level,50-60%,0-35,0.0,60.0,Y,Fail,59.0,1.0,Low,1,0,0
CCC,2014B,586473.0,M,East Midlands Region,A Level or Equivalent,70-80%,0-35,0.0,60.0,Y,Fail,115.0,7.0,High,1,0,0
CCC,2014B,586476.0,F,South East Region,A Level or Equivalent,50-60%,0-35,0.0,120.0,N,Withdrawn,762.0,45.0,High,1,1,0
CCC,2014B,586526.0,M,South Region,A Level or Equivalent,90-100%,0-35,0.0,120.0,N,Withdrawn,485.0,143.0,High,1,1,0
CCC,2014B,586716.0,M,Scotland,HE Qualification,80-90%,0-35,0.0,90.0,N,Withdrawn,635.0,0.0,High,0,1,0
CCC,2014B,586921.0,M,East Anglian Region,Lower Than A Level,80-90%,0-35,0.0,60.0,N,Withdrawn,627.0,40.0,Low,1,1,0
CCC,2014B,586962.0,M,South Region,A Level or Equivalent,80-90%,0-35,0.0,90.0,N,Withdrawn,97.0,21.0,High,1,1,0
CCC,2014B,587122.0,M,Scotland,Lower Than A Level,60-70%,35-55,0.0,90.0,N,Withdrawn,653.0,38.0,Low,1,1,0
CCC,2014B,587179.0,F,West Midlands Region,HE Qualification,10-20,0-35,0.0,120.0,N,Withdrawn,0.0,0.0,High,0,1,0
CCC,2014B,587585.0,M,London Region,A Level or Equivalent,90-100%,0-35,0.0,60.0,N,Fail,34.0,2.0,High,1,0,0
CCC,2014B,587621.0,F,London Region,Lower Than A Level,70-80%,35-55,0.0,90.0,N,Withdrawn,335.0,73.0,Low,1,1,0
CCC,2014B,587783.0,M,East Anglian Region,Lower Than A Level,80-90%,0-35,0.0,120.0,N,Pass,1907.0,166.0,Low,1,0,1
CCC,2014B,587884.0,M,South West Region,Lower Than A Level,60-70%,0-35,0.0,60.0,N,Withdrawn,1.0,0.0,Low,0,1,0
CCC,2014B,587906.0,M,East Midlands Region,A Level or Equivalent,20-30%,0-35,0.0,60.0,N,Pass,3919.0,1466.0,High,1,0,1
CCC,2014B,587911.0,M,North Western Region,A Level or Equivalent,50-60%,0-35,0.0,60.0,N,Pass,1483.0,395.0,High,1,0,1
CCC,2014B,588059.0,F,East Midlands Region,Lower Than A Level,60-70%,35-55,0.0,90.0,Y,Withdrawn,0.0,0.0,Low,0,1,0
CCC,2014B,588125.0,M,Yorkshire Region,Lower Than A Level,70-80%,0-35,0.0,60.0,N,Withdrawn,371.0,32.0,Low,1,1,0
CCC,2014B,588175.0,F,London Region,Lower Than A Level,20-30%,0-35,0.0,240.0,N,Withdrawn,0.0,0.0,Low,0,1,0
CCC,2014B,588219.0,M,South East Region,Lower Than A Level,50-60%,0-35,0.0,90.0,N,Fail,630.0,61.0,Low,1,0,0
CCC,2014B,588274.0,M,West Midlands Region,A Level or Equivalent,70-80%,35-55,0.0,120.0,N,Distinction,7797.0,3280.0,High,1,0,1
CCC,2014B,588402.0,M,Wales,Lower Than A Level,60-70%,35-55,0.0,60.0,N,Fail,1763.0,0.0,Low,0,0,0
CCC,2014B,588430.0,M,North Region,Lower Than A Level,60-70%,0-35,0.0,90.0,N,Pass,428.0,121.0,Low,1,0,1
CCC,2014B,588460.0,M,East Anglian Region,Lower Than A Level,60-70%,35-55,0.0,90.0,N,Withdrawn,535.0,23.0,Low,1,1,0
CCC,2014B,588464.0,M,East Midlands Region,A Level or Equivalent,60-70%,0-35,0.0,120.0,N,Withdrawn,228.0,3.0,High,1,1,0
CCC,2014B,588473.0,M,East Anglian Region,HE Qualification,20-30%,0-35,0.0,30.0,N,Distinction,1224.0,120.0,High,1,0,1
CCC,2014B,588524.0,M,Scotland,HE Qualification,70-80%,0-35,0.0,60.0,N,Pass,426.0,7.0,High,1,0,1
CCC,2014B,588590.0,F,Scotland,HE Qualification,20-30%,0-35,0.0,30.0,Y,Fail,260.0,4.0,High,1,0,0
CCC,2014B,588676.0,M,Scotland,HE Qualification,80-90%,0-35,0.0,90.0,N,Pass,2520.0,78.0,High,1,0,1
CCC,2014B,588694.0,M,North Region,Lower Than A Level,70-80%,0-35,0.0,60.0,N,Withdrawn,0.0,0.0,Low,0,1,0
CCC,2014B,588707.0,F,Wales,A Level or Equivalent,60-70%,0-35,0.0,150.0,N,Distinction,1749.0,87.0,High,1,0,1
CCC,2014B,588710.0,M,North Western Region,Lower Than A Level,40-50%,0-35,0.0,60.0,N,Withdrawn,142.0,0.0,Low,0,1,0
CCC,2014B,588846.0,M,North Western Region,HE Qualification,90-100%,0-35,0.0,60.0,N,Fail,563.0,11.0,High,1,0,0
CCC,2014B,588956.0,M,South East Region,HE Qualification,70-80%,0-35,0.0,120.0,N,Pass,284.0,17.0,High,1,0,1
CCC,2014B,589018.0,M,Scotland,Lower Than A Level,20-30%,0-35,0.0,120.0,N,Withdrawn,0.0,0.0,Low,0,1,0
CCC,2014B,589023.0,M,North Region,A Level or Equivalent,,0-35,0.0,60.0,N,Withdrawn,0.0,0.0,High,0,1,0
CCC,2014B,589108.0,M,South East Region,Lower Than A Level,20-30%,0-35,0.0,90.0,Y,Withdrawn,0.0,0.0,Low,0,1,0
CCC,2014B,589327.0,M,Scotland,HE Qualification,70-80%,0-35,0.0,60.0,N,Withdrawn,943.0,85.0,High,1,1,0
CCC,2014B,589390.0,F,South West Region,Lower Than A Level,30-40%,0-35,0.0,90.0,N,Pass,1642.0,10.0,Low,1,0,1
CCC,2014B,589517.0,F,West Midlands Region,A Level or Equivalent,40-50%,0-35,0.0,60.0,N,Withdrawn,0.0,0.0,High,0,1,0
CCC,2014B,589525.0,F,East Midlands Region,A Level or Equivalent,60-70%,0-35,0.0,60.0,Y,Distinction,1535.0,274.0,High,1,0,1
CCC,2014B,589722.0,M,Ireland,A Level or Equivalent,50-60%,0-35,0.0,60.0,N,Withdrawn,230.0,0.0,High,0,1,0
CCC,2014B,589894.0,M,Scotland,A Level or Equivalent,80-90%,0-35,0.0,60.0,N,Withdrawn,291.0,30.0,High,1,1,0
CCC,2014B,590072.0,M,Scotland,A Level or Equivalent,70-80%,0-35,0.0,90.0,N,Fail,1.0,0.0,High,0,0,0
CCC,2014B,590626.0,M,Scotland,Lower Than A Level,60-70%,35-55,0.0,60.0,N,Withdrawn,238.0,70.0,Low,1,1,0
CCC,2014B,590699.0,M,East Anglian Region,HE Qualification,80-90%,35-55,0.0,120.0,N,Withdrawn,139.0,0.0,High,0,1,0
CCC,2014B,590744.0,F,Scotland,HE Qualification,10-20,0-35,0.0,60.0,N,Withdrawn,0.0,0.0,High,0,1,0
CCC,2014B,590762.0,M,Scotland,A Level or Equivalent,30-40%,0-35,0.0,120.0,N,Fail,160.0,42.0,High,1,0,0
CCC,2014B,590877.0,M,South East Region,Lower Than A Level,40-50%,0-35,0.0,60.0,N,Fail,271.0,72.0,Low,1,0,0
CCC,2014B,590881.0,M,East Anglian Region,Lower Than A Level,30-40%,0-35,0.0,90.0,N,Withdrawn,0.0,0.0,Low,0,1,0
CCC,2014B,590914.0,F,West Midlands Region,A Level or Equivalent,40-50%,0-35,0.0,60.0,N,Fail,679.0,12.0,High,1,0,0
CCC,2014B,590961.0,M,Scotland,A Level or Equivalent,80-90%,0-35,0.0,90.0,N,Withdrawn,189.0,0.0,High,0,1,0
CCC,2014B,590974.0,M,Yorkshire Region,Lower Than A Level,60-70%,0-35,0.0,60.0,N,Withdrawn,412.0,0.0,Low,0,1,0
CCC,2014B,591375.0,M,Scotland,A Level or Equivalent,80-90%,35-55,0.0,60.0,N,Distinction,869.0,211.0,High,1,0,1
CCC,2014B,591388.0,M,West Midlands Region,HE Qualification,60-70%,0-35,0.0,60.0,N,Distinction,1133.0,63.0,High,1,0,1
CCC,2014B,591566.0,M,North Western Region,Lower Than A Level,0-10%,0-35,0.0,60.0,N,Withdrawn,301.0,10.0,Low,1,1,0
CCC,2014B,591619.0,F,South West Region,HE Qualification,90-100%,0-35,0.0,60.0,N,Withdrawn,280.0,68.0,High,1,1,0
CCC,2014B,591655.0,M,North Region,Lower Than A Level,70-80%,0-35,0.0,90.0,N,Withdrawn,95.0,1.0,Low,1,1,0
CCC,2014B,591719.0,M,West Midlands Region,A Level or Equivalent,10-20,0-35,0.0,60.0,N,Withdrawn,2.0,0.0,High,0,1,0
CCC,2014B,591738.0,M,Ireland,A Level or Equivalent,90-100%,0-35,0.0,150.0,N,Withdrawn,617.0,69.0,High,1,1,0
CCC,2014B,591958.0,M,South Region,Lower Than A Level,90-100%,0-35,0.0,60.0,N,Distinction,1250.0,66.0,Low,1,0,1
CCC,2014B,592007.0,M,North Western Region,A Level or Equivalent,50-60%,0-35,0.0,120.0,N,Fail,1035.0,18.0,High,1,0,0
CCC,2014B,592051.0,M,Scotland,HE Qualification,50-60%,35-55,0.0,120.0,Y,Withdrawn,3228.0,542.0,High,1,1,0
CCC,2014B,592093.0,M,West Midlands Region,Lower Than A Level,20-30%,0-35,0.0,90.0,N,Withdrawn,1241.0,91.0,Low,1,1,0
CCC,2014B,592151.0,M,South Region,Lower Than A Level,60-70%,0-35,0.0,60.0,N,Pass,687.0,0.0,Low,0,0,1
CCC,2014B,592158.0,F,London Region,A Level or Equivalent,40-50%,0-35,0.0,120.0,N,Withdrawn,360.0,56.0,High,1,1,0
CCC,2014B,592259.0,M,Yorkshire Region,A Level or Equivalent,80-90%,0-35,0.0,150.0,N,Withdrawn,464.0,69.0,High,1,1,0
CCC,2014B,592284.0,F,North Western Region,A Level or Equivalent,10-20,0-35,0.0,120.0,Y,Withdrawn,0.0,0.0,High,0,1,0
CCC,2014B,592407.0,M,East Midlands Region,A Level or Equivalent,40-50%,0-35,0.0,90.0,N,Withdrawn,97.0,9.0,High,1,1,0
CCC,2014B,592429.0,M,North Region,HE Qualification,,0-35,0.0,60.0,N,Fail,0.0,0.0,High,0,0,0
CCC,2014B,592437.0,M,East Anglian Region,A Level or Equivalent,80-90%,35-55,0.0,120.0,N,Withdrawn,0.0,0.0,High,0,1,0
CCC,2014B,592609.0,M,Scotland,A Level or Equivalent,70-80%,0-35,0.0,60.0,N,Withdrawn,991.0,13.0,High,1,1,0
CCC,2014B,592684.0,M,Scotland,A Level or Equivalent,30-40%,35-55,0.0,60.0,N,Withdrawn,0.0,0.0,High,0,1,0
CCC,2014B,592775.0,M,Yorkshire Region,HE Qualification,80-90%,0-35,0.0,30.0,N,Pass,1563.0,75.0,High,1,0,1
CCC,2014B,592776.0,M,Yorkshire Region,A Level or Equivalent,80-90%,0-35,0.0,60.0,N,Pass,2383.0,38.0,High,1,0,1
CCC,2014B,592842.0,M,Scotland,HE Qualification,30-40%,0-35,0.0,120.0,N,Fail,24.0,0.0,High,0,0,0
CCC,2014B,592876.0,M,Scotland,HE Qualification,10-20,0-35,0.0,90.0,N,Withdrawn,37.0,0.0,High,0,1,0
CCC,2014B,592939.0,M,Scotland,HE Qualification,0-10%,0-35,0.0,240.0,N,Withdrawn,543.0,54.0,High,1,1,0
CCC,2014B,592961.0,M,North Western Region,HE Qualification,40-50%,35-55,0.0,60.0,N,Distinction,2115.0,164.0,High,1,0,1
CCC,2014B,592976.0,M,West Midlands Region,HE Qualification,60-70%,35-55,0.0,60.0,N,Distinction,4975.0,1412.0,High,1,0,1
CCC,2014B,593071.0,M,Scotland,A Level or Equivalent,90-100%,35-55,0.0,90.0,N,Withdrawn,215.0,26.0,High,1,1,0
CCC,2014B,593103.0,M,North Western Region,A Level or Equivalent,20-30%,0-35,0.0,120.0,N,Pass,757.0,147.0,High,1,0,1
CCC,2014B,593123.0,M,Wales,A Level or Equivalent,10-20,0-35,0.0,60.0,N,Fail,815.0,38.0,High,1,0,0
CCC,2014B,593305.0,M,Wales,A Level or Equivalent,10-20,0-35,0.0,60.0,N,Pass,2178.0,76.0,High,1,0,1
CCC,2014B,593787.0,M,Yorkshire Region,Lower Than A Level,0-10%,0-35,0.0,60.0,N,Fail,77.0,0.0,Low,0,0,0
CCC,2014B,593823.0,M,East Anglian Region,HE Qualification,60-70%,35-55,0.0,90.0,N,Distinction,3797.0,957.0,High,1,0,1
CCC,2014B,593972.0,M,North Western Region,A Level or Equivalent,50-60%,0-35,0.0,60.0,N,Pass,1188.0,74.0,High,1,0,1
CCC,2014B,593995.0,M,Yorkshire Region,A Level or Equivalent,70-80%,0-35,0.0,60.0,N,Distinction,2312.0,200.0,High,1,0,1
CCC,2014B,594044.0,M,Wales,HE Qualification,80-90%,0-35,0.0,90.0,N,Pass,1820.0,359.0,High,1,0,1
CCC,2014B,594052.0,M,North Western Region,A Level or Equivalent,80-90%,0-35,0.0,90.0,N,Withdrawn,14.0,0.0,High,0,1,0
CCC,2014B,594111.0,M,Wales,A Level or Equivalent,10-20,35-55,0.0,60.0,N,Withdrawn,27.0,0.0,High,0,1,0
CCC,2014B,594157.0,M,South Region,A Level or Equivalent,10-20,35-55,0.0,60.0,N,Pass,4299.0,516.0,High,1,0,1
CCC,2014B,594193.0,M,South West Region,Lower Than A Level,90-100%,0-35,0.0,60.0,Y,Fail,187.0,6.0,Low,1,0,0
CCC,2014B,594199.0,M,South East Region,A Level or Equivalent,20-30%,0-35,0.0,90.0,Y,Withdrawn,740.0,65.0,High,1,1,0
CCC,2014B,594246.0,M,Scotland,HE Qualification,40-50%,0-35,0.0,60.0,N,Fail,175.0,3.0,High,1,0,0
CCC,2014B,594326.0,M,West Midlands Region,A Level or Equivalent,60-70%,0-35,0.0,120.0,N,Withdrawn,1297.0,47.0,High,1,1,0
CCC,2014B,594371.0,M,North Region,Post Graduate Qualification,,0-35,0.0,30.0,N,Pass,1143.0,131.0,Other,1,0,1
CCC,2014B,594419.0,F,North Western Region,Lower Than A Level,40-50%,0-35,0.0,90.0,N,Withdrawn,1028.0,14.0,Low,1,1,0
CCC,2014B,594851.0,M,Scotland,Lower Than A Level,30-40%,0-35,0.0,90.0,N,Fail,0.0,0.0,Low,0,0,0
CCC,2014B,595164.0,M,East Midlands Region,A Level or Equivalent,70-80%,0-35,0.0,120.0,Y,Pass,580.0,24.0,High,1,0,1
CCC,2014B,595182.0,M,Scotland,HE Qualification,70-80%,0-35,0.0,90.0,N,Pass,1492.0,366.0,High,1,0,1
CCC,2014B,595189.0,M,Scotland,A Level or Equivalent,90-100%,35-55,0.0,60.0,N,Distinction,3070.0,1576.0,High,1,0,1
CCC,2014B,595324.0,F,Scotland,A Level or Equivalent,60-70%,0-35,0.0,120.0,N,Fail,0.0,0.0,High,0,0,0
CCC,2014B,595356.0,M,South West Region,A Level or Equivalent,10-20,35-55,0.0,90.0,N,Withdrawn,362.0,3.0,High,1,1,0
CCC,2014B,595492.0,M,South East Region,Lower Than A Level,50-60%,0-35,0.0,60.0,N,Fail,365.0,9.0,Low,1,0,0
CCC,2014B,595514.0,M,East Midlands Region,A Level or Equivalent,80-90%,35-55,0.0,60.0,N,Withdrawn,6588.0,748.0,High,1,1,0
CCC,2014B,595659.0,M,Yorkshire Region,A Level or Equivalent,0-10%,0-35,0.0,90.0,N,Pass,362.0,38.0,High,1,0,1
CCC,2014B,595685.0,M,East Midlands Region,A Level or Equivalent,60-70%,0-35,0.0,120.0,N,Withdrawn,99.0,2.0,High,1,1,0
CCC,2014B,595781.0,F,North Region,A Level or Equivalent,30-40%,0-35,0.0,60.0,N,Fail,1481.0,6.0,High,1,0,0
CCC,2014B,595797.0,M,Yorkshire Region,A Level or Equivalent,60-70%,0-35,0.0,60.0,N,Pass,1383.0,36.0,High,1,0,1
CCC,2014B,595847.0,M,Wales,HE Qualification,0-10%,0-35,0.0,120.0,N,Pass,393.0,58.0,High,1,0,1
CCC,2014B,595986.0,M,South West Region,A Level or Equivalent,80-90%,0-35,0.0,120.0,N,Pass,675.0,38.0,High,1,0,1
CCC,2014B,595992.0,M,Yorkshire Region,Lower Than A Level,40-50%,0-35,0.0,60.0,N,Withdrawn,192.0,0.0,Low,0,1,0
CCC,2014B,596029.0,M,London Region,Lower Than A Level,20-30%,0-35,0.0,120.0,N,Withdrawn,0.0,0.0,Low,0,1,0
CCC,2014B,596035.0,M,Scotland,A Level or Equivalent,50-60%,35-55,0.0,105.0,N,Withdrawn,786.0,27.0,High,1,1,0
CCC,2014B,596157.0,M,London Region,Lower Than A Level,40-50%,0-35,0.0,240.0,N,Pass,6206.0,1.0,Low,1,0,1
CCC,2014B,596321.0,F,North Western Region,A Level or Equivalent,70-80%,0-35,0.0,60.0,N,Withdrawn,59.0,4.0,High,1,1,0
CCC,2014B,596432.0,F,South East Region,Lower Than A Level,40-50%,0-35,0.0,60.0,N,Withdrawn,2.0,0.0,Low,0,1,0
CCC,2014B,596699.0,M,East Anglian Region,HE Qualification,30-40%,0-35,0.0,240.0,N,Withdrawn,0.0,0.0,High,0,1,0
CCC,2014B,596731.0,M,Yorkshire Region,A Level or Equivalent,30-40%,0-35,0.0,90.0,N,Pass,1203.0,224.0,High,1,0,1
CCC,2014B,596903.0,F,Yorkshire Region,Lower Than A Level,10-20,0-35,0.0,120.0,N,Pass,965.0,9.0,Low,1,0,1
CCC,2014B,596947.0,M,East Anglian Region,Lower Than A Level,80-90%,0-35,0.0,90.0,N,Fail,418.0,1.0,Low,1,0,0
CCC,2014B,597181.0,M,West Midlands Region,A Level or Equivalent,20-30%,0-35,0.0,60.0,N,Fail,0.0,0.0,High,0,0,0
CCC,2014B,597363.0,M,South East Region,Lower Than A Level,40-50%,0-35,0.0,60.0,N,Withdrawn,108.0,7.0,Low,1,1,0
CCC,2014B,597403.0,M,North Western Region,A Level or Equivalent,10-20,0-35,0.0,90.0,N,Pass,718.0,29.0,High,1,0,1
CCC,2014B,597560.0,M,East Midlands Region,Lower Than A Level,60-70%,35-55,0.0,120.0,N,Withdrawn,2.0,0.0,Low,0,1,0
CCC,2014B,597817.0,F,East Anglian Region,A Level or Equivalent,20-30%,0-35,0.0,120.0,N,Fail,95.0,3.0,High,1,0,0
CCC,2014B,597926.0,F,South Region,A Level or Equivalent,90-100%,0-35,0.0,240.0,N,Distinction,692.0,15.0,High,1,0,1
CCC,2014B,598074.0,M,Scotland,A Level or Equivalent,30-40%,0-35,0.0,90.0,N,Withdrawn,246.0,57.0,High,1,1,0
CCC,2014B,598113.0,M,Ireland,HE Qualification,,0-35,0.0,120.0,N,Pass,2462.0,42.0,High,1,0,1
CCC,2014B,598321.0,M,South Region,HE Qualification,80-90%,35-55,0.0,60.0,N,Pass,834.0,74.0,High,1,0,1
CCC,2014B,598662.0,F,Scotland,A Level or Equivalent,90-100%,0-35,0.0,60.0,N,Pass,685.0,75.0,High,1,0,1
CCC,2014B,598666.0,M,London Region,No Formal quals,20-30%,0-35,0.0,120.0,N,Withdrawn,0.0,0.0,Other,0,1,0
CCC,2014B,598757.0,M,South Region,A Level or Equivalent,90-100%,35-55,0.0,90.0,N,Withdrawn,0.0,0.0,High,0,1,0
CCC,2014B,598860.0,F,London Region,Lower Than A Level,20-30%,0-35,0.0,90.0,N,Distinction,4910.0,1834.0,Low,1,0,1
CCC,2014B,598924.0,M,North Region,A Level or Equivalent,40-50%,0-35,0.0,60.0,N,Fail,0.0,0.0,High,0,0,0
CCC,2014B,599263.0,M,Yorkshire Region,A Level or Equivalent,60-70%,0-35,0.0,120.0,N,Fail,391.0,0.0,High,0,0,0
CCC,2014B,599275.0,M,Scotland,A Level or Equivalent,90-100%,0-35,0.0,90.0,N,Fail,854.0,47.0,High,1,0,0
CCC,2014B,599341.0,M,Scotland,A Level or Equivalent,50-60%,0-35,0.0,90.0,N,Withdrawn,792.0,13.0,High,1,1,0
CCC,2014B,599542.0,M,Scotland,Lower Than A Level,10-20,0-35,0.0,90.0,N,Fail,334.0,88.0,Low,1,0,0
CCC,2014B,599547.0,M,East Midlands Region,A Level or Equivalent,70-80%,0-35,0.0,120.0,Y,Withdrawn,0.0,0.0,High,0,1,0
CCC,2014B,599615.0,M,East Midlands Region,Lower Than A Level,40-50%,0-35,0.0,90.0,Y,Fail,35.0,2.0,Low,1,0,0
CCC,2014B,599857.0,M,Scotland,Lower Than A Level,20-30%,35-55,0.0,90.0,N,Pass,1538.0,30.0,Low,1,0,1
CCC,2014B,599893.0,M,South Region,A Level or Equivalent,70-80%,0-35,0.0,60.0,N,Fail,135.0,0.0,High,0,0,0
CCC,2014B,599902.0,M,West Midlands Region,Lower Than A Level,90-100%,0-35,0.0,60.0,N,Withdrawn,52.0,0.0,Low,0,1,0
CCC,2014B,599937.0,F,Wales,Lower Than A Level,30-40%,0-35,0.0,90.0,N,Withdrawn,127.0,19.0,Low,1,1,0
CCC,2014B,599942.0,M,Wales,A Level or Equivalent,0-10%,0-35,0.0,60.0,N,Withdrawn,117.0,11.0,High,1,1,0
CCC,2014B,599958.0,F,South East Region,HE Qualification,40-50%,0-35,0.0,150.0,N,Pass,6698.0,154.0,High,1,0,1
CCC,2014B,599986.0,M,East Midlands Region,Lower Than A Level,20-30%,0-35,0.0,60.0,N,Withdrawn,0.0,0.0,Low,0,1,0
CCC,2014B,600073.0,M,Ireland,A Level or Equivalent,,0-35,0.0,60.0,N,Pass,2060.0,112.0,High,1,0,1
CCC,2014B,600094.0,M,North Western Region,A Level or Equivalent,70-80%,0-35,0.0,90.0,N,Withdrawn,118.0,4.0,High,1,1,0
CCC,2014B,600142.0,M,Wales,A Level or Equivalent,60-70%,0-35,0.0,60.0,N,Fail,425.0,2.0,High,1,0,0
CCC,2014B,600181.0,M,East Midlands Region,HE Qualification,70-80%,0-35,0.0,60.0,N,Withdrawn,244.0,11.0,High,1,1,0
CCC,2014B,600335.0,M,Yorkshire Region,A Level or Equivalent,20-30%,0-35,0.0,60.0,N,Pass,1987.0,0.0,High,0,0,1
CCC,2014B,600436.0,F,West Midlands Region,HE Qualification,20-30%,0-35,0.0,120.0,Y,Withdrawn,116.0,33.0,High,1,1,0
CCC,2014B,600509.0,M,North Western Region,A Level or Equivalent,70-80%,0-35,0.0,60.0,N,Withdrawn,157.0,0.0,High,0,1,0
CCC,2014B,600547.0,M,North Western Region,A Level or Equivalent,10-20,35-55,0.0,60.0,N,Withdrawn,1537.0,10.0,High,1,1,0
CCC,2014B,600632.0,M,South Region,Lower Than A Level,40-50%,0-35,0.0,180.0,N,Distinction,4052.0,192.0,Low,1,0,1
CCC,2014B,600814.0,M,South West Region,Lower Than A Level,30-40%,35-55,0.0,180.0,N,Withdrawn,1407.0,114.0,Low,1,1,0
CCC,2014B,600859.0,M,Scotland,HE Qualification,20-30%,0-35,0.0,90.0,N,Withdrawn,0.0,0.0,High,0,1,0
CCC,2014B,600879.0,M,South Region,A Level or Equivalent,80-90%,0-35,0.0,90.0,N,Withdrawn,0.0,0.0,High,0,1,0
CCC,2014B,600938.0,M,Scotland,HE Qualification,60-70%,0-35,0.0,90.0,N,Withdrawn,328.0,18.0,High,1,1,0
CCC,2014B,600945.0,M,Scotland,A Level or Equivalent,90-100%,0-35,0.0,60.0,N,Pass,1671.0,223.0,High,1,0,1
CCC,2014B,600975.0,F,East Anglian Region,Lower Than A Level,60-70%,0-35,0.0,90.0,N,Withdrawn,144.0,20.0,Low,1,1,0
CCC,2014B,600987.0,M,North Western Region,A Level or Equivalent,0-10%,0-35,0.0,60.0,N,Pass,580.0,8.0,High,1,0,1
CCC,2014B,601021.0,M,Ireland,HE Qualification,20-30%,0-35,0.0,90.0,N,Withdrawn,178.0,18.0,High,1,1,0
CCC,2014B,601175.0,M,South West Region,A Level or Equivalent,70-80%,0-35,0.0,60.0,N,Withdrawn,204.0,12.0,High,1,1,0
CCC,2014B,601224.0,M,Scotland,HE Qualification,90-100%,0-35,0.0,90.0,N,Pass,1733.0,234.0,High,1,0,1
CCC,2014B,601550.0,F,South Region,A Level or Equivalent,70-80%,35-55,0.0,30.0,N,Pass,1931.0,97.0,High,1,0,1
CCC,2014B,601731.0,M,London Region,A Level or Equivalent,30-40%,0-35,0.0,210.0,N,Fail,1.0,0.0,High,0,0,0
CCC,2014B,601757.0,M,Scotland,HE Qualification,90-100%,35-55,0.0,90.0,N,Withdrawn,221.0,69.0,High,1,1,0
CCC,2014B,601872.0,M,East Anglian Region,A Level or Equivalent,40-50%,35-55,0.0,60.0,N,Pass,2005.0,3.0,High,1,0,1
CCC,2014B,601949.0,M,Scotland,HE Qualification,40-50%,35-55,0.0,30.0,N,Pass,1403.0,151.0,High,1,0,1
CCC,2014B,602030.0,M,Scotland,Lower Than A Level,60-70%,0-35,0.0,60.0,N,Withdrawn,1164.0,270.0,Low,1,1,0
CCC,2014B,602042.0,M,North Region,Post Graduate Qualification,,35-55,0.0,30.0,N,Distinction,1236.0,218.0,Other,1,0,1
CCC,2014B,602107.0,M,London Region,HE Qualification,80-90%,0-35,0.0,60.0,N,Fail,373.0,7.0,High,1,0,0
CCC,2014B,602133.0,M,South West Region,A Level or Equivalent,60-70%,0-35,0.0,60.0,N,Pass,1820.0,114.0,High,1,0,1
CCC,2014B,602150.0,M,London Region,A Level or Equivalent,20-30%,0-35,0.0,90.0,N,Withdrawn,6.0,0.0,High,0,1,0
CCC,2014B,602269.0,M,Yorkshire Region,HE Qualification,20-30%,0-35,0.0,60.0,N,Fail,291.0,5.0,High,1,0,0
CCC,2014B,602398.0,M,West Midlands Region,A Level or Equivalent,30-40%,0-35,0.0,60.0,N,Fail,292.0,1.0,High,1,0,0
CCC,2014B,602585.0,M,Scotland,A Level or Equivalent,80-90%,0-35,0.0,90.0,N,Withdrawn,134.0,3.0,High,1,1,0
CCC,2014B,602703.0,M,South East Region,A Level or Equivalent,50-60%,0-35,0.0,60.0,N,Withdrawn,436.0,45.0,High,1,1,0
CCC,2014B,602718.0,M,Scotland,Post Graduate Qualification,50-60%,0-35,0.0,60.0,N,Fail,734.0,74.0,Other,1,0,0
CCC,2014B,602891.0,F,East Anglian Region,A Level or Equivalent,70-80%,0-35,0.0,210.0,Y,Withdrawn,63.0,0.0,High,0,1,0
CCC,2014B,602902.0,F,Yorkshire Region,Lower Than A Level,80-90%,0-35,0.0,90.0,N,Pass,1758.0,124.0,Low,1,0,1
CCC,2014B,602913.0,F,Yorkshire Region,A Level or Equivalent,30-40%,35-55,0.0,90.0,N,Pass,498.0,5.0,High,1,0,1
CCC,2014B,603053.0,M,Scotland,A Level or Equivalent,40-50%,0-35,0.0,90.0,N,Fail,0.0,0.0,High,0,0,0
CCC,2014B,603222.0,M,West Midlands Region,Lower Than A Level,60-70%,0-35,0.0,60.0,N,Fail,164.0,4.0,Low,1,0,0
CCC,2014B,603239.0,M,Wales,Lower Than A Level,40-50%,0-35,0.0,60.0,N,Fail,0.0,0.0,Low,0,0,0
CCC,2014B,603477.0,M,East Anglian Region,HE Qualification,70-80%,0-35,0.0,60.0,N,Pass,1227.0,47.0,High,1,0,1
CCC,2014B,603498.0,M,Yorkshire Region,A Level or Equivalent,40-50%,0-35,0.0,90.0,N,Fail,17.0,5.0,High,1,0,0
CCC,2014B,603639.0,M,North Western Region,A Level or Equivalent,50-60%,0-35,0.0,60.0,N,Withdrawn,2091.0,122.0,High,1,1,0
CCC,2014B,603791.0,M,Scotland,Lower Than A Level,20-30%,0-35,0.0,120.0,N,Fail,17.0,5.0,Low,1,0,0
CCC,2014B,603832.0,M,South West Region,A Level or Equivalent,40-50%,0-35,0.0,60.0,N,Withdrawn,1192.0,2.0,High,1,1,0
CCC,2014B,603859.0,M,South Region,HE Qualification,60-70%,0-35,0.0,60.0,N,Pass,1061.0,12.0,High,1,0,1
CCC,2014B,603999.0,M,North Western Region,A Level or Equivalent,40-50%,0-35,0.0,60.0,N,Withdrawn,0.0,0.0,High,0,1,0
CCC,2014B,604078.0,M,South West Region,A Level or Equivalent,80-90%,0-35,0.0,60.0,N,Withdrawn,0.0,0.0,High,0,1,0
CCC,2014B,604164.0,M,West Midlands Region,A Level or Equivalent,,35-55,0.0,60.0,N,Withdrawn,3381.0,1345.0,High,1,1,0
CCC,2014B,604480.0,M,West Midlands Region,A Level or Equivalent,80-90%,0-35,0.0,120.0,N,Withdrawn,0.0,0.0,High,0,1,0
CCC,2014B,604517.0,M,Scotland,Lower Than A Level,60-70%,0-35,0.0,60.0,N,Pass,1280.0,20.0,Low,1,0,1
CCC,2014B,604559.0,M,Yorkshire Region,A Level or Equivalent,90-100%,0-35,0.0,90.0,N,Withdrawn,0.0,0.0,High,0,1,0
CCC,2014B,604571.0,M,East Midlands Region,Lower Than A Level,80-90%,0-35,0.0,120.0,N,Pass,446.0,3.0,Low,1,0,1
CCC,2014B,604643.0,M,West Midlands Region,Lower Than A Level,20-30%,0-35,0.0,90.0,N,Withdrawn,50.0,0.0,Low,0,1,0
CCC,2014B,604655.0,M,Wales,A Level or Equivalent,70-80%,0-35,0.0,90.0,Y,Fail,68.0,1.0,High,1,0,0
CCC,2014B,604665.0,M,London Region,HE Qualification,30-40%,0-35,0.0,120.0,N,Withdrawn,0.0,0.0,High,0,1,0
CCC,2014B,604723.0,M,South Region,A Level or Equivalent,90-100%,0-35,0.0,90.0,N,Pass,277.0,8.0,High,1,0,1
CCC,2014B,604906.0,M,South Region,Lower Than A Level,70-80%,0-35,0.0,60.0,N,Withdrawn,1428.0,226.0,Low,1,1,0
CCC,2014B,604997.0,F,Scotland,HE Qualification,70-80%,0-35,0.0,60.0,N,Pass,578.0,29.0,High,1,0,1
CCC,2014B,605130.0,M,Scotland,HE Qualification,10-20,0-35,0.0,75.0,N,Withdrawn,0.0,0.0,High,0,1,0
CCC,2014B,605144.0,M,Scotland,HE Qualification,80-90%,0-35,0.0,90.0,N,Pass,1333.0,32.0,High,1,0,1
CCC,2014B,605180.0,M,North Region,A Level or Equivalent,10-20,0-35,0.0,60.0,N,Withdrawn,272.0,0.0,High,0,1,0
CCC,2014B,605266.0,F,London Region,A Level or Equivalent,40-50%,0-35,0.0,90.0,N,Pass,2100.0,124.0,High,1,0,1
CCC,2014B,605571.0,F,Scotland,HE Qualification,70-80%,35-55,0.0,90.0,N,Pass,4601.0,318.0,High,1,0,1
CCC,2014B,605688.0,M,South Region,A Level or Equivalent,30-40%,35-55,0.0,60.0,N,Distinction,1790.0,105.0,High,1,0,1
CCC,2014B,605703.0,M,London Region,A Level or Equivalent,40-50%,0-35,0.0,90.0,N,Distinction,754.0,37.0,High,1,0,1
CCC,2014B,605926.0,M,East Anglian Region,A Level or Equivalent,60-70%,0-35,0.0,60.0,N,Withdrawn,0.0,0.0,High,0,1,0
CCC,2014B,606025.0,M,North Western Region,Lower Than A Level,0-10%,0-35,0.0,60.0,N,Withdrawn,0.0,0.0,Low,0,1,0
CCC,2014B,606127.0,M,Yorkshire Region,A Level or Equivalent,10-20,0-35,0.0,60.0,N,Withdrawn,351.0,41.0,High,1,1,0
CCC,2014B,606205.0,F,East Midlands Region,A Level or Equivalent,90-100%,0-35,0.0,90.0,N,Withdrawn,0.0,0.0,High,0,1,0
CCC,2014B,606206.0,M,Scotland,A Level or Equivalent,50-60%,0-35,0.0,60.0,N,Fail,438.0,106.0,High,1,0,0
CCC,2014B,606282.0,F,East Anglian Region,A Level or Equivalent,60-70%,0-35,0.0,60.0,Y,Pass,897.0,16.0,High,1,0,1
CCC,2014B,606300.0,F,East Midlands Region,A Level or Equivalent,20-30%,0-35,0.0,90.0,N,Withdrawn,0.0,0.0,High,0,1,0
CCC,2014B,606350.0,M,East Anglian Region,A Level or Equivalent,10-20,0-35,0.0,150.0,N,Fail,145.0,0.0,High,0,0,0
CCC,2014B,606417.0,M,South Region,A Level or Equivalent,90-100%,0-35,0.0,60.0,Y,Withdrawn,0.0,0.0,High,0,1,0
CCC,2014B,606444.0,F,North Western Region,Lower Than A Level,40-50%,0-35,0.0,90.0,N,Distinction,1240.0,122.0,Low,1,0,1
CCC,2014B,606663.0,M,South West Region,A Level or Equivalent,60-70%,35-55,0.0,60.0,N,Withdrawn,0.0,0.0,High,0,1,0
CCC,2014B,606665.0,M,North Western Region,A Level or Equivalent,20-30%,0-35,0.0,90.0,N,Fail,1004.0,49.0,High,1,0,0
CCC,2014B,606724.0,M,East Anglian Region,A Level or Equivalent,70-80%,0-35,0.0,60.0,N,Pass,1518.0,84.0,High,1,0,1
CCC,2014B,606828.0,M,West Midlands Region,Lower Than A Level,,0-35,0.0,60.0,N,Fail,76.0,0.0,Low,0,0,0
CCC,2014B,606930.0,M,South Region,Lower Than A Level,90-100%,0-35,0.0,90.0,N,Withdrawn,58.0,2.0,Low,1,1,0
CCC,2014B,607052.0,M,East Midlands Region,A Level or Equivalent,10-20,35-55,0.0,90.0,N,Pass,1090.0,162.0,High,1,0,1
CCC,2014B,607060.0,F,South Region,A Level or Equivalent,90-100%,0-35,0.0,60.0,N,Withdrawn,0.0,0.0,High,0,1,0
CCC,2014B,607061.0,M,Scotland,A Level or Equivalent,20-30%,0-35,0.0,90.0,N,Distinction,592.0,56.0,High,1,0,1
CCC,2014B,607063.0,F,North Region,A Level or Equivalent,,0-35,0.0,90.0,N,Withdrawn,0.0,0.0,High,0,1,0
CCC,2014B,607411.0,F,London Region,A Level or Equivalent,50-60%,0-35,0.0,180.0,Y,Withdrawn,314.0,3.0,High,1,1,0
CCC,2014B,607413.0,M,East Anglian Region,HE Qualification,40-50%,0-35,0.0,60.0,N,Withdrawn,0.0,0.0,High,0,1,0
CCC,2014B,607442.0,M,North Region,Lower Than A Level,10-20,0-35,0.0,60.0,N,Withdrawn,0.0,0.0,Low,0,1,0
CCC,2014B,607453.0,M,South East Region,HE Qualification,20-30%,0-35,0.0,240.0,N,Withdrawn,974.0,47.0,High,1,1,0
CCC,2014B,607609.0,M,London Region,Lower Than A Level,10-20,0-35,0.0,90.0,N,Withdrawn,0.0,0.0,Low,0,1,0
CCC,2014B,607636.0,M,Wales,A Level or Equivalent,60-70%,0-35,0.0,60.0,N,Pass,945.0,152.0,High,1,0,1
CCC,2014B,607703.0,M,Scotland,Lower Than A Level,40-50%,0-35,0.0,60.0,N,Withdrawn,0.0,0.0,Low,0,1,0
CCC,2014B,607835.0,M,South Region,A Level or Equivalent,80-90%,0-35,0.0,60.0,N,Distinction,1267.0,232.0,High,1,0,1
CCC,2014B,607896.0,M,London Region,A Level or Equivalent,30-40%,0-35,0.0,150.0,Y,Withdrawn,0.0,0.0,High,0,1,0
CCC,2014B,607927.0,F,North Western Region,Lower Than A Level,30-40%,0-35,0.0,150.0,N,Fail,615.0,105.0,Low,1,0,0
CCC,2014B,607966.0,F,North Region,A Level or Equivalent,10-20,0-35,0.0,90.0,N,Withdrawn,111.0,7.0,High,1,1,0
CCC,2014B,608130.0,M,South West Region,Lower Than A Level,50-60%,35-55,0.0,60.0,N,Withdrawn,686.0,8.0,Low,1,1,0
CCC,2014B,608152.0,F,Scotland,HE Qualification,90-100%,0-35,0.0,60.0,N,Fail,786.0,97.0,High,1,0,0
CCC,2014B,608243.0,M,South Region,A Level or Equivalent,80-90%,0-35,0.0,60.0,N,Pass,920.0,24.0,High,1,0,1
CCC,2014B,608464.0,M,North Western Region,Lower Than A Level,40-50%,0-35,0.0,60.0,N,Pass,1171.0,365.0,Low,1,0,1
CCC,2014B,608472.0,M,North Western Region,Lower Than A Level,50-60%,0-35,0.0,60.0,N,Fail,507.0,6.0,Low,1,0,0
CCC,2014B,608504.0,M,North Western Region,A Level or Equivalent,30-40%,0-35,0.0,60.0,N,Withdrawn,1181.0,231.0,High,1,1,0
CCC,2014B,608549.0,F,North Western Region,A Level or Equivalent,30-40%,0-35,0.0,120.0,Y,Withdrawn,0.0,0.0,High,0,1,0
CCC,2014B,608577.0,M,North Region,HE Qualification,,35-55,0.0,60.0,N,Withdrawn,404.0,0.0,High,0,1,0
CCC,2014B,608643.0,M,North Region,HE Qualification,40-50%,0-35,0.0,120.0,N,Withdrawn,54.0,32.0,High,1,1,0
CCC,2014B,608735.0,F,South Region,HE Qualification,90-100%,0-35,0.0,30.0,N,Pass,711.0,6.0,High,1,0,1
CCC,2014B,608750.0,M,London Region,A Level or Equivalent,60-70%,0-35,0.0,150.0,N,Withdrawn,23.0,0.0,High,0,1,0
CCC,2014B,608753.0,M,East Midlands Region,A Level or Equivalent,40-50%,0-35,0.0,120.0,N,Fail,685.0,55.0,High,1,0,0
CCC,2014B,608904.0,M,North Region,Post Graduate Qualification,,35-55,0.0,90.0,N,Distinction,2049.0,42.0,Other,1,0,1
CCC,2014B,608923.0,M,East Anglian Region,Lower Than A Level,0-10%,0-35,0.0,120.0,N,Withdrawn,6.0,0.0,Low,0,1,0
CCC,2014B,609025.0,M,London Region,Lower Than A Level,90-100%,35-55,0.0,60.0,N,Withdrawn,367.0,30.0,Low,1,1,0
CCC,2014B,609045.0,M,Wales,HE Qualification,10-20,0-35,0.0,60.0,N,Pass,578.0,26.0,High,1,0,1
CCC,2014B,609192.0,M,Scotland,Lower Than A Level,80-90%,0-35,0.0,60.0,N,Withdrawn,368.0,14.0,Low,1,1,0
CCC,2014B,609229.0,M,Ireland,A Level or Equivalent,,35-55,0.0,120.0,N,Distinction,5627.0,3123.0,High,1,0,1
CCC,2014B,609241.0,F,West Midlands Region,HE Qualification,20-30%,35-55,0.0,120.0,N,Withdrawn,7.0,0.0,High,0,1,0
CCC,2014B,609383.0,M,South Region,Lower Than A Level,60-70%,0-35,0.0,60.0,N,Withdrawn,226.0,8.0,Low,1,1,0
CCC,2014B,609450.0,M,Scotland,HE Qualification,40-50%,0-35,0.0,60.0,N,Withdrawn,70.0,2.0,High,1,1,0
CCC,2014B,609489.0,M,North Western Region,HE Qualification,30-40%,0-35,0.0,60.0,N,Withdrawn,369.0,18.0,High,1,1,0
CCC,2014B,609515.0,M,Scotland,A Level or Equivalent,20-30%,0-35,0.0,60.0,N,Pass,926.0,215.0,High,1,0,1
CCC,2014B,609602.0,M,South Region,A Level or Equivalent,50-60%,0-35,0.0,90.0,N,Distinction,2233.0,70.0,High,1,0,1
CCC,2014B,609605.0,M,Wales,HE Qualification,70-80%,0-35,0.0,120.0,N,Withdrawn,642.0,40.0,High,1,1,0
CCC,2014B,609645.0,M,South Region,A Level or Equivalent,90-100%,0-35,0.0,120.0,N,Fail,1633.0,24.0,High,1,0,0
CCC,2014B,609828.0,F,South West Region,A Level or Equivalent,40-50%,0-35,0.0,60.0,N,Withdrawn,0.0,0.0,High,0,1,0
CCC,2014B,610099.0,M,West Midlands Region,A Level or Equivalent,90-100%,35-55,0.0,120.0,N,Pass,2002.0,36.0,High,1,0,1
CCC,2014B,610158.0,M,East Anglian Region,Lower Than A Level,40-50%,0-35,0.0,60.0,N,Withdrawn,15.0,2.0,Low,1,1,0
CCC,2014B,610234.0,M,Scotland,HE Qualification,50-60%,0-35,0.0,90.0,N,Withdrawn,3296.0,742.0,High,1,1,0
CCC,2014B,610287.0,M,East Anglian Region,HE Qualification,80-90%,0-35,0.0,60.0,N,Withdrawn,587.0,3.0,High,1,1,0
CCC,2014B,610391.0,M,West Midlands Region,Lower Than A Level,10-20,0-35,0.0,60.0,N,Fail,2155.0,20.0,Low,1,0,0
CCC,2014B,610575.0,M,West Midlands Region,HE Qualification,40-50%,0-35,0.0,60.0,N,Pass,1556.0,435.0,High,1,0,1
CCC,2014B,610577.0,M,North Region,Lower Than A Level,,0-35,0.0,90.0,N,Fail,133.0,11.0,Low,1,0,0
CCC,2014B,610718.0,M,North Region,Lower Than A Level,40-50%,0-35,0.0,60.0,N,Fail,10.0,0.0,Low,0,0,0
CCC,2014B,610831.0,M,East Anglian Region,Lower Than A Level,60-70%,0-35,0.0,120.0,N,Withdrawn,0.0,0.0,Low,0,1,0
CCC,2014B,611062.0,M,South West Region,A Level or Equivalent,20-30%,0-35,0.0,60.0,N,Fail,209.0,9.0,High,1,0,0
CCC,2014B,611176.0,M,Ireland,Lower Than A Level,,35-55,0.0,60.0,N,Distinction,681.0,32.0,Low,1,0,1
CCC,2014B,611260.0,M,West Midlands Region,A Level or Equivalent,0-10%,35-55,0.0,30.0,N,Pass,1341.0,17.0,High,1,0,1
CCC,2014B,611402.0,M,South Region,HE Qualification,70-80%,35-55,0.0,60.0,N,Pass,1439.0,95.0,High,1,0,1
CCC,2014B,611750.0,M,Scotland,A Level or Equivalent,40-50%,0-35,0.0,120.0,N,Withdrawn,0.0,0.0,High,0,1,0
CCC,2014B,611865.0,M,London Region,A Level or Equivalent,50-60%,0-35,0.0,90.0,N,Withdrawn,29.0,0.0,High,0,1,0
CCC,2014B,612023.0,M,South Region,Lower Than A Level,30-40%,0-35,0.0,60.0,N,Fail,843.0,33.0,Low,1,0,0
CCC,2014B,612119.0,M,North Western Region,A Level or Equivalent,0-10%,0-35,0.0,60.0,N,Pass,1276.0,16.0,High,1,0,1
CCC,2014B,612124.0,M,South East Region,A Level or Equivalent,70-80%,0-35,0.0,60.0,N,Withdrawn,0.0,0.0,High,0,1,0
CCC,2014B,612287.0,M,Wales,Lower Than A Level,30-40%,0-35,0.0,60.0,N,Withdrawn,90.0,4.0,Low,1,1,0
CCC,2014B,612381.0,F,East Anglian Region,HE Qualification,30-40%,35-55,0.0,60.0,N,Withdrawn,576.0,36.0,High,1,1,0
CCC,2014B,612397.0,M,South East Region,Lower Than A Level,50-60%,35-55,0.0,60.0,N,Withdrawn,151.0,0.0,Low,0,1,0
CCC,2014B,612644.0,M,South West Region,A Level or Equivalent,10-20,0-35,0.0,60.0,N,Pass,612.0,37.0,High,1,0,1
CCC,2014B,612673.0,M,Wales,A Level or Equivalent,20-30%,0-35,0.0,60.0,N,Fail,311.0,3.0,High,1,0,0
CCC,2014B,612805.0,M,South East Region,HE Qualification,30-40%,0-35,0.0,90.0,N,Withdrawn,0.0,0.0,High,0,1,0
CCC,2014B,612814.0,M,London Region,A Level or Equivalent,20-30%,0-35,0.0,60.0,N,Distinction,2198.0,549.0,High,1,0,1
CCC,2014B,612822.0,M,North Western Region,Lower Than A Level,0-10%,0-35,0.0,90.0,N,Withdrawn,0.0,0.0,Low,0,1,0
CCC,2014B,612860.0,M,South Region,A Level or Equivalent,50-60%,0-35,0.0,60.0,N,Withdrawn,745.0,42.0,High,1,1,0
CCC,2014B,612882.0,M,East Anglian Region,HE Qualification,20-30%,0-35,0.0,60.0,N,Fail,253.0,14.0,High,1,0,0
CCC,2014B,613116.0,F,West Midlands Region,Lower Than A Level,70-80%,0-35,0.0,60.0,N,Fail,26.0,0.0,Low,0,0,0
CCC,2014B,613120.0,M,London Region,A Level or Equivalent,20-30%,35-55,0.0,120.0,N,Withdrawn,0.0,0.0,High,0,1,0
CCC,2014B,613133.0,M,North Region,Post Graduate Qualification,,0-35,0.0,60.0,N,Distinction,2134.0,633.0,Other,1,0,1
CCC,2014B,613280.0,F,London Region,HE Qualification,20-30%,0-35,0.0,120.0,N,Withdrawn,2.0,0.0,High,0,1,0
CCC,2014B,613310.0,M,Ireland,A Level or Equivalent,80-90%,0-35,0.0,60.0,N,Fail,366.0,0.0,High,0,0,0
CCC,2014B,613387.0,M,North Region,HE Qualification,80-90%,0-35,0.0,60.0,N,Fail,21.0,0.0,High,0,0,0
CCC,2014B,613390.0,F,East Anglian Region,A Level or Equivalent,30-40%,0-35,0.0,30.0,N,Withdrawn,0.0,0.0,High,0,1,0
CCC,2014B,613417.0,M,Wales,Lower Than A Level,10-20,0-35,0.0,90.0,N,Fail,80.0,0.0,Low,0,0,0
CCC,2014B,613441.0,M,East Anglian Region,A Level or Equivalent,90-100%,0-35,0.0,120.0,N,Withdrawn,141.0,2.0,High,1,1,0
CCC,2014B,613447.0,M,East Midlands Region,Lower Than A Level,10-20,0-35,0.0,120.0,Y,Withdrawn,0.0,0.0,Low,0,1,0
CCC,2014B,613461.0,M,Scotland,Lower Than A Level,90-100%,0-35,0.0,90.0,N,Fail,1139.0,39.0,Low,1,0,0
CCC,2014B,613501.0,M,East Anglian Region,Lower Than A Level,70-80%,0-35,0.0,60.0,N,Pass,1296.0,94.0,Low,1,0,1
CCC,2014B,613873.0,M,South East Region,Lower Than A Level,90-100%,0-35,0.0,90.0,N,Withdrawn,0.0,0.0,Low,0,1,0
CCC,2014B,614059.0,M,South Region,HE Qualification,90-100%,35-55,0.0,90.0,Y,Pass,701.0,9.0,High,1,0,1
CCC,2014B,614263.0,F,Yorkshire Region,Lower Than A Level,0-10%,0-35,0.0,60.0,N,Fail,99.0,2.0,Low,1,0,0
CCC,2014B,614265.0,M,South Region,Lower Than A Level,50-60%,35-55,0.0,120.0,Y,Withdrawn,756.0,57.0,Low,1,1,0
CCC,2014B,614345.0,F,North Western Region,Lower Than A Level,0-10%,0-35,0.0,60.0,N,Withdrawn,215.0,0.0,Low,0,1,0
CCC,2014B,614477.0,F,South Region,A Level or Equivalent,70-80%,0-35,0.0,60.0,N,Fail,2177.0,22.0,High,1,0,0
CCC,2014B,614733.0,M,London Region,No Formal quals,0-10%,0-35,0.0,120.0,N,Withdrawn,252.0,13.0,Other,1,1,0
CCC,2014B,614804.0,M,Scotland,A Level or Equivalent,0-10%,0-35,0.0,90.0,Y,Withdrawn,1710.0,31.0,High,1,1,0
CCC,2014B,614844.0,F,East Anglian Region,A Level or Equivalent,60-70%,0-35,0.0,90.0,N,Distinction,3274.0,30.0,High,1,0,1
CCC,2014B,614952.0,M,London Region,Lower Than A Level,10-20,0-35,0.0,60.0,N,Withdrawn,175.0,0.0,Low,0,1,0
CCC,2014B,615031.0,F,South East Region,Lower Than A Level,70-80%,0-35,0.0,60.0,N,Pass,987.0,55.0,Low,1,0,1
CCC,2014B,615229.0,M,Yorkshire Region,A Level or Equivalent,0-10%,0-35,0.0,60.0,Y,Pass,3422.0,113.0,High,1,0,1
CCC,2014B,615246.0,M,East Anglian Region,Lower Than A Level,30-40%,0-35,0.0,60.0,N,Fail,168.0,4.0,Low,1,0,0
CCC,2014B,615249.0,F,East Anglian Region,A Level or Equivalent,10-20,0-35,0.0,180.0,N,Pass,777.0,0.0,High,0,0,1
CCC,2014B,615321.0,F,South Region,HE Qualification,50-60%,35-55,0.0,60.0,N,Withdrawn,72.0,0.0,High,0,1,0
CCC,2014B,615407.0,M,Scotland,HE Qualification,90-100%,0-35,0.0,30.0,N,Fail,36.0,0.0,High,0,0,0
CCC,2014B,615437.0,M,East Anglian Region,HE Qualification,10-20,0-35,0.0,30.0,N,Pass,3729.0,23.0,High,1,0,1
CCC,2014B,616333.0,M,North Western Region,A Level or Equivalent,30-40%,0-35,0.0,60.0,Y,Fail,0.0,0.0,High,0,0,0
CCC,2014B,616334.0,M,North Region,Lower Than A Level,50-60%,0-35,0.0,90.0,N,Fail,222.0,39.0,Low,1,0,0
CCC,2014B,616407.0,M,Wales,Lower Than A Level,70-80%,35-55,0.0,60.0,N,Withdrawn,908.0,127.0,Low,1,1,0
CCC,2014B,616439.0,M,East Anglian Region,A Level or Equivalent,50-60%,0-35,0.0,60.0,N,Withdrawn,1194.0,7.0,High,1,1,0
CCC,2014B,616831.0,M,North Western Region,Lower Than A Level,0-10%,0-35,0.0,60.0,N,Pass,793.0,22.0,Low,1,0,1
CCC,2014B,617186.0,F,London Region,Lower Than A Level,0-10%,0-35,0.0,60.0,N,Fail,10.0,3.0,Low,1,0,0
CCC,2014B,617307.0,F,East Anglian Region,Lower Than A Level,20-30%,0-35,0.0,120.0,N,Withdrawn,0.0,0.0,Low,0,1,0
CCC,2014B,617331.0,M,South Region,A Level or Equivalent,0-10%,0-35,0.0,60.0,N,Fail,93.0,0.0,High,0,0,0
CCC,2014B,617348.0,F,West Midlands Region,A Level or Equivalent,10-20,0-35,0.0,30.0,N,Pass,2212.0,582.0,High,1,0,1
CCC,2014B,617355.0,F,South Region,Lower Than A Level,30-40%,0-35,0.0,60.0,N,Pass,3760.0,1278.0,Low,1,0,1
CCC,2014B,617365.0,M,Scotland,Lower Than A Level,20-30%,0-35,0.0,60.0,N,Pass,1822.0,8.0,Low,1,0,1
CCC,2014B,617416.0,M,Scotland,Lower Than A Level,70-80%,0-35,0.0,30.0,N,Pass,928.0,0.0,Low,0,0,1
CCC,2014B,617781.0,M,North Region,HE Qualification,30-40%,35-55,0.0,90.0,N,Pass,935.0,19.0,High,1,0,1
CCC,2014B,617898.0,M,North Region,Lower Than A Level,20-30%,0-35,0.0,60.0,N,Withdrawn,50.0,0.0,Low,0,1,0
CCC,2014B,617925.0,F,East Anglian Region,Lower Than A Level,60-70%,0-35,0.0,90.0,N,Withdrawn,225.0,17.0,Low,1,1,0
CCC,2014B,617942.0,M,Scotland,HE Qualification,50-60%,0-35,0.0,30.0,N,Withdrawn,740.0,154.0,High,1,1,0
CCC,2014B,618002.0,F,Scotland,HE Qualification,50-60%,0-35,0.0,60.0,N,Fail,298.0,105.0,High,1,0,0
CCC,2014B,618078.0,M,East Midlands Region,A Level or Equivalent,10-20,0-35,0.0,60.0,N,Withdrawn,0.0,0.0,High,0,1,0
CCC,2014B,618096.0,M,South West Region,A Level or Equivalent,70-80%,0-35,0.0,60.0,N,Distinction,1215.0,185.0,High,1,0,1
CCC,2014B,618129.0,M,South Region,Lower Than A Level,50-60%,0-35,0.0,30.0,N,Pass,1439.0,341.0,Low,1,0,1
CCC,2014B,618171.0,M,East Midlands Region,Lower Than A Level,70-80%,0-35,0.0,90.0,N,Withdrawn,0.0,0.0,Low,0,1,0
CCC,2014B,618279.0,M,North Western Region,Lower Than A Level,0-10%,0-35,0.0,90.0,N,Withdrawn,316.0,12.0,Low,1,1,0
CCC,2014B,618514.0,M,West Midlands Region,A Level or Equivalent,0-10%,0-35,0.0,60.0,N,Withdrawn,0.0,0.0,High,0,1,0
CCC,2014B,618571.0,M,North Region,A Level or Equivalent,0-10%,35-55,0.0,60.0,N,Pass,2277.0,99.0,High,1,0,1
CCC,2014B,618590.0,M,South Region,A Level or Equivalent,60-70%,0-35,0.0,90.0,Y,Withdrawn,96.0,0.0,High,0,1,0
CCC,2014B,618606.0,M,East Midlands Region,A Level or Equivalent,10-20,0-35,0.0,60.0,N,Withdrawn,1323.0,65.0,High,1,1,0
CCC,2014B,618619.0,M,East Midlands Region,Lower Than A Level,80-90%,0-35,0.0,60.0,N,Withdrawn,28.0,0.0,Low,0,1,0
CCC,2014B,618649.0,F,South West Region,A Level or Equivalent,80-90%,0-35,0.0,90.0,Y,Withdrawn,814.0,47.0,High,1,1,0
CCC,2014B,618665.0,M,South Region,Lower Than A Level,10-20,0-35,0.0,90.0,N,Fail,414.0,22.0,Low,1,0,0
CCC,2014B,618679.0,M,West Midlands Region,Lower Than A Level,10-20,0-35,0.0,60.0,N,Withdrawn,1143.0,18.0,Low,1,1,0
CCC,2014B,618744.0,M,South East Region,Lower Than A Level,40-50%,0-35,0.0,90.0,Y,Withdrawn,0.0,0.0,Low,0,1,0
CCC,2014B,618824.0,F,Wales,Lower Than A Level,0-10%,0-35,0.0,60.0,N,Pass,1082.0,67.0,Low,1,0,1
CCC,2014B,618861.0,M,West Midlands Region,Lower Than A Level,60-70%,35-55,0.0,30.0,N,Withdrawn,964.0,30.0,Low,1,1,0
CCC,2014B,619006.0,M,North Western Region,A Level or Equivalent,60-70%,0-35,0.0,60.0,N,Withdrawn,156.0,6.0,High,1,1,0
CCC,2014B,619014.0,M,Yorkshire Region,A Level or Equivalent,30-40%,0-35,0.0,60.0,N,Pass,914.0,124.0,High,1,0,1
CCC,2014B,619303.0,M,South Region,A Level or Equivalent,80-90%,0-35,0.0,60.0,N,Pass,1532.0,61.0,High,1,0,1
CCC,2014B,619447.0,M,London Region,A Level or Equivalent,40-50%,35-55,0.0,60.0,N,Distinction,2844.0,34.0,High,1,0,1
CCC,2014B,619524.0,F,Scotland,A Level or Equivalent,50-60%,0-35,0.0,60.0,N,Withdrawn,0.0,0.0,High,0,1,0
CCC,2014B,619870.0,M,South Region,A Level or Equivalent,,0-35,0.0,60.0,N,Distinction,2272.0,32.0,High,1,0,1
CCC,2014B,620148.0,M,Wales,A Level or Equivalent,0-10%,0-35,0.0,30.0,N,Fail,810.0,32.0,High,1,0,0
CCC,2014B,620215.0,M,North Western Region,A Level or Equivalent,0-10%,0-35,0.0,60.0,Y,Withdrawn,206.0,7.0,High,1,1,0
CCC,2014B,620243.0,M,South West Region,Lower Than A Level,80-90%,0-35,0.0,90.0,N,Withdrawn,253.0,1.0,Low,1,1,0
CCC,2014B,620266.0,M,Scotland,A Level or Equivalent,60-70%,0-35,0.0,60.0,N,Fail,254.0,62.0,High,1,0,0
CCC,2014B,620320.0,M,North Western Region,Lower Than A Level,20-30%,0-35,0.0,120.0,Y,Withdrawn,0.0,0.0,Low,0,1,0
CCC,2014B,620356.0,M,North Region,A Level or Equivalent,,0-35,0.0,90.0,N,Withdrawn,5.0,0.0,High,0,1,0
CCC,2014B,620368.0,F,Scotland,Post Graduate Qualification,60-70%,35-55,0.0,60.0,N,Distinction,1993.0,93.0,Other,1,0,1
CCC,2014B,620369.0,M,Wales,A Level or Equivalent,30-40%,0-35,0.0,75.0,N,Withdrawn,2238.0,584.0,High,1,1,0
CCC,2014B,620376.0,M,South Region,Lower Than A Level,40-50%,0-35,0.0,60.0,N,Withdrawn,2.0,0.0,Low,0,1,0
CCC,2014B,620440.0,M,North Western Region,Lower Than A Level,0-10%,0-35,0.0,60.0,N,Fail,6.0,0.0,Low,0,0,0
CCC,2014B,620485.0,F,Scotland,HE Qualification,40-50%,0-35,0.0,60.0,N,Withdrawn,492.0,1.0,High,1,1,0
CCC,2014B,620646.0,M,South Region,Lower Than A Level,90-100%,0-35,0.0,60.0,N,Fail,752.0,8.0,Low,1,0,0
CCC,2014B,620713.0,M,South West Region,Lower Than A Level,10-20,0-35,0.0,120.0,Y,Withdrawn,0.0,0.0,Low,0,1,0
CCC,2014B,620876.0,M,South Region,A Level or Equivalent,80-90%,0-35,0.0,60.0,N,Fail,1187.0,46.0,High,1,0,0
CCC,2014B,620897.0,M,London Region,A Level or Equivalent,30-40%,0-35,0.0,60.0,N,Withdrawn,1563.0,295.0,High,1,1,0
CCC,2014B,620918.0,M,Yorkshire Region,A Level or Equivalent,0-10%,0-35,0.0,60.0,N,Withdrawn,96.0,0.0,High,0,1,0
CCC,2014B,620935.0,M,North Western Region,A Level or Equivalent,70-80%,0-35,0.0,60.0,N,Withdrawn,6.0,0.0,High,0,1,0
CCC,2014B,620974.0,F,South West Region,A Level or Equivalent,30-40%,0-35,0.0,90.0,Y,Withdrawn,1325.0,56.0,High,1,1,0
CCC,2014B,620977.0,M,South West Region,A Level or Equivalent,80-90%,0-35,0.0,60.0,N,Withdrawn,391.0,61.0,High,1,1,0
CCC,2014B,621300.0,M,London Region,A Level or Equivalent,30-40%,0-35,0.0,90.0,N,Withdrawn,623.0,12.0,High,1,1,0
CCC,2014B,621401.0,M,Yorkshire Region,A Level or Equivalent,30-40%,0-35,0.0,60.0,N,Fail,6.0,0.0,High,0,0,0
CCC,2014B,621619.0,M,East Anglian Region,Lower Than A Level,30-40%,0-35,0.0,60.0,Y,Withdrawn,8.0,0.0,Low,0,1,0
CCC,2014B,621655.0,M,North Western Region,Lower Than A Level,70-80%,0-35,0.0,60.0,N,Withdrawn,151.0,8.0,Low,1,1,0
CCC,2014B,621656.0,M,Yorkshire Region,A Level or Equivalent,60-70%,35-55,0.0,60.0,N,Pass,2567.0,108.0,High,1,0,1
CCC,2014B,621696.0,M,London Region,A Level or Equivalent,40-50%,35-55,0.0,90.0,N,Withdrawn,3027.0,180.0,High,1,1,0
CCC,2014B,621807.0,M,North Western Region,Lower Than A Level,0-10%,0-35,0.0,90.0,N,Withdrawn,289.0,13.0,Low,1,1,0
CCC,2014B,622015.0,M,Scotland,Lower Than A Level,70-80%,0-35,0.0,60.0,N,Withdrawn,89.0,6.0,Low,1,1,0
CCC,2014B,622130.0,F,Yorkshire Region,A Level or Equivalent,10-20,0-35,0.0,120.0,N,Withdrawn,0.0,0.0,High,0,1,0
CCC,2014B,622215.0,F,South Region,A Level or Equivalent,80-90%,0-35,0.0,90.0,N,Fail,540.0,27.0,High,1,0,0
CCC,2014B,622302.0,M,North Region,Post Graduate Qualification,,55<=,0.0,30.0,N,Distinction,2841.0,29.0,Other,1,0,1
CCC,2014B,622368.0,M,South Region,Lower Than A Level,90-100%,35-55,0.0,60.0,Y,Pass,1296.0,61.0,Low,1,0,1
CCC,2014B,622386.0,M,South West Region,HE Qualification,40-50%,35-55,0.0,60.0,N,Fail,3852.0,514.0,High,1,0,0
CCC,2014B,622398.0,M,North Western Region,HE Qualification,0-10%,0-35,0.0,60.0,N,Withdrawn,7.0,0.0,High,0,1,0
CCC,2014B,622430.0,M,London Region,Lower Than A Level,0-10%,0-35,0.0,120.0,N,Withdrawn,0.0,0.0,Low,0,1,0
CCC,2014B,622652.0,M,Scotland,HE Qualification,80-90%,0-35,0.0,90.0,N,Distinction,3289.0,1406.0,High,1,0,1
CCC,2014B,622753.0,F,South West Region,A Level or Equivalent,50-60%,0-35,0.0,60.0,N,Fail,186.0,4.0,High,1,0,0
CCC,2014B,622773.0,F,South East Region,A Level or Equivalent,80-90%,0-35,0.0,120.0,N,Pass,3778.0,2101.0,High,1,0,1
CCC,2014B,622787.0,M,London Region,Post Graduate Qualification,10-20,35-55,0.0,30.0,N,Fail,2239.0,71.0,Other,1,0,0
CCC,2014B,622804.0,M,East Midlands Region,A Level or Equivalent,30-40%,0-35,0.0,30.0,N,Withdrawn,94.0,9.0,High,1,1,0
CCC,2014B,622897.0,M,London Region,A Level or Equivalent,10-20,0-35,0.0,90.0,N,Withdrawn,0.0,0.0,High,0,1,0
CCC,2014B,622948.0,M,North Region,A Level or Equivalent,30-40%,0-35,0.0,60.0,N,Withdrawn,789.0,21.0,High,1,1,0
CCC,2014B,623052.0,F,London Region,A Level or Equivalent,20-30%,35-55,0.0,90.0,N,Pass,6265.0,2902.0,High,1,0,1
CCC,2014B,623190.0,M,South West Region,A Level or Equivalent,0-10%,0-35,0.0,60.0,N,Withdrawn,0.0,0.0,High,0,1,0
CCC,2014B,623250.0,M,East Anglian Region,A Level or Equivalent,10-20,0-35,0.0,60.0,N,Pass,2137.0,127.0,High,1,0,1
CCC,2014B,623290.0,F,London Region,Lower Than A Level,10-20,0-35,0.0,60.0,N,Pass,847.0,61.0,Low,1,0,1
CCC,2014B,623347.0,M,Ireland,Post Graduate Qualification,,0-35,0.0,90.0,N,Distinction,694.0,82.0,Other,1,0,1
CCC,2014B,623421.0,M,East Midlands Region,A Level or Equivalent,70-80%,0-35,0.0,60.0,N,Pass,540.0,35.0,High,1,0,1
CCC,2014B,623456.0,M,East Anglian Region,A Level or Equivalent,0-10%,0-35,0.0,90.0,N,Fail,55.0,0.0,High,0,0,0
CCC,2014B,623511.0,M,South Region,HE Qualification,70-80%,0-35,0.0,30.0,N,Withdrawn,1070.0,21.0,High,1,1,0
CCC,2014B,623562.0,M,West Midlands Region,A Level or Equivalent,70-80%,0-35,0.0,60.0,Y,Pass,885.0,98.0,High,1,0,1
CCC,2014B,623605.0,M,West Midlands Region,A Level or Equivalent,80-90%,0-35,0.0,60.0,N,Fail,934.0,136.0,High,1,0,0
CCC,2014B,623609.0,M,North Western Region,Lower Than A Level,50-60%,35-55,0.0,60.0,N,Fail,241.0,1.0,Low,1,0,0
CCC,2014B,623619.0,F,East Midlands Region,Lower Than A Level,50-60%,35-55,0.0,90.0,N,Withdrawn,0.0,0.0,Low,0,1,0
CCC,2014B,623667.0,M,South East Region,A Level or Equivalent,30-40%,0-35,0.0,60.0,N,Pass,707.0,17.0,High,1,0,1
CCC,2014B,623707.0,F,East Midlands Region,Lower Than A Level,30-40%,0-35,0.0,30.0,N,Withdrawn,874.0,22.0,Low,1,1,0
CCC,2014B,623732.0,M,London Region,A Level or Equivalent,50-60%,35-55,0.0,60.0,N,Pass,5723.0,447.0,High,1,0,1
CCC,2014B,623738.0,M,London Region,A Level or Equivalent,20-30%,35-55,0.0,90.0,N,Withdrawn,359.0,22.0,High,1,1,0
CCC,2014B,623780.0,M,Scotland,Lower Than A Level,70-80%,0-35,0.0,60.0,N,Fail,878.0,49.0,Low,1,0,0
CCC,2014B,623786.0,M,London Region,A Level or Equivalent,30-40%,0-35,0.0,90.0,N,Withdrawn,2.0,0.0,High,0,1,0
CCC,2014B,623797.0,F,North Region,Lower Than A Level,0-10%,35-55,0.0,60.0,N,Pass,2359.0,383.0,Low,1,0,1
CCC,2014B,624039.0,M,West Midlands Region,A Level or Equivalent,10-20,0-35,0.0,60.0,N,Fail,88.0,12.0,High,1,0,0
CCC,2014B,624060.0,F,North Region,Post Graduate Qualification,,35-55,0.0,30.0,N,Withdrawn,16980.0,8464.0,Other,1,1,0
CCC,2014B,624126.0,M,South Region,Lower Than A Level,90-100%,0-35,0.0,60.0,N,Withdrawn,469.0,44.0,Low,1,1,0
CCC,2014B,624127.0,F,London Region,A Level or Equivalent,30-40%,35-55,0.0,60.0,N,Pass,920.0,107.0,High,1,0,1
CCC,2014B,624134.0,M,North Western Region,Lower Than A Level,0-10%,0-35,0.0,60.0,N,Fail,541.0,15.0,Low,1,0,0
CCC,2014B,624164.0,M,London Region,A Level or Equivalent,30-40%,0-35,0.0,90.0,N,Pass,1011.0,9.0,High,1,0,1
CCC,2014B,624354.0,F,South West Region,A Level or Equivalent,50-60%,0-35,0.0,120.0,N,Withdrawn,345.0,4.0,High,1,1,0
CCC,2014B,624441.0,M,South Region,A Level or Equivalent,90-100%,0-35,0.0,60.0,N,Pass,704.0,7.0,High,1,0,1
CCC,2014B,624445.0,F,London Region,HE Qualification,20-30%,0-35,0.0,60.0,N,Distinction,2699.0,187.0,High,1,0,1
CCC,2014B,624483.0,M,South West Region,HE Qualification,30-40%,0-35,0.0,30.0,N,Distinction,2673.0,0.0,High,0,0,1
CCC,2014B,624591.0,M,London Region,HE Qualification,20-30%,0-35,0.0,120.0,N,Fail,780.0,3.0,High,1,0,0
CCC,2014B,624593.0,M,East Midlands Region,Lower Than A Level,20-30%,0-35,0.0,60.0,N,Withdrawn,1.0,0.0,Low,0,1,0
CCC,2014B,624765.0,M,London Region,HE Qualification,60-70%,35-55,0.0,60.0,N,Withdrawn,49.0,0.0,High,0,1,0
CCC,2014B,624782.0,F,East Anglian Region,Lower Than A Level,30-40%,0-35,0.0,60.0,N,Fail,843.0,19.0,Low,1,0,0
CCC,2014B,624810.0,M,Scotland,HE Qualification,50-60%,0-35,0.0,60.0,N,Pass,487.0,22.0,High,1,0,1
CCC,2014B,624875.0,M,South East Region,A Level or Equivalent,70-80%,0-35,0.0,30.0,Y,Distinction,1566.0,43.0,High,1,0,1
CCC,2014B,624970.0,F,Scotland,HE Qualification,70-80%,0-35,0.0,120.0,N,Pass,594.0,25.0,High,1,0,1
CCC,2014B,625014.0,F,South East Region,A Level or Equivalent,10-20,0-35,0.0,60.0,N,Distinction,8018.0,534.0,High,1,0,1
CCC,2014B,625028.0,M,South Region,HE Qualification,40-50%,0-35,0.0,60.0,N,Distinction,720.0,88.0,High,1,0,1
CCC,2014B,625077.0,M,Scotland,A Level or Equivalent,90-100%,0-35,0.0,30.0,N,Pass,3080.0,503.0,High,1,0,1
CCC,2014B,625078.0,F,Wales,HE Qualification,0-10%,0-35,0.0,180.0,N,Withdrawn,656.0,118.0,High,1,1,0
CCC,2014B,625108.0,F,East Anglian Region,HE Qualification,60-70%,35-55,0.0,60.0,N,Distinction,2034.0,35.0,High,1,0,1
CCC,2014B,625121.0,M,South East Region,Lower Than A Level,70-80%,0-35,0.0,60.0,N,Withdrawn,85.0,0.0,Low,0,1,0
CCC,2014B,625128.0,F,North Western Region,Lower Than A Level,0-10%,0-35,0.0,60.0,Y,Fail,156.0,6.0,Low,1,0,0
CCC,2014B,625207.0,M,West Midlands Region,HE Qualification,0-10%,0-35,0.0,60.0,N,Withdrawn,133.0,0.0,High,0,1,0
CCC,2014B,625213.0,M,Yorkshire Region,Lower Than A Level,50-60%,0-35,0.0,60.0,N,Withdrawn,150.0,19.0,Low,1,1,0
CCC,2014B,625267.0,F,North Western Region,A Level or Equivalent,0-10%,0-35,0.0,120.0,N,Withdrawn,0.0,0.0,High,0,1,0
CCC,2014B,625330.0,M,Scotland,A Level or Equivalent,50-60%,35-55,0.0,60.0,N,Distinction,2177.0,108.0,High,1,0,1
CCC,2014B,625423.0,M,Scotland,Lower Than A Level,0-10%,0-35,0.0,60.0,N,Withdrawn,394.0,14.0,Low,1,1,0
CCC,2014B,625453.0,M,North Region,Post Graduate Qualification,,35-55,0.0,30.0,N,Pass,852.0,13.0,Other,1,0,1
CCC,2014B,625476.0,M,North Western Region,Lower Than A Level,60-70%,0-35,0.0,60.0,N,Withdrawn,1796.0,145.0,Low,1,1,0
CCC,2014B,625517.0,M,East Anglian Region,A Level or Equivalent,20-30%,35-55,0.0,60.0,N,Withdrawn,178.0,6.0,High,1,1,0
CCC,2014B,625527.0,M,North Region,A Level or Equivalent,70-80%,0-35,0.0,60.0,N,Withdrawn,1491.0,126.0,High,1,1,0
CCC,2014B,625552.0,M,North Western Region,A Level or Equivalent,0-10%,0-35,0.0,60.0,N,Pass,1009.0,181.0,High,1,0,1
CCC,2014B,625568.0,M,South Region,A Level or Equivalent,20-30%,0-35,0.0,90.0,N,Withdrawn,0.0,0.0,High,0,1,0
CCC,2014B,625574.0,F,West Midlands Region,A Level or Equivalent,,0-35,0.0,60.0,N,Distinction,2762.0,147.0,High,1,0,1
CCC,2014B,625614.0,M,North Region,Lower Than A Level,,0-35,0.0,60.0,N,Withdrawn,1248.0,247.0,Low,1,1,0
CCC,2014B,625684.0,M,East Anglian Region,A Level or Equivalent,40-50%,35-55,0.0,60.0,N,Fail,475.0,3.0,High,1,0,0
CCC,2014B,625714.0,M,East Anglian Region,HE Qualification,50-60%,0-35,0.0,90.0,N,Fail,509.0,7.0,High,1,0,0
CCC,2014B,625740.0,M,North Western Region,HE Qualification,30-40%,0-35,0.0,60.0,N,Fail,661.0,15.0,High,1,0,0
CCC,2014B,625745.0,M,South West Region,A Level or Equivalent,80-90%,0-35,0.0,60.0,N,Pass,4035.0,436.0,High,1,0,1
CCC,2014B,625774.0,M,Scotland,Lower Than A Level,0-10%,35-55,0.0,60.0,N,Withdrawn,0.0,0.0,Low,0,1,0
CCC,2014B,625782.0,M,London Region,A Level or Equivalent,10-20,0-35,0.0,60.0,N,Pass,1796.0,27.0,High,1,0,1
CCC,2014B,625785.0,M,Scotland,A Level or Equivalent,90-100%,0-35,0.0,90.0,N,Withdrawn,0.0,0.0,High,0,1,0
CCC,2014B,625790.0,M,South Region,Lower Than A Level,70-80%,0-35,0.0,60.0,N,Withdrawn,366.0,39.0,Low,1,1,0
CCC,2014B,625793.0,M,South West Region,A Level or Equivalent,70-80%,0-35,0.0,90.0,N,Withdrawn,17.0,0.0,High,0,1,0
CCC,2014B,625822.0,M,Scotland,Post Graduate Qualification,90-100%,35-55,0.0,60.0,N,Distinction,2169.0,106.0,Other,1,0,1
CCC,2014B,625838.0,M,East Anglian Region,A Level or Equivalent,40-50%,0-35,0.0,30.0,N,Pass,4469.0,705.0,High,1,0,1
CCC,2014B,625841.0,M,North Western Region,A Level or Equivalent,20-30%,0-35,0.0,60.0,N,Fail,240.0,7.0,High,1,0,0
CCC,2014B,625884.0,M,South West Region,A Level or Equivalent,40-50%,0-35,0.0,60.0,N,Withdrawn,0.0,0.0,High,0,1,0
CCC,2014B,625950.0,M,East Midlands Region,Lower Than A Level,20-30%,0-35,0.0,60.0,N,Withdrawn,115.0,0.0,Low,0,1,0
CCC,2014B,625953.0,M,London Region,HE Qualification,10-20,35-55,0.0,90.0,N,Withdrawn,734.0,28.0,High,1,1,0
CCC,2014B,625975.0,M,West Midlands Region,A Level or Equivalent,50-60%,0-35,0.0,60.0,Y,Fail,193.0,15.0,High,1,0,0
CCC,2014B,626055.0,F,Scotland,HE Qualification,10-20,0-35,0.0,90.0,N,Fail,241.0,21.0,High,1,0,0
CCC,2014B,626173.0,F,East Anglian Region,Lower Than A Level,60-70%,0-35,0.0,60.0,N,Withdrawn,220.0,5.0,Low,1,1,0
CCC,2014B,626183.0,M,East Anglian Region,Lower Than A Level,0-10%,0-35,0.0,60.0,N,Fail,626.0,0.0,Low,0,0,0
CCC,2014B,626252.0,F,South East Region,A Level or Equivalent,30-40%,0-35,0.0,60.0,N,Distinction,2238.0,208.0,High,1,0,1
CCC,2014B,626296.0,M,South Region,Lower Than A Level,80-90%,0-35,0.0,90.0,N,Withdrawn,2263.0,193.0,Low,1,1,0
CCC,2014B,626349.0,M,Scotland,A Level or Equivalent,30-40%,0-35,0.0,90.0,N,Withdrawn,0.0,0.0,High,0,1,0
CCC,2014B,626417.0,M,Wales,Lower Than A Level,80-90%,0-35,0.0,90.0,N,Withdrawn,1347.0,55.0,Low,1,1,0
CCC,2014B,626438.0,M,North Western Region,A Level or Equivalent,0-10%,0-35,0.0,60.0,N,Withdrawn,35.0,0.0,High,0,1,0
CCC,2014B,626444.0,M,Yorkshire Region,A Level or Equivalent,50-60%,0-35,0.0,60.0,N,Withdrawn,90.0,7.0,High,1,1,0
CCC,2014B,626469.0,M,South Region,Lower Than A Level,90-100%,0-35,0.0,120.0,N,Withdrawn,0.0,0.0,Low,0,1,0
CCC,2014B,626501.0,M,East Anglian Region,HE Qualification,60-70%,35-55,0.0,30.0,N,Pass,707.0,0.0,High,0,0,1
CCC,2014B,626516.0,M,East Midlands Region,Lower Than A Level,60-70%,35-55,0.0,60.0,N,Fail,144.0,6.0,Low,1,0,0
CCC,2014B,626518.0,M,Wales,A Level or Equivalent,80-90%,0-35,0.0,60.0,N,Withdrawn,0.0,0.0,High,0,1,0
CCC,2014B,626614.0,M,Scotland,HE Qualification,40-50%,0-35,0.0,30.0,N,Fail,1703.0,52.0,High,1,0,0
CCC,2014B,626625.0,M,Scotland,A Level or Equivalent,50-60%,0-35,0.0,90.0,N,Withdrawn,1553.0,18.0,High,1,1,0
CCC,2014B,626712.0,M,North Region,HE Qualification,,0-35,0.0,30.0,N,Withdrawn,17.0,0.0,High,0,1,0
CCC,2014B,626714.0,M,West Midlands Region,A Level or Equivalent,70-80%,0-35,0.0,60.0,N,Fail,669.0,28.0,High,1,0,0
CCC,2014B,626763.0,M,West Midlands Region,A Level or Equivalent,0-10%,0-35,0.0,60.0,N,Pass,3150.0,3.0,High,1,0,1
CCC,2014B,626772.0,M,London Region,Lower Than A Level,70-80%,0-35,0.0,60.0,N,Withdrawn,34.0,0.0,Low,0,1,0
CCC,2014B,626857.0,F,East Anglian Region,A Level or Equivalent,60-70%,0-35,0.0,60.0,N,Fail,1570.0,0.0,High,0,0,0
CCC,2014B,626862.0,M,East Anglian Region,HE Qualification,70-80%,0-35,0.0,60.0,N,Distinction,2123.0,262.0,High,1,0,1
CCC,2014B,626877.0,M,West Midlands Region,A Level or Equivalent,40-50%,0-35,0.0,60.0,N,Fail,633.0,71.0,High,1,0,0
CCC,2014B,626906.0,M,South Region,Lower Than A Level,90-100%,0-35,0.0,60.0,N,Fail,134.0,0.0,Low,0,0,0
CCC,2014B,626930.0,M,Wales,Lower Than A Level,20-30%,0-35,0.0,90.0,N,Withdrawn,125.0,8.0,Low,1,1,0
CCC,2014B,626998.0,M,Yorkshire Region,HE Qualification,30-40%,0-35,0.0,60.0,N,Pass,766.0,86.0,High,1,0,1
CCC,2014B,627066.0,M,Scotland,A Level or Equivalent,50-60%,0-35,0.0,30.0,N,Fail,276.0,4.0,High,1,0,0
CCC,2014B,627136.0,M,East Midlands Region,A Level or Equivalent,60-70%,0-35,0.0,60.0,N,Distinction,1263.0,34.0,High,1,0,1
CCC,2014B,627160.0,F,London Region,Lower Than A Level,10-20,0-35,0.0,120.0,N,Withdrawn,17.0,0.0,Low,0,1,0
CCC,2014B,627168.0,M,East Anglian Region,Lower Than A Level,60-70%,0-35,0.0,60.0,N,Withdrawn,321.0,40.0,Low,1,1,0
CCC,2014B,627176.0,F,Yorkshire Region,Lower Than A Level,50-60%,0-35,0.0,90.0,N,Withdrawn,171.0,3.0,Low,1,1,0
CCC,2014B,627253.0,M,Yorkshire Region,A Level or Equivalent,40-50%,0-35,0.0,60.0,N,Distinction,915.0,35.0,High,1,0,1
CCC,2014B,627307.0,M,South West Region,HE Qualification,80-90%,0-35,0.0,90.0,N,Withdrawn,198.0,0.0,High,0,1,0
CCC,2014B,627343.0,F,South West Region,Lower Than A Level,60-70%,0-35,0.0,60.0,N,Pass,1497.0,277.0,Low,1,0,1
CCC,2014B,627348.0,M,North Western Region,A Level or Equivalent,60-70%,0-35,0.0,60.0,N,Pass,942.0,45.0,High,1,0,1
CCC,2014B,627374.0,M,West Midlands Region,Lower Than A Level,,0-35,0.0,60.0,N,Pass,719.0,29.0,Low,1,0,1
CCC,2014B,627386.0,M,Scotland,A Level or Equivalent,30-40%,0-35,0.0,30.0,N,Fail,242.0,0.0,High,0,0,0
CCC,2014B,627387.0,M,West Midlands Region,HE Qualification,50-60%,0-35,0.0,60.0,N,Pass,473.0,7.0,High,1,0,1
CCC,2014B,627395.0,M,North Western Region,HE Qualification,20-30%,0-35,0.0,120.0,N,Withdrawn,0.0,0.0,High,0,1,0
CCC,2014B,627399.0,F,North Western Region,A Level or Equivalent,0-10%,0-35,0.0,60.0,N,Pass,6587.0,402.0,High,1,0,1
CCC,2014B,627435.0,F,East Anglian Region,Lower Than A Level,30-40%,0-35,0.0,30.0,N,Withdrawn,472.0,7.0,Low,1,1,0
CCC,2014B,627500.0,M,South Region,Lower Than A Level,80-90%,0-35,0.0,60.0,N,Withdrawn,228.0,9.0,Low,1,1,0
CCC,2014B,627516.0,M,Wales,Lower Than A Level,50-60%,35-55,0.0,60.0,N,Withdrawn,0.0,0.0,Low,0,1,0
CCC,2014B,627520.0,M,Scotland,HE Qualification,0-10%,0-35,0.0,30.0,N,Withdrawn,136.0,10.0,High,1,1,0
CCC,2014B,627632.0,M,East Anglian Region,Lower Than A Level,20-30%,0-35,0.0,30.0,Y,Withdrawn,19.0,0.0,Low,0,1,0
CCC,2014B,627635.0,M,West Midlands Region,A Level or Equivalent,,0-35,0.0,60.0,N,Fail,96.0,0.0,High,0,0,0
CCC,2014B,627636.0,M,East Midlands Region,Lower Than A Level,80-90%,0-35,0.0,60.0,N,Withdrawn,392.0,0.0,Low,0,1,0
CCC,2014B,627691.0,M,Ireland,HE Qualification,,35-55,0.0,60.0,N,Pass,2628.0,87.0,High,1,0,1
CCC,2014B,627711.0,M,West Midlands Region,A Level or Equivalent,10-20,0-35,0.0,60.0,N,Withdrawn,880.0,202.0,High,1,1,0
CCC,2014B,627747.0,M,South East Region,A Level or Equivalent,10-20,35-55,0.0,30.0,N,Pass,1182.0,33.0,High,1,0,1
CCC,2014B,627750.0,F,Scotland,HE Qualification,40-50%,0-35,0.0,60.0,N,Pass,516.0,101.0,High,1,0,1
CCC,2014B,627784.0,M,London Region,A Level or Equivalent,70-80%,0-35,0.0,60.0,N,Withdrawn,657.0,4.0,High,1,1,0
CCC,2014B,627907.0,M,South Region,Lower Than A Level,10-20,0-35,0.0,60.0,N,Withdrawn,165.0,36.0,Low,1,1,0
CCC,2014B,627933.0,M,Scotland,A Level or Equivalent,90-100%,0-35,0.0,120.0,Y,Fail,583.0,54.0,High,1,0,0
CCC,2014B,627947.0,F,South Region,A Level or Equivalent,20-30%,35-55,0.0,60.0,N,Withdrawn,1932.0,43.0,High,1,1,0
CCC,2014B,628022.0,M,London Region,A Level or Equivalent,0-10%,0-35,0.0,60.0,N,Withdrawn,8.0,0.0,High,0,1,0
CCC,2014B,628029.0,F,North Western Region,A Level or Equivalent,80-90%,0-35,0.0,60.0,N,Withdrawn,1090.0,33.0,High,1,1,0
CCC,2014B,628053.0,M,London Region,HE Qualification,10-20,0-35,0.0,60.0,N,Fail,1.0,0.0,High,0,0,0
CCC,2014B,628086.0,M,East Midlands Region,A Level or Equivalent,10-20,35-55,0.0,60.0,N,Pass,2239.0,1003.0,High,1,0,1
CCC,2014B,628090.0,M,Yorkshire Region,HE Qualification,40-50%,0-35,0.0,30.0,N,Fail,451.0,59.0,High,1,0,0
CCC,2014B,628122.0,F,Scotland,HE Qualification,50-60%,0-35,0.0,30.0,N,Fail,194.0,29.0,High,1,0,0
CCC,2014B,628141.0,M,South West Region,Lower Than A Level,0-10%,0-35,0.0,120.0,N,Withdrawn,0.0,0.0,Low,0,1,0
CCC,2014B,628157.0,F,North Western Region,A Level or Equivalent,10-20,0-35,0.0,30.0,N,Distinction,1702.0,240.0,High,1,0,1
CCC,2014B,628214.0,M,South East Region,Lower Than A Level,70-80%,0-35,0.0,60.0,N,Withdrawn,85.0,0.0,Low,0,1,0
CCC,2014B,628293.0,M,West Midlands Region,HE Qualification,20-30%,0-35,0.0,30.0,N,Pass,1576.0,0.0,High,0,0,1
CCC,2014B,628366.0,M,Scotland,Lower Than A Level,40-50%,0-35,0.0,60.0,N,Withdrawn,227.0,0.0,Low,0,1,0
CCC,2014B,628383.0,M,London Region,HE Qualification,20-30%,0-35,0.0,30.0,N,Pass,9046.0,26.0,High,1,0,1
CCC,2014B,628506.0,M,East Anglian Region,A Level or Equivalent,60-70%,0-35,0.0,30.0,N,Pass,823.0,8.0,High,1,0,1
CCC,2014B,628527.0,M,Wales,A Level or Equivalent,30-40%,0-35,0.0,60.0,N,Withdrawn,467.0,4.0,High,1,1,0
CCC,2014B,628565.0,M,East Anglian Region,A Level or Equivalent,50-60%,0-35,0.0,60.0,N,Withdrawn,1096.0,9.0,High,1,1,0
CCC,2014B,628575.0,M,Scotland,A Level or Equivalent,20-30%,0-35,0.0,90.0,N,Pass,724.0,87.0,High,1,0,1
CCC,2014B,628663.0,M,North Region,Lower Than A Level,,35-55,0.0,30.0,N,Pass,871.0,72.0,Low,1,0,1
CCC,2014B,628677.0,F,Scotland,Lower Than A Level,70-80%,35-55,0.0,90.0,N,Withdrawn,0.0,0.0,Low,0,1,0
CCC,2014B,628718.0,M,Scotland,A Level or Equivalent,60-70%,0-35,0.0,90.0,Y,Withdrawn,0.0,0.0,High,0,1,0
CCC,2014B,628725.0,M,North Region,Lower Than A Level,50-60%,0-35,0.0,90.0,N,Withdrawn,9.0,0.0,Low,0,1,0
CCC,2014B,628771.0,F,South Region,HE Qualification,90-100%,0-35,0.0,30.0,N,Withdrawn,128.0,0.0,High,0,1,0
CCC,2014B,628803.0,M,London Region,A Level or Equivalent,20-30%,35-55,0.0,90.0,N,Withdrawn,240.0,0.0,High,0,1,0
CCC,2014B,628846.0,M,South West Region,A Level or Equivalent,70-80%,0-35,0.0,90.0,N,Withdrawn,1294.0,85.0,High,1,1,0
CCC,2014B,628938.0,M,West Midlands Region,A Level or Equivalent,0-10%,0-35,0.0,60.0,N,Withdrawn,38.0,0.0,High,0,1,0
CCC,2014B,628993.0,M,South Region,HE Qualification,70-80%,0-35,0.0,60.0,N,Withdrawn,0.0,0.0,High,0,1,0
CCC,2014B,629081.0,M,Scotland,HE Qualification,40-50%,0-35,0.0,60.0,N,Fail,302.0,0.0,High,0,0,0
CCC,2014B,629164.0,M,West Midlands Region,Lower Than A Level,20-30%,0-35,0.0,60.0,N,Distinction,5508.0,875.0,Low,1,0,1
CCC,2014B,629209.0,M,North Region,HE Qualification,50-60%,0-35,0.0,30.0,N,Withdrawn,0.0,0.0,High,0,1,0
CCC,2014B,629270.0,M,Wales,A Level or Equivalent,40-50%,0-35,0.0,90.0,N,Fail,395.0,0.0,High,0,0,0
CCC,2014B,629342.0,F,Yorkshire Region,HE Qualification,30-40%,35-55,0.0,60.0,N,Withdrawn,1831.0,54.0,High,1,1,0
CCC,2014B,629445.0,F,London Region,HE Qualification,10-20,0-35,0.0,30.0,N,Withdrawn,0.0,0.0,High,0,1,0
CCC,2014B,629500.0,M,South East Region,A Level or Equivalent,80-90%,0-35,0.0,60.0,N,Withdrawn,153.0,6.0,High,1,1,0
CCC,2014B,629560.0,F,North Western Region,Lower Than A Level,40-50%,0-35,0.0,60.0,N,Withdrawn,1145.0,106.0,Low,1,1,0
CCC,2014B,629601.0,M,Scotland,HE Qualification,50-60%,0-35,0.0,60.0,N,Withdrawn,0.0,0.0,High,0,1,0
CCC,2014B,629613.0,F,London Region,Lower Than A Level,40-50%,0-35,0.0,90.0,N,Fail,83.0,11.0,Low,1,0,0
CCC,2014B,629623.0,M,Yorkshire Region,A Level or Equivalent,30-40%,35-55,0.0,60.0,N,Withdrawn,63.0,0.0,High,0,1,0
CCC,2014B,629628.0,M,Yorkshire Region,Lower Than A Level,50-60%,0-35,0.0,60.0,N,Withdrawn,137.0,6.0,Low,1,1,0
CCC,2014B,629632.0,F,North Western Region,A Level or Equivalent,10-20,0-35,0.0,90.0,Y,Withdrawn,32.0,0.0,High,0,1,0
CCC,2014B,629654.0,F,South Region,A Level or Equivalent,30-40%,0-35,0.0,60.0,N,Fail,922.0,19.0,High,1,0,0
CCC,2014B,629692.0,M,North Western Region,A Level or Equivalent,10-20,0-35,0.0,120.0,N,Withdrawn,2260.0,36.0,High,1,1,0
CCC,2014B,629694.0,M,Wales,A Level or Equivalent,0-10%,0-35,0.0,90.0,N,Fail,118.0,8.0,High,1,0,0
CCC,2014B,629696.0,M,Wales,HE Qualification,80-90%,0-35,0.0,90.0,N,Withdrawn,3055.0,191.0,High,1,1,0
CCC,2014B,629710.0,M,North Region,HE Qualification,,35-55,0.0,90.0,N,Distinction,2879.0,1337.0,High,1,0,1
CCC,2014B,629766.0,M,South East Region,Lower Than A Level,90-100%,0-35,0.0,60.0,N,Pass,1185.0,40.0,Low,1,0,1
CCC,2014B,629773.0,M,South East Region,A Level or Equivalent,70-80%,0-35,0.0,90.0,Y,Withdrawn,124.0,3.0,High,1,1,0
CCC,2014B,629798.0,M,South East Region,Lower Than A Level,70-80%,0-35,0.0,60.0,N,Withdrawn,590.0,64.0,Low,1,1,0
CCC,2014B,629862.0,M,West Midlands Region,Lower Than A Level,60-70%,0-35,0.0,90.0,N,Pass,2876.0,655.0,Low,1,0,1
CCC,2014B,629887.0,M,North Western Region,HE Qualification,20-30%,0-35,0.0,60.0,N,Withdrawn,51.0,2.0,High,1,1,0
CCC,2014B,629890.0,M,London Region,A Level or Equivalent,20-30%,35-55,0.0,30.0,N,Fail,339.0,1.0,High,1,0,0
CCC,2014B,629893.0,M,South West Region,A Level or Equivalent,60-70%,0-35,0.0,60.0,N,Withdrawn,0.0,0.0,High,0,1,0
CCC,2014B,629906.0,M,North Western Region,Lower Than A Level,0-10%,35-55,0.0,60.0,Y,Withdrawn,346.0,0.0,Low,0,1,0
CCC,2014B,629936.0,M,North Western Region,Lower Than A Level,0-10%,0-35,0.0,60.0,N,Fail,1063.0,4.0,Low,1,0,0
CCC,2014B,630005.0,M,Scotland,Lower Than A Level,40-50%,35-55,0.0,60.0,N,Withdrawn,640.0,112.0,Low,1,1,0
CCC,2014B,630012.0,M,London Region,A Level or Equivalent,50-60%,0-35,0.0,60.0,N,Distinction,1171.0,6.0,High,1,0,1
CCC,2014B,630047.0,M,South East Region,Lower Than A Level,10-20,0-35,0.0,60.0,N,Pass,7822.0,18.0,Low,1,0,1
CCC,2014B,630086.0,M,Scotland,HE Qualification,60-70%,0-35,0.0,60.0,N,Pass,1371.0,232.0,High,1,0,1
CCC,2014B,630152.0,M,Ireland,A Level or Equivalent,50-60%,0-35,0.0,90.0,N,Fail,158.0,19.0,High,1,0,0
CCC,2014B,630157.0,M,London Region,HE Qualification,50-60%,0-35,0.0,30.0,N,Pass,1345.0,5.0,High,1,0,1
CCC,2014B,630178.0,M,South Region,Lower Than A Level,70-80%,0-35,0.0,90.0,N,Pass,1258.0,123.0,Low,1,0,1
CCC,2014B,630200.0,F,East Midlands Region,A Level or Equivalent,60-70%,0-35,0.0,90.0,N,Withdrawn,463.0,18.0,High,1,1,0
CCC,2014B,630211.0,M,Ireland,HE Qualification,,35-55,0.0,30.0,N,Pass,3117.0,88.0,High,1,0,1
CCC,2014B,630449.0,M,South West Region,A Level or Equivalent,60-70%,0-35,0.0,60.0,N,Fail,922.0,16.0,High,1,0,0
CCC,2014B,630471.0,M,Yorkshire Region,A Level or Equivalent,40-50%,0-35,0.0,60.0,N,Fail,79.0,5.0,High,1,0,0
CCC,2014B,630514.0,M,East Midlands Region,A Level or Equivalent,30-40%,35-55,0.0,60.0,N,Withdrawn,38.0,0.0,High,0,1,0
CCC,2014B,630531.0,M,North Region,Lower Than A Level,10-20,0-35,0.0,90.0,N,Withdrawn,23.0,0.0,Low,0,1,0
CCC,2014B,630540.0,F,East Midlands Region,Lower Than A Level,20-30%,0-35,0.0,90.0,N,Withdrawn,1291.0,0.0,Low,0,1,0
CCC,2014B,630573.0,M,East Anglian Region,HE Qualification,50-60%,0-35,0.0,60.0,N,Withdrawn,1066.0,10.0,High,1,1,0
CCC,2014B,630585.0,M,North Western Region,Lower Than A Level,20-30%,0-35,0.0,120.0,N,Fail,2286.0,238.0,Low,1,0,0
CCC,2014B,630606.0,M,East Anglian Region,A Level or Equivalent,30-40%,0-35,0.0,60.0,N,Pass,3103.0,0.0,High,0,0,1
CCC,2014B,630613.0,F,East Anglian Region,A Level or Equivalent,60-70%,0-35,0.0,90.0,N,Pass,2823.0,384.0,High,1,0,1
CCC,2014B,630635.0,M,London Region,A Level or Equivalent,0-10%,35-55,0.0,60.0,N,Fail,988.0,4.0,High,1,0,0
CCC,2014B,630657.0,M,North Region,A Level or Equivalent,10-20,0-35,0.0,60.0,N,Withdrawn,93.0,0.0,High,0,1,0
CCC,2014B,630730.0,F,East Anglian Region,A Level or Equivalent,60-70%,0-35,0.0,60.0,N,Fail,2296.0,0.0,High,0,0,0
CCC,2014B,630825.0,M,East Midlands Region,Lower Than A Level,70-80%,0-35,0.0,60.0,N,Fail,114.0,0.0,Low,0,0,0
CCC,2014B,630888.0,M,North Western Region,A Level or Equivalent,0-10%,0-35,0.0,60.0,N,Withdrawn,162.0,2.0,High,1,1,0
CCC,2014B,630896.0,M,North Region,A Level or Equivalent,40-50%,0-35,0.0,60.0,Y,Distinction,2307.0,567.0,High,1,0,1
CCC,2014B,630912.0,M,Scotland,A Level or Equivalent,30-40%,0-35,0.0,120.0,N,Fail,609.0,19.0,High,1,0,0
CCC,2014B,631038.0,F,South Region,A Level or Equivalent,40-50%,0-35,0.0,60.0,N,Withdrawn,70.0,2.0,High,1,1,0
CCC,2014B,631044.0,M,Scotland,HE Qualification,40-50%,35-55,0.0,30.0,N,Pass,3794.0,478.0,High,1,0,1
CCC,2014B,631051.0,M,Yorkshire Region,Lower Than A Level,70-80%,0-35,0.0,60.0,N,Withdrawn,4.0,0.0,Low,0,1,0
CCC,2014B,631075.0,M,Scotland,A Level or Equivalent,80-90%,0-35,0.0,90.0,N,Withdrawn,483.0,101.0,High,1,1,0
CCC,2014B,631122.0,M,London Region,A Level or Equivalent,40-50%,0-35,0.0,60.0,N,Fail,417.0,0.0,High,0,0,0
CCC,2014B,631216.0,M,Scotland,Lower Than A Level,10-20,0-35,0.0,60.0,N,Fail,486.0,12.0,Low,1,0,0
CCC,2014B,631300.0,M,East Anglian Region,A Level or Equivalent,10-20,0-35,0.0,90.0,N,Withdrawn,216.0,2.0,High,1,1,0
CCC,2014B,631334.0,M,South Region,A Level or Equivalent,40-50%,0-35,0.0,60.0,Y,Pass,674.0,5.0,High,1,0,1
CCC,2014B,631365.0,M,North Western Region,A Level or Equivalent,20-30%,0-35,0.0,90.0,N,Withdrawn,0.0,0.0,High,0,1,0
CCC,2014B,631453.0,M,South Region,A Level or Equivalent,50-60%,0-35,0.0,60.0,N,Fail,1277.0,275.0,High,1,0,0
CCC,2014B,631455.0,M,North Region,Post Graduate Qualification,,0-35,0.0,60.0,N,Distinction,1597.0,32.0,Other,1,0,1
CCC,2014B,631473.0,M,London Region,Lower Than A Level,10-20,0-35,0.0,120.0,N,Distinction,5108.0,190.0,Low,1,0,1
CCC,2014B,631583.0,M,Yorkshire Region,A Level or Equivalent,30-40%,0-35,0.0,60.0,N,Pass,1443.0,32.0,High,1,0,1
CCC,2014B,631655.0,M,East Anglian Region,HE Qualification,80-90%,0-35,0.0,60.0,N,Fail,1618.0,90.0,High,1,0,0
CCC,2014B,631657.0,M,Scotland,HE Qualification,80-90%,0-35,0.0,60.0,N,Withdrawn,0.0,0.0,High,0,1,0
CCC,2014B,631699.0,M,North Region,Post Graduate Qualification,,0-35,0.0,30.0,N,Distinction,871.0,65.0,Other,1,0,1
CCC,2014B,631715.0,M,South Region,HE Qualification,50-60%,0-35,0.0,30.0,N,Pass,1550.0,298.0,High,1,0,1
CCC,2014B,631770.0,M,West Midlands Region,A Level or Equivalent,10-20,35-55,0.0,60.0,N,Fail,2.0,0.0,High,0,0,0
CCC,2014B,631772.0,M,Scotland,Lower Than A Level,90-100%,35-55,0.0,30.0,N,Pass,10384.0,5867.0,Low,1,0,1
CCC,2014B,631850.0,M,Scotland,Post Graduate Qualification,90-100%,0-35,0.0,60.0,N,Distinction,922.0,15.0,Other,1,0,1
CCC,2014B,631925.0,M,North Region,Lower Than A Level,,0-35,0.0,90.0,N,Withdrawn,364.0,21.0,Low,1,1,0
CCC,2014B,631929.0,F,London Region,A Level or Equivalent,20-30%,0-35,0.0,60.0,Y,Withdrawn,138.0,0.0,High,0,1,0
CCC,2014B,631981.0,F,North Region,Post Graduate Qualification,,0-35,0.0,30.0,N,Pass,587.0,21.0,Other,1,0,1
CCC,2014B,632017.0,F,North Region,HE Qualification,,35-55,0.0,60.0,N,Pass,2102.0,675.0,High,1,0,1
CCC,2014B,632037.0,F,Ireland,HE Qualification,,35-55,0.0,100.0,N,Fail,165.0,0.0,High,0,0,0
CCC,2014B,632074.0,M,Scotland,A Level or Equivalent,60-70%,0-35,0.0,60.0,N,Pass,1906.0,345.0,High,1,0,1
CCC,2014B,632107.0,M,North Region,HE Qualification,80-90%,35-55,0.0,30.0,N,Withdrawn,732.0,129.0,High,1,1,0
CCC,2014B,632111.0,M,North Western Region,A Level or Equivalent,50-60%,0-35,0.0,60.0,N,Pass,955.0,23.0,High,1,0,1
CCC,2014B,632114.0,M,London Region,A Level or Equivalent,50-60%,0-35,0.0,90.0,N,Withdrawn,8.0,0.0,High,0,1,0
CCC,2014B,632133.0,F,West Midlands Region,Lower Than A Level,60-70%,35-55,0.0,60.0,N,Withdrawn,309.0,1.0,Low,1,1,0
CCC,2014B,632134.0,M,Yorkshire Region,A Level or Equivalent,30-40%,35-55,0.0,60.0,N,Withdrawn,115.0,1.0,High,1,1,0
CCC,2014B,632135.0,M,West Midlands Region,Lower Than A Level,60-70%,35-55,0.0,60.0,N,Withdrawn,153.0,13.0,Low,1,1,0
CCC,2014B,632190.0,F,South Region,A Level or Equivalent,60-70%,0-35,0.0,60.0,N,Withdrawn,649.0,223.0,High,1,1,0
CCC,2014B,632242.0,M,South West Region,A Level or Equivalent,50-60%,0-35,0.0,60.0,N,Withdrawn,174.0,1.0,High,1,1,0
CCC,2014B,632260.0,F,South West Region,Lower Than A Level,40-50%,0-35,0.0,150.0,N,Withdrawn,151.0,0.0,Low,0,1,0
CCC,2014B,632312.0,M,Ireland,A Level or Equivalent,20-30%,0-35,0.0,60.0,N,Fail,180.0,8.0,High,1,0,0
CCC,2014B,632313.0,M,North Western Region,A Level or Equivalent,80-90%,0-35,0.0,60.0,N,Distinction,611.0,11.0,High,1,0,1
CCC,2014B,632332.0,M,London Region,A Level or Equivalent,20-30%,0-35,0.0,60.0,N,Withdrawn,0.0,0.0,High,0,1,0
CCC,2014B,632459.0,M,London Region,A Level or Equivalent,90-100%,0-35,0.0,60.0,N,Pass,1322.0,71.0,High,1,0,1
CCC,2014B,632486.0,F,West Midlands Region,A Level or Equivalent,40-50%,0-35,0.0,90.0,N,Withdrawn,53.0,15.0,High,1,1,0
CCC,2014B,632487.0,F,North Region,A Level or Equivalent,20-30%,0-35,0.0,60.0,N,Withdrawn,7.0,0.0,High,0,1,0
CCC,2014B,632506.0,M,South Region,Lower Than A Level,80-90%,0-35,0.0,60.0,N,Fail,8163.0,2300.0,Low,1,0,0
CCC,2014B,632546.0,M,Scotland,A Level or Equivalent,90-100%,0-35,0.0,60.0,N,Fail,524.0,7.0,High,1,0,0
CCC,2014B,632554.0,M,East Anglian Region,HE Qualification,90-100%,0-35,0.0,90.0,Y,Distinction,3421.0,201.0,High,1,0,1
CCC,2014B,632571.0,M,Wales,A Level or Equivalent,70-80%,0-35,0.0,30.0,Y,Pass,399.0,0.0,High,0,0,1
CCC,2014B,632597.0,M,Wales,A Level or Equivalent,50-60%,0-35,0.0,30.0,N,Pass,348.0,1.0,High,1,0,1
CCC,2014B,632637.0,M,Yorkshire Region,Lower Than A Level,20-30%,0-35,0.0,120.0,N,Withdrawn,1085.0,4.0,Low,1,1,0
CCC,2014B,632641.0,F,West Midlands Region,A Level or Equivalent,0-10%,0-35,0.0,60.0,N,Withdrawn,142.0,2.0,High,1,1,0
CCC,2014B,632691.0,M,South Region,A Level or Equivalent,40-50%,0-35,0.0,120.0,N,Withdrawn,1211.0,91.0,High,1,1,0
CCC,2014B,632780.0,M,London Region,HE Qualification,20-30%,0-35,0.0,60.0,N,Withdrawn,1.0,0.0,High,0,1,0
CCC,2014B,632836.0,F,London Region,Lower Than A Level,20-30%,0-35,0.0,30.0,N,Distinction,1279.0,7.0,Low,1,0,1
CCC,2014B,632856.0,M,London Region,A Level or Equivalent,20-30%,0-35,0.0,90.0,N,Withdrawn,471.0,30.0,High,1,1,0
CCC,2014B,632889.0,M,London Region,A Level or Equivalent,70-80%,0-35,0.0,60.0,N,Withdrawn,1.0,0.0,High,0,1,0
CCC,2014B,632900.0,F,West Midlands Region,A Level or Equivalent,70-80%,0-35,0.0,60.0,N,Pass,762.0,0.0,High,0,0,1
CCC,2014B,632903.0,M,North Region,Lower Than A Level,,0-35,0.0,30.0,N,Withdrawn,0.0,0.0,Low,0,1,0
CCC,2014B,633071.0,M,South Region,Lower Than A Level,90-100%,0-35,0.0,30.0,Y,Withdrawn,651.0,42.0,Low,1,1,0
CCC,2014B,633112.0,F,London Region,A Level or Equivalent,90-100%,35-55,0.0,60.0,N,Distinction,3652.0,161.0,High,1,0,1
CCC,2014B,633178.0,F,Scotland,A Level or Equivalent,20-30%,0-35,0.0,60.0,N,Pass,847.0,2.0,High,1,0,1
CCC,2014B,633240.0,M,London Region,Post Graduate Qualification,20-30%,35-55,0.0,30.0,N,Withdrawn,13.0,0.0,Other,0,1,0
CCC,2014B,633243.0,M,East Anglian Region,Lower Than A Level,20-30%,0-35,0.0,120.0,N,Withdrawn,270.0,8.0,Low,1,1,0
CCC,2014B,633250.0,M,Yorkshire Region,A Level or Equivalent,70-80%,0-35,0.0,60.0,N,Pass,4896.0,2154.0,High,1,0,1
CCC,2014B,633256.0,M,North Region,Post Graduate Qualification,,0-35,0.0,60.0,N,Withdrawn,603.0,77.0,Other,1,1,0
CCC,2014B,633270.0,M,South West Region,No Formal quals,20-30%,0-35,0.0,60.0,N,Pass,910.0,109.0,Other,1,0,1
CCC,2014B,633281.0,F,South East Region,HE Qualification,70-80%,0-35,0.0,60.0,N,Distinction,703.0,13.0,High,1,0,1
CCC,2014B,633310.0,M,East Midlands Region,A Level or Equivalent,40-50%,0-35,0.0,60.0,N,Fail,1788.0,10.0,High,1,0,0
CCC,2014B,633330.0,M,South East Region,A Level or Equivalent,80-90%,0-35,0.0,60.0,N,Fail,34.0,2.0,High,1,0,0
CCC,2014B,633341.0,F,North Western Region,A Level or Equivalent,70-80%,0-35,0.0,90.0,N,Fail,252.0,48.0,High,1,0,0
CCC,2014B,633384.0,M,South East Region,Lower Than A Level,60-70%,0-35,0.0,90.0,N,Withdrawn,495.0,6.0,Low,1,1,0
CCC,2014B,633395.0,M,North Western Region,A Level or Equivalent,0-10%,0-35,0.0,60.0,N,Fail,174.0,8.0,High,1,0,0
CCC,2014B,633432.0,M,West Midlands Region,A Level or Equivalent,50-60%,0-35,0.0,60.0,N,Withdrawn,239.0,1.0,High,1,1,0
CCC,2014B,633447.0,F,Ireland,HE Qualification,,0-35,0.0,30.0,N,Fail,1081.0,287.0,High,1,0,0
CCC,2014B,633455.0,M,North Western Region,Lower Than A Level,50-60%,0-35,0.0,60.0,N,Withdrawn,316.0,47.0,Low,1,1,0
CCC,2014B,633460.0,M,East Anglian Region,Lower Than A Level,90-100%,0-35,0.0,30.0,N,Fail,193.0,7.0,Low,1,0,0
CCC,2014B,633493.0,M,North Region,A Level or Equivalent,,0-35,0.0,30.0,Y,Distinction,971.0,16.0,High,1,0,1
CCC,2014B,633527.0,M,London Region,HE Qualification,0-10%,0-35,0.0,30.0,N,Withdrawn,21.0,0.0,High,0,1,0
CCC,2014B,633637.0,M,Yorkshire Region,A Level or Equivalent,0-10%,0-35,0.0,60.0,N,Fail,136.0,4.0,High,1,0,0
CCC,2014B,633679.0,F,London Region,HE Qualification,50-60%,0-35,0.0,60.0,N,Withdrawn,946.0,103.0,High,1,1,0
CCC,2014B,633695.0,M,Yorkshire Region,A Level or Equivalent,70-80%,0-35,0.0,60.0,N,Distinction,1446.0,110.0,High,1,0,1
CCC,2014B,633716.0,M,Wales,A Level or Equivalent,0-10%,0-35,0.0,60.0,N,Withdrawn,289.0,17.0,High,1,1,0
CCC,2014B,633722.0,M,Scotland,HE Qualification,90-100%,35-55,0.0,30.0,N,Distinction,3098.0,513.0,High,1,0,1
CCC,2014B,633857.0,F,North Region,Lower Than A Level,,0-35,0.0,60.0,N,Distinction,3408.0,335.0,Low,1,0,1
CCC,2014B,633859.0,M,North Region,Lower Than A Level,40-50%,0-35,0.0,60.0,N,Withdrawn,198.0,61.0,Low,1,1,0
CCC,2014B,633913.0,M,Scotland,HE Qualification,40-50%,0-35,0.0,60.0,N,Withdrawn,249.0,16.0,High,1,1,0
CCC,2014B,633942.0,F,North Western Region,A Level or Equivalent,70-80%,0-35,0.0,30.0,N,Distinction,1955.0,667.0,High,1,0,1
CCC,2014B,633998.0,F,Scotland,HE Qualification,50-60%,55<=,0.0,60.0,N,Pass,1543.0,0.0,High,0,0,1
CCC,2014B,634040.0,M,Scotland,A Level or Equivalent,20-30%,0-35,0.0,60.0,N,Fail,460.0,0.0,High,0,0,0
CCC,2014B,634057.0,M,South West Region,No Formal quals,30-40%,0-35,0.0,90.0,N,Withdrawn,48.0,8.0,Other,1,1,0
CCC,2014B,634083.0,M,South West Region,A Level or Equivalent,70-80%,0-35,0.0,60.0,N,Withdrawn,0.0,0.0,High,0,1,0
CCC,2014B,634128.0,F,South West Region,A Level or Equivalent,40-50%,0-35,0.0,60.0,Y,Pass,568.0,22.0,High,1,0,1
CCC,2014B,634139.0,M,West Midlands Region,A Level or Equivalent,90-100%,0-35,0.0,120.0,N,Withdrawn,0.0,0.0,High,0,1,0
CCC,2014B,634157.0,M,North Region,Lower Than A Level,,0-35,0.0,60.0,N,Pass,2923.0,357.0,Low,1,0,1
CCC,2014B,634167.0,M,Wales,A Level or Equivalent,70-80%,0-35,0.0,60.0,N,Distinction,1453.0,10.0,High,1,0,1
CCC,2014B,634176.0,M,South East Region,Lower Than A Level,20-30%,0-35,0.0,90.0,N,Withdrawn,88.0,7.0,Low,1,1,0
CCC,2014B,634216.0,M,South West Region,HE Qualification,50-60%,0-35,0.0,60.0,N,Pass,1473.0,159.0,High,1,0,1
CCC,2014B,634217.0,M,Scotland,Lower Than A Level,70-80%,35-55,0.0,60.0,N,Distinction,1648.0,124.0,Low,1,0,1
CCC,2014B,634241.0,M,West Midlands Region,A Level or Equivalent,30-40%,0-35,0.0,60.0,N,Pass,3732.0,530.0,High,1,0,1
CCC,2014B,634279.0,M,East Midlands Region,A Level or Equivalent,30-40%,0-35,0.0,120.0,N,Fail,85.0,0.0,High,0,0,0
CCC,2014B,634349.0,M,Scotland,A Level or Equivalent,0-10%,0-35,0.0,120.0,N,Fail,203.0,9.0,High,1,0,0
CCC,2014B,634414.0,M,North Region,Lower Than A Level,70-80%,0-35,0.0,60.0,N,Fail,297.0,23.0,Low,1,0,0
CCC,2014B,634433.0,M,North Region,A Level or Equivalent,20-30%,0-35,0.0,60.0,N,Fail,297.0,15.0,High,1,0,0
CCC,2014B,634500.0,M,London Region,A Level or Equivalent,30-40%,35-55,0.0,120.0,N,Pass,1490.0,3.0,High,1,0,1
CCC,2014B,634507.0,M,South Region,HE Qualification,50-60%,0-35,0.0,60.0,N,Pass,1317.0,26.0,High,1,0,1
CCC,2014B,634512.0,M,North Western Region,Lower Than A Level,0-10%,0-35,0.0,30.0,N,Distinction,1428.0,7.0,Low,1,0,1
CCC,2014B,634523.0,M,East Anglian Region,Lower Than A Level,80-90%,35-55,0.0,30.0,N,Withdrawn,182.0,3.0,Low,1,1,0
CCC,2014B,634570.0,M,East Anglian Region,HE Qualification,80-90%,35-55,0.0,60.0,N,Pass,1764.0,58.0,High,1,0,1
CCC,2014B,634578.0,M,Scotland,A Level or Equivalent,50-60%,0-35,0.0,60.0,N,Withdrawn,1486.0,368.0,High,1,1,0
CCC,2014B,634589.0,F,North Western Region,A Level or Equivalent,70-80%,0-35,0.0,30.0,N,Pass,743.0,123.0,High,1,0,1
CCC,2014B,634618.0,M,North Region,HE Qualification,,0-35,0.0,30.0,N,Distinction,942.0,42.0,High,1,0,1
CCC,2014B,634649.0,F,Scotland,A Level or Equivalent,50-60%,0-35,0.0,30.0,N,Fail,304.0,45.0,High,1,0,0
CCC,2014B,634655.0,M,London Region,HE Qualification,40-50%,35-55,0.0,60.0,N,Withdrawn,34.0,0.0,High,0,1,0
CCC,2014B,634671.0,M,London Region,HE Qualification,60-70%,0-35,0.0,30.0,N,Pass,1216.0,72.0,High,1,0,1
CCC,2014B,634737.0,M,Yorkshire Region,Lower Than A Level,20-30%,0-35,0.0,90.0,N,Withdrawn,146.0,0.0,Low,0,1,0
CCC,2014B,634744.0,M,Scotland,HE Qualification,,0-35,0.0,60.0,N,Fail,472.0,31.0,High,1,0,0
CCC,2014B,634816.0,M,Wales,HE Qualification,0-10%,0-35,0.0,120.0,N,Pass,1254.0,125.0,High,1,0,1
CCC,2014B,634853.0,M,Ireland,Post Graduate Qualification,,0-35,0.0,60.0,N,Withdrawn,1789.0,17.0,Other,1,1,0
CCC,2014B,634862.0,F,West Midlands Region,A Level or Equivalent,40-50%,0-35,0.0,60.0,N,Pass,1976.0,32.0,High,1,0,1
CCC,2014B,634878.0,F,Wales,HE Qualification,60-70%,35-55,0.0,30.0,N,Pass,1015.0,169.0,High,1,0,1
CCC,2014B,635034.0,M,South Region,HE Qualification,90-100%,0-35,0.0,90.0,N,Withdrawn,1015.0,153.0,High,1,1,0
CCC,2014B,635041.0,M,East Midlands Region,A Level or Equivalent,50-60%,35-55,0.0,60.0,N,Withdrawn,581.0,53.0,High,1,1,0
CCC,2014B,635043.0,M,East Midlands Region,HE Qualification,90-100%,0-35,0.0,60.0,N,Pass,1286.0,275.0,High,1,0,1
CCC,2014B,635109.0,M,Ireland,Lower Than A Level,50-60%,0-35,0.0,60.0,N,Pass,1079.0,270.0,Low,1,0,1
CCC,2014B,635416.0,F,Scotland,Lower Than A Level,40-50%,0-35,0.0,30.0,N,Pass,14391.0,2119.0,Low,1,0,1
CCC,2014B,635515.0,M,Scotland,Lower Than A Level,90-100%,0-35,0.0,60.0,N,Fail,667.0,17.0,Low,1,0,0
CCC,2014B,835603.0,M,North Western Region,HE Qualification,20-30%,55<=,0.0,150.0,N,Withdrawn,0.0,0.0,High,0,1,0
CCC,2014B,856294.0,M,South East Region,HE Qualification,90-100%,55<=,0.0,30.0,N,Withdrawn,1111.0,3.0,High,1,1,0
CCC,2014B,917586.0,M,South Region,HE Qualification,80-90%,35-55,0.0,60.0,N,Distinction,1588.0,122.0,High,1,0,1
CCC,2014B,925553.0,M,London Region,HE Qualification,90-100%,55<=,0.0,120.0,N,Distinction,833.0,7.0,High,1,0,1
CCC,2014B,949548.0,M,London Region,A Level or Equivalent,80-90%,35-55,0.0,60.0,N,Pass,2725.0,23.0,High,1,0,1
CCC,2014B,984619.0,M,South West Region,HE Qualification,90-100%,35-55,0.0,30.0,N,Pass,3168.0,183.0,High,1,0,1
CCC,2014B,992544.0,M,Scotland,Post Graduate Qualification,80-90%,35-55,0.0,180.0,N,Pass,410.0,0.0,Other,0,0,1
CCC,2014B,1038161.0,M,Scotland,HE Qualification,40-50%,35-55,0.0,30.0,N,Pass,561.0,5.0,High,1,0,1
CCC,2014B,1047645.0,F,South East Region,A Level or Equivalent,20-30%,35-55,0.0,150.0,N,Withdrawn,16.0,0.0,High,0,1,0
CCC,2014B,1057883.0,M,London Region,A Level or Equivalent,90-100%,35-55,0.0,60.0,N,Pass,586.0,88.0,High,1,0,1
CCC,2014B,1073766.0,M,East Midlands Region,HE Qualification,80-90%,35-55,0.0,60.0,N,Pass,2385.0,39.0,High,1,0,1
CCC,2014B,1087710.0,F,North Western Region,HE Qualification,30-40%,35-55,0.0,60.0,N,Withdrawn,774.0,0.0,High,0,1,0
CCC,2014B,1095916.0,M,South Region,A Level or Equivalent,90-100%,35-55,0.0,30.0,N,Pass,3153.0,1976.0,High,1,0,1
CCC,2014B,1100639.0,F,South Region,A Level or Equivalent,60-70%,35-55,0.0,30.0,N,Withdrawn,690.0,19.0,High,1,1,0
CCC,2014B,1106724.0,F,East Midlands Region,Lower Than A Level,80-90%,35-55,0.0,30.0,N,Withdrawn,289.0,5.0,Low,1,1,0
CCC,2014B,1115623.0,M,Scotland,A Level or Equivalent,80-90%,35-55,0.0,30.0,N,Pass,1445.0,37.0,High,1,0,1
CCC,2014B,1187586.0,M,Scotland,HE Qualification,80-90%,55<=,0.0,90.0,N,Distinction,1447.0,241.0,High,1,0,1
CCC,2014B,1268772.0,M,Scotland,HE Qualification,80-90%,55<=,0.0,60.0,N,Fail,725.0,4.0,High,1,0,0
CCC,2014B,1270832.0,F,South Region,Post Graduate Qualification,90-100%,35-55,0.0,60.0,N,Distinction,2190.0,256.0,Other,1,0,1
CCC,2014B,1307784.0,F,London Region,HE Qualification,30-40%,35-55,0.0,60.0,N,Withdrawn,324.0,1.0,High,1,1,0
CCC,2014B,1311171.0,M,South Region,A Level or Equivalent,80-90%,35-55,0.0,60.0,N,Distinction,1496.0,280.0,High,1,0,1
CCC,2014B,1398821.0,M,East Midlands Region,HE Qualification,70-80%,35-55,0.0,90.0,N,Withdrawn,0.0,0.0,High,0,1,0
CCC,2014B,1407549.0,F,East Anglian Region,A Level or Equivalent,90-100%,35-55,0.0,150.0,N,Withdrawn,8.0,0.0,High,0,1,0
CCC,2014B,1416784.0,F,North Region,HE Qualification,,35-55,0.0,30.0,N,Distinction,1440.0,31.0,High,1,0,1
CCC,2014B,1440467.0,M,East Anglian Region,A Level or Equivalent,30-40%,35-55,0.0,90.0,N,Distinction,5679.0,796.0,High,1,0,1
CCC,2014B,1442991.0,M,Scotland,HE Qualification,70-80%,35-55,0.0,150.0,N,Pass,754.0,177.0,High,1,0,1
CCC,2014B,1462676.0,M,West Midlands Region,HE Qualification,70-80%,35-55,0.0,30.0,N,Withdrawn,30.0,2.0,High,1,1,0
CCC,2014B,1464952.0,M,East Anglian Region,HE Qualification,50-60%,35-55,0.0,180.0,N,Withdrawn,19.0,0.0,High,0,1,0
CCC,2014B,1468838.0,F,Ireland,Lower Than A Level,50-60%,35-55,0.0,60.0,N,Withdrawn,273.0,0.0,Low,0,1,0
CCC,2014B,1470291.0,F,South West Region,HE Qualification,70-80%,35-55,0.0,90.0,N,Pass,464.0,13.0,High,1,0,1
CCC,2014B,1474869.0,F,South Region,A Level or Equivalent,90-100%,35-55,0.0,630.0,Y,Pass,11087.0,3364.0,High,1,0,1
CCC,2014B,1493739.0,M,South East Region,A Level or Equivalent,90-100%,35-55,0.0,180.0,N,Pass,1438.0,261.0,High,1,0,1
CCC,2014B,1514245.0,M,East Midlands Region,Lower Than A Level,0-10%,35-55,0.0,90.0,N,Withdrawn,0.0,0.0,Low,0,1,0
CCC,2014B,1534494.0,M,South Region,Post Graduate Qualification,90-100%,55<=,0.0,30.0,N,Pass,4545.0,105.0,Other,1,0,1
CCC,2014B,1541906.0,M,West Midlands Region,Lower Than A Level,40-50%,35-55,0.0,60.0,N,Withdrawn,43.0,0.0,Low,0,1,0
CCC,2014B,1551895.0,M,North Western Region,HE Qualification,30-40%,35-55,0.0,120.0,N,Withdrawn,185.0,0.0,High,0,1,0
CCC,2014B,1560205.0,F,Ireland,A Level or Equivalent,,35-55,0.0,90.0,N,Withdrawn,600.0,101.0,High,1,1,0
CCC,2014B,1561431.0,M,East Midlands Region,Lower Than A Level,50-60%,35-55,0.0,60.0,N,Fail,1413.0,84.0,Low,1,0,0
CCC,2014B,1568828.0,M,Wales,HE Qualification,80-90%,35-55,0.0,30.0,N,Distinction,1290.0,58.0,High,1,0,1
CCC,2014B,1591013.0,M,West Midlands Region,Lower Than A Level,80-90%,35-55,0.0,60.0,N,Withdrawn,462.0,24.0,Low,1,1,0
CCC,2014B,1600062.0,M,Yorkshire Region,A Level or Equivalent,70-80%,35-55,0.0,90.0,N,Withdrawn,0.0,0.0,High,0,1,0
CCC,2014B,1619251.0,F,Scotland,HE Qualification,50-60%,35-55,0.0,90.0,N,Withdrawn,87.0,12.0,High,1,1,0
CCC,2014B,1632487.0,M,Yorkshire Region,Lower Than A Level,70-80%,35-55,0.0,60.0,N,Pass,1821.0,37.0,Low,1,0,1
CCC,2014B,1638548.0,M,Scotland,A Level or Equivalent,50-60%,35-55,0.0,70.0,N,Withdrawn,19.0,0.0,High,0,1,0
CCC,2014B,1644328.0,M,East Midlands Region,HE Qualification,60-70%,35-55,0.0,60.0,N,Withdrawn,348.0,30.0,High,1,1,0
CCC,2014B,1649896.0,F,North Region,Lower Than A Level,70-80%,35-55,0.0,60.0,N,Withdrawn,0.0,0.0,Low,0,1,0
CCC,2014B,1656486.0,F,South East Region,HE Qualification,60-70%,35-55,0.0,60.0,N,Withdrawn,548.0,25.0,High,1,1,0
CCC,2014B,1664810.0,M,South East Region,Lower Than A Level,10-20,35-55,0.0,60.0,N,Withdrawn,0.0,0.0,Low,0,1,0
CCC,2014B,1668504.0,M,East Anglian Region,A Level or Equivalent,30-40%,35-55,0.0,90.0,N,Withdrawn,352.0,45.0,High,1,1,0
CCC,2014B,1671811.0,M,West Midlands Region,A Level or Equivalent,70-80%,35-55,0.0,90.0,N,Pass,1459.0,323.0,High,1,0,1
CCC,2014B,1672690.0,M,South East Region,HE Qualification,90-100%,35-55,0.0,30.0,N,Fail,16.0,0.0,High,0,0,0
CCC,2014B,1673876.0,M,London Region,HE Qualification,70-80%,35-55,0.0,120.0,N,Withdrawn,1218.0,59.0,High,1,1,0
CCC,2014B,1678014.0,M,Wales,Lower Than A Level,90-100%,35-55,0.0,30.0,N,Withdrawn,183.0,2.0,Low,1,1,0
CCC,2014B,1678800.0,M,Scotland,A Level or Equivalent,40-50%,35-55,0.0,90.0,N,Pass,2148.0,655.0,High,1,0,1
CCC,2014B,1691815.0,M,London Region,A Level or Equivalent,80-90%,35-55,0.0,60.0,N,Fail,1014.0,102.0,High,1,0,0
CCC,2014B,1694780.0,M,Ireland,A Level or Equivalent,70-80%,35-55,0.0,30.0,N,Fail,662.0,185.0,High,1,0,0
CCC,2014B,1715237.0,M,South West Region,A Level or Equivalent,70-80%,35-55,0.0,60.0,N,Distinction,742.0,85.0,High,1,0,1
CCC,2014B,1739026.0,F,North Region,Lower Than A Level,,35-55,0.0,30.0,N,Fail,1782.0,50.0,Low,1,0,0
CCC,2014B,1750405.0,M,East Anglian Region,HE Qualification,50-60%,35-55,0.0,30.0,N,Fail,80.0,2.0,High,1,0,0
CCC,2014B,1753458.0,M,North Region,HE Qualification,,35-55,0.0,60.0,N,Distinction,4057.0,6.0,High,1,0,1
CCC,2014B,1763378.0,M,Scotland,A Level or Equivalent,0-10%,35-55,0.0,40.0,N,Fail,647.0,1.0,High,1,0,0
CCC,2014B,1769985.0,M,South West Region,HE Qualification,70-80%,35-55,0.0,30.0,N,Withdrawn,656.0,111.0,High,1,1,0
CCC,2014B,1774071.0,M,South West Region,HE Qualification,70-80%,35-55,0.0,30.0,N,Withdrawn,1053.0,36.0,High,1,1,0
CCC,2014B,1780737.0,M,South Region,A Level or Equivalent,90-100%,35-55,0.0,60.0,Y,Withdrawn,296.0,73.0,High,1,1,0
CCC,2014B,1781834.0,M,Ireland,HE Qualification,30-40%,35-55,0.0,75.0,N,Pass,7551.0,2611.0,High,1,0,1
CCC,2014B,1828112.0,M,West Midlands Region,A Level or Equivalent,10-20,35-55,0.0,60.0,N,Withdrawn,202.0,42.0,High,1,1,0
CCC,2014B,1841267.0,F,Scotland,A Level or Equivalent,60-70%,35-55,0.0,60.0,N,Withdrawn,415.0,18.0,High,1,1,0
CCC,2014B,1848820.0,M,North Region,Lower Than A Level,70-80%,35-55,0.0,90.0,N,Withdrawn,680.0,95.0,Low,1,1,0
CCC,2014B,1855583.0,F,Scotland,HE Qualification,40-50%,35-55,0.0,60.0,N,Pass,711.0,70.0,High,1,0,1
CCC,2014B,1876636.0,F,South West Region,A Level or Equivalent,60-70%,35-55,0.0,120.0,N,Distinction,3946.0,2122.0,High,1,0,1
CCC,2014B,1877015.0,M,South Region,Lower Than A Level,30-40%,35-55,0.0,60.0,N,Withdrawn,785.0,0.0,Low,0,1,0
CCC,2014B,1877732.0,M,West Midlands Region,HE Qualification,70-80%,35-55,0.0,90.0,N,Withdrawn,0.0,0.0,High,0,1,0
CCC,2014B,1888343.0,M,Ireland,Lower Than A Level,10-20,35-55,0.0,60.0,N,Pass,6592.0,1997.0,Low,1,0,1
CCC,2014B,1891323.0,M,Ireland,A Level or Equivalent,,35-55,0.0,60.0,N,Pass,1021.0,4.0,High,1,0,1
CCC,2014B,1894419.0,M,London Region,A Level or Equivalent,80-90%,35-55,0.0,60.0,N,Withdrawn,472.0,30.0,High,1,1,0
CCC,2014B,1896088.0,M,West Midlands Region,A Level or Equivalent,30-40%,35-55,0.0,60.0,N,Withdrawn,182.0,57.0,High,1,1,0
CCC,2014B,1906919.0,M,North Western Region,Lower Than A Level,0-10%,35-55,0.0,60.0,N,Pass,2684.0,959.0,Low,1,0,1
CCC,2014B,1908526.0,M,Scotland,HE Qualification,20-30%,35-55,0.0,60.0,N,Fail,0.0,0.0,High,0,0,0
CCC,2014B,1911513.0,F,London Region,A Level or Equivalent,10-20,35-55,0.0,60.0,Y,Pass,1686.0,6.0,High,1,0,1
CCC,2014B,1922200.0,M,Ireland,Lower Than A Level,50-60%,35-55,0.0,30.0,N,Fail,1202.0,522.0,Low,1,0,0
CCC,2014B,1924641.0,M,Scotland,HE Qualification,60-70%,35-55,0.0,120.0,N,Fail,707.0,133.0,High,1,0,0
CCC,2014B,1930146.0,M,West Midlands Region,A Level or Equivalent,40-50%,35-55,0.0,45.0,N,Pass,2822.0,7.0,High,1,0,1
CCC,2014B,1930644.0,M,Scotland,Lower Than A Level,50-60%,35-55,0.0,90.0,N,Withdrawn,509.0,12.0,Low,1,1,0
CCC,2014B,1937511.0,F,North Region,HE Qualification,,55<=,0.0,150.0,N,Withdrawn,606.0,142.0,High,1,1,0
CCC,2014B,1938024.0,F,North Region,A Level or Equivalent,,35-55,0.0,60.0,N,Withdrawn,0.0,0.0,High,0,1,0
CCC,2014B,1942999.0,F,East Midlands Region,HE Qualification,50-60%,35-55,0.0,90.0,N,Withdrawn,424.0,33.0,High,1,1,0
CCC,2014B,1945240.0,M,East Midlands Region,Lower Than A Level,50-60%,35-55,0.0,90.0,N,Withdrawn,1478.0,87.0,Low,1,1,0
CCC,2014B,1947911.0,F,South Region,HE Qualification,90-100%,35-55,0.0,60.0,N,Withdrawn,1351.0,98.0,High,1,1,0
CCC,2014B,1951080.0,M,West Midlands Region,A Level or Equivalent,50-60%,35-55,0.0,90.0,N,Withdrawn,1679.0,517.0,High,1,1,0
CCC,2014B,1951139.0,F,Scotland,A Level or Equivalent,50-60%,0-35,0.0,30.0,Y,Pass,2039.0,73.0,High,1,0,1
CCC,2014B,1969407.0,M,East Anglian Region,HE Qualification,90-100%,55<=,0.0,30.0,N,Fail,560.0,0.0,High,0,0,0
CCC,2014B,1997164.0,M,Ireland,Post Graduate Qualification,,35-55,0.0,60.0,N,Pass,1383.0,76.0,Other,1,0,1
CCC,2014B,2008262.0,M,London Region,HE Qualification,20-30%,35-55,0.0,60.0,N,Withdrawn,181.0,17.0,High,1,1,0
CCC,2014B,2016517.0,M,North Western Region,Lower Than A Level,80-90%,0-35,0.0,75.0,N,Pass,746.0,42.0,Low,1,0,1
CCC,2014B,2030117.0,M,Scotland,HE Qualification,70-80%,35-55,0.0,30.0,N,Withdrawn,1272.0,48.0,High,1,1,0
CCC,2014B,2032058.0,M,South West Region,Lower Than A Level,60-70%,35-55,0.0,40.0,N,Withdrawn,833.0,213.0,Low,1,1,0
CCC,2014B,2044299.0,M,Scotland,HE Qualification,80-90%,0-35,0.0,120.0,N,Withdrawn,982.0,35.0,High,1,1,0
CCC,2014B,2047421.0,M,South East Region,A Level or Equivalent,70-80%,35-55,0.0,30.0,N,Pass,1420.0,38.0,High,1,0,1
CCC,2014B,2049668.0,F,North Western Region,HE Qualification,70-80%,35-55,0.0,90.0,N,Pass,1270.0,62.0,High,1,0,1
CCC,2014B,2056643.0,M,Scotland,A Level or Equivalent,80-90%,0-35,0.0,60.0,Y,Distinction,4245.0,886.0,High,1,0,1
CCC,2014B,2063578.0,M,Scotland,A Level or Equivalent,0-10%,35-55,0.0,60.0,N,Distinction,8528.0,3998.0,High,1,0,1
CCC,2014B,2064873.0,M,East Midlands Region,Lower Than A Level,30-40%,35-55,0.0,60.0,N,Distinction,5293.0,971.0,Low,1,0,1
CCC,2014B,2066504.0,M,London Region,HE Qualification,20-30%,35-55,0.0,90.0,N,Withdrawn,62.0,5.0,High,1,1,0
CCC,2014B,2080916.0,M,Scotland,HE Qualification,,35-55,0.0,90.0,N,Withdrawn,1.0,0.0,High,0,1,0
CCC,2014B,2087182.0,M,North Region,A Level or Equivalent,20-30%,0-35,0.0,30.0,N,Fail,877.0,120.0,High,1,0,0
CCC,2014B,2088765.0,F,South Region,HE Qualification,90-100%,35-55,0.0,60.0,Y,Pass,11065.0,3181.0,High,1,0,1
CCC,2014B,2096918.0,M,South West Region,A Level or Equivalent,20-30%,35-55,0.0,60.0,N,Withdrawn,1479.0,300.0,High,1,1,0
CCC,2014B,2109119.0,M,East Anglian Region,HE Qualification,40-50%,35-55,0.0,60.0,N,Pass,1894.0,259.0,High,1,0,1
CCC,2014B,2110039.0,M,London Region,Lower Than A Level,30-40%,35-55,0.0,90.0,Y,Withdrawn,134.0,3.0,Low,1,1,0
CCC,2014B,2113778.0,F,East Anglian Region,Lower Than A Level,90-100%,35-55,0.0,60.0,N,Withdrawn,253.0,0.0,Low,0,1,0
CCC,2014B,2131908.0,M,East Anglian Region,A Level or Equivalent,30-40%,35-55,0.0,60.0,N,Distinction,1003.0,5.0,High,1,0,1
CCC,2014B,2134237.0,M,North Region,HE Qualification,,35-55,0.0,90.0,N,Fail,453.0,7.0,High,1,0,0
CCC,2014B,2134304.0,M,Scotland,Lower Than A Level,70-80%,35-55,0.0,60.0,N,Fail,98.0,2.0,Low,1,0,0
CCC,2014B,2139037.0,F,East Anglian Region,HE Qualification,90-100%,0-35,0.0,60.0,N,Distinction,1225.0,118.0,High,1,0,1
CCC,2014B,2139273.0,M,Scotland,A Level or Equivalent,60-70%,35-55,0.0,90.0,N,Withdrawn,138.0,0.0,High,0,1,0
CCC,2014B,2142662.0,M,East Midlands Region,HE Qualification,10-20,35-55,0.0,30.0,N,Withdrawn,174.0,3.0,High,1,1,0
CCC,2014B,2146277.0,F,East Anglian Region,A Level or Equivalent,80-90%,35-55,0.0,90.0,N,Pass,1748.0,54.0,High,1,0,1
CCC,2014B,2147620.0,F,East Anglian Region,HE Qualification,60-70%,35-55,0.0,30.0,N,Pass,3177.0,50.0,High,1,0,1
CCC,2014B,2147713.0,M,Wales,A Level or Equivalent,70-80%,35-55,0.0,150.0,N,Pass,1622.0,330.0,High,1,0,1
CCC,2014B,2148297.0,F,East Midlands Region,Lower Than A Level,30-40%,35-55,0.0,210.0,N,Withdrawn,2.0,0.0,Low,0,1,0
CCC,2014B,2156058.0,M,East Anglian Region,HE Qualification,40-50%,35-55,0.0,30.0,N,Distinction,735.0,1.0,High,1,0,1
CCC,2014B,2171264.0,M,West Midlands Region,A Level or Equivalent,40-50%,35-55,0.0,30.0,N,Fail,312.0,13.0,High,1,0,0
CCC,2014B,2171834.0,M,Scotland,HE Qualification,70-80%,35-55,0.0,120.0,N,Pass,857.0,114.0,High,1,0,1
CCC,2014B,2178929.0,M,Yorkshire Region,A Level or Equivalent,30-40%,35-55,0.0,30.0,N,Distinction,2660.0,100.0,High,1,0,1
CCC,2014B,2187422.0,M,North Western Region,Lower Than A Level,90-100%,0-35,0.0,60.0,N,Pass,2279.0,275.0,Low,1,0,1
CCC,2014B,2188680.0,M,South West Region,Lower Than A Level,50-60%,0-35,0.0,60.0,N,Withdrawn,20.0,0.0,Low,0,1,0
CCC,2014B,2198356.0,M,London Region,Lower Than A Level,30-40%,35-55,0.0,60.0,N,Withdrawn,0.0,0.0,Low,0,1,0
CCC,2014B,2202076.0,M,Ireland,Lower Than A Level,70-80%,0-35,0.0,90.0,N,Withdrawn,628.0,264.0,Low,1,1,0
CCC,2014B,2211797.0,M,Scotland,A Level or Equivalent,80-90%,0-35,0.0,100.0,N,Pass,1814.0,146.0,High,1,0,1
CCC,2014B,2213982.0,M,East Anglian Region,Lower Than A Level,20-30%,35-55,0.0,330.0,N,Withdrawn,120.0,34.0,Low,1,1,0
CCC,2014B,2229583.0,F,London Region,A Level or Equivalent,20-30%,35-55,0.0,30.0,Y,Withdrawn,0.0,0.0,High,0,1,0
CCC,2014B,2236538.0,M,East Anglian Region,Lower Than A Level,60-70%,35-55,0.0,90.0,N,Fail,270.0,53.0,Low,1,0,0
CCC,2014B,2238904.0,M,South West Region,Lower Than A Level,80-90%,35-55,0.0,30.0,N,Fail,183.0,29.0,Low,1,0,0
CCC,2014B,2239848.0,M,London Region,Lower Than A Level,10-20,35-55,0.0,60.0,Y,Pass,2165.0,3.0,Low,1,0,1
CCC,2014B,2241036.0,M,Ireland,A Level or Equivalent,30-40%,0-35,0.0,30.0,N,Fail,244.0,26.0,High,1,0,0
CCC,2014B,2247222.0,M,North Western Region,HE Qualification,40-50%,35-55,0.0,30.0,N,Pass,673.0,11.0,High,1,0,1
CCC,2014B,2252437.0,M,North Western Region,Lower Than A Level,0-10%,35-55,0.0,60.0,N,Withdrawn,767.0,20.0,Low,1,1,0
CCC,2014B,2258228.0,M,East Anglian Region,Lower Than A Level,10-20,35-55,0.0,60.0,N,Fail,404.0,0.0,Low,0,0,0
CCC,2014B,2289032.0,M,South Region,A Level or Equivalent,80-90%,35-55,0.0,60.0,N,Fail,271.0,21.0,High,1,0,0
CCC,2014B,2298895.0,M,East Anglian Region,A Level or Equivalent,60-70%,0-35,0.0,30.0,N,Pass,848.0,18.0,High,1,0,1
CCC,2014B,2327710.0,M,South West Region,Lower Than A Level,80-90%,0-35,0.0,355.0,Y,Withdrawn,1173.0,288.0,Low,1,1,0
CCC,2014B,2329539.0,M,Yorkshire Region,Lower Than A Level,70-80%,0-35,0.0,60.0,N,Withdrawn,146.0,0.0,Low,0,1,0
CCC,2014B,2341839.0,F,North Western Region,Lower Than A Level,20-30%,0-35,0.0,30.0,N,Withdrawn,610.0,281.0,Low,1,1,0
CCC,2014B,2343809.0,F,Yorkshire Region,A Level or Equivalent,70-80%,0-35,0.0,150.0,N,Withdrawn,224.0,93.0,High,1,1,0
CCC,2014B,2347802.0,F,London Region,A Level or Equivalent,10-20,0-35,0.0,30.0,N,Distinction,2135.0,57.0,High,1,0,1
CCC,2014B,2355744.0,M,Scotland,HE Qualification,60-70%,35-55,0.0,30.0,N,Withdrawn,0.0,0.0,High,0,1,0
CCC,2014B,2358707.0,F,South West Region,A Level or Equivalent,90-100%,0-35,0.0,120.0,N,Withdrawn,1237.0,77.0,High,1,1,0
CCC,2014B,2365009.0,M,South West Region,Lower Than A Level,20-30%,35-55,0.0,90.0,N,Withdrawn,0.0,0.0,Low,0,1,0
CCC,2014B,2367058.0,M,West Midlands Region,Lower Than A Level,80-90%,0-35,0.0,90.0,N,Withdrawn,368.0,22.0,Low,1,1,0
CCC,2014B,2374376.0,M,Scotland,HE Qualification,80-90%,35-55,0.0,45.0,N,Withdrawn,106.0,0.0,High,0,1,0
CCC,2014B,2375259.0,M,East Anglian Region,A Level or Equivalent,40-50%,35-55,0.0,30.0,N,Withdrawn,539.0,7.0,High,1,1,0
CCC,2014B,2383036.0,F,Yorkshire Region,A Level or Equivalent,10-20,0-35,0.0,120.0,N,Withdrawn,0.0,0.0,High,0,1,0
CCC,2014B,2384615.0,M,Scotland,A Level or Equivalent,90-100%,0-35,0.0,150.0,N,Withdrawn,0.0,0.0,High,0,1,0
CCC,2014B,2384687.0,F,South West Region,Lower Than A Level,50-60%,35-55,0.0,70.0,N,Withdrawn,594.0,6.0,Low,1,1,0
CCC,2014B,2389754.0,M,North Region,HE Qualification,,35-55,0.0,60.0,N,Withdrawn,264.0,0.0,High,0,1,0
CCC,2014B,2391004.0,M,Scotland,HE Qualification,70-80%,0-35,0.0,60.0,N,Pass,604.0,22.0,High,1,0,1
CCC,2014B,2394090.0,F,West Midlands Region,A Level or Equivalent,30-40%,0-35,0.0,90.0,N,Withdrawn,1226.0,11.0,High,1,1,0
CCC,2014B,2408651.0,M,East Anglian Region,HE Qualification,70-80%,35-55,0.0,30.0,N,Withdrawn,0.0,0.0,High,0,1,0
CCC,2014B,2410459.0,M,West Midlands Region,Lower Than A Level,70-80%,0-35,0.0,30.0,Y,Fail,187.0,5.0,Low,1,0,0
CCC,2014B,2410519.0,M,West Midlands Region,A Level or Equivalent,70-80%,0-35,0.0,90.0,N,Distinction,1013.0,7.0,High,1,0,1
CCC,2014B,2418732.0,F,North Region,HE Qualification,,35-55,0.0,60.0,N,Distinction,1469.0,125.0,High,1,0,1
CCC,2014B,2419115.0,F,South Region,A Level or Equivalent,20-30%,35-55,0.0,90.0,N,Distinction,3328.0,210.0,High,1,0,1
CCC,2014B,2421961.0,M,Yorkshire Region,A Level or Equivalent,30-40%,0-35,0.0,150.0,N,Withdrawn,447.0,52.0,High,1,1,0
CCC,2014B,2433069.0,M,East Anglian Region,A Level or Equivalent,50-60%,0-35,0.0,60.0,N,Distinction,2474.0,239.0,High,1,0,1
CCC,2014B,2433221.0,F,East Anglian Region,A Level or Equivalent,60-70%,35-55,0.0,120.0,Y,Pass,4487.0,506.0,High,1,0,1
CCC,2014B,2436400.0,M,North Western Region,Lower Than A Level,20-30%,35-55,0.0,90.0,N,Withdrawn,81.0,15.0,Low,1,1,0
CCC,2014B,2446778.0,F,Yorkshire Region,A Level or Equivalent,70-80%,0-35,0.0,90.0,N,Withdrawn,152.0,6.0,High,1,1,0
CCC,2014B,2447528.0,F,Scotland,HE Qualification,40-50%,35-55,0.0,30.0,N,Fail,1094.0,52.0,High,1,0,0
CCC,2014B,2451726.0,F,North Region,Lower Than A Level,20-30%,0-35,0.0,60.0,N,Withdrawn,138.0,16.0,Low,1,1,0
CCC,2014B,2454878.0,F,South Region,Lower Than A Level,40-50%,0-35,0.0,90.0,Y,Fail,551.0,0.0,Low,0,0,0
CCC,2014B,2464727.0,F,London Region,Lower Than A Level,0-10%,0-35,0.0,60.0,Y,Withdrawn,0.0,0.0,Low,0,1,0
CCC,2014B,2471283.0,M,Scotland,Post Graduate Qualification,90-100%,35-55,0.0,30.0,N,Pass,980.0,44.0,Other,1,0,1
CCC,2014B,2473058.0,M,West Midlands Region,A Level or Equivalent,50-60%,0-35,0.0,90.0,N,Withdrawn,171.0,5.0,High,1,1,0
CCC,2014B,2478799.0,M,East Anglian Region,Lower Than A Level,80-90%,0-35,0.0,60.0,N,Withdrawn,227.0,8.0,Low,1,1,0
CCC,2014B,2486769.0,M,London Region,HE Qualification,0-10%,35-55,0.0,90.0,N,Fail,1108.0,8.0,High,1,0,0
CCC,2014B,2488382.0,F,Scotland,HE Qualification,50-60%,0-35,0.0,30.0,N,Pass,1133.0,86.0,High,1,0,1
CCC,2014B,2488713.0,M,North Western Region,HE Qualification,60-70%,35-55,0.0,30.0,N,Withdrawn,290.0,0.0,High,0,1,0
CCC,2014B,2493107.0,F,North Western Region,Lower Than A Level,0-10%,35-55,0.0,90.0,Y,Withdrawn,101.0,0.0,Low,0,1,0
CCC,2014B,2494507.0,M,Scotland,HE Qualification,80-90%,0-35,0.0,30.0,N,Pass,664.0,46.0,High,1,0,1
CCC,2014B,2498388.0,F,North Region,Lower Than A Level,,0-35,0.0,30.0,Y,Pass,1100.0,146.0,Low,1,0,1
CCC,2014B,2503063.0,M,East Midlands Region,A Level or Equivalent,10-20,0-35,0.0,90.0,N,Pass,619.0,104.0,High,1,0,1
CCC,2014B,2513997.0,M,London Region,HE Qualification,50-60%,55<=,0.0,60.0,N,Fail,274.0,19.0,High,1,0,0
CCC,2014B,2517778.0,F,North Western Region,Lower Than A Level,20-30%,0-35,0.0,150.0,N,Withdrawn,370.0,16.0,Low,1,1,0
CCC,2014B,2522932.0,F,Scotland,HE Qualification,20-30%,0-35,0.0,150.0,N,Withdrawn,2206.0,561.0,High,1,1,0
CCC,2014B,2524572.0,M,South East Region,A Level or Equivalent,60-70%,35-55,0.0,90.0,Y,Withdrawn,0.0,0.0,High,0,1,0
CCC,2014B,2526493.0,F,Scotland,A Level or Equivalent,0-10%,35-55,0.0,60.0,N,Distinction,1640.0,303.0,High,1,0,1
CCC,2014B,2529663.0,F,Wales,A Level or Equivalent,40-50%,35-55,0.0,30.0,N,Pass,795.0,10.0,High,1,0,1
CCC,2014B,2530985.0,M,London Region,HE Qualification,50-60%,0-35,0.0,30.0,N,Withdrawn,0.0,0.0,High,0,1,0
CCC,2014B,2545113.0,M,North Western Region,A Level or Equivalent,70-80%,35-55,0.0,30.0,N,Pass,3520.0,82.0,High,1,0,1
CCC,2014B,2548877.0,M,London Region,HE Qualification,0-10%,0-35,0.0,30.0,N,Pass,4713.0,896.0,High,1,0,1
CCC,2014B,2555596.0,M,South Region,A Level or Equivalent,30-40%,0-35,0.0,90.0,N,Withdrawn,757.0,238.0,High,1,1,0
CCC,2014B,2556060.0,M,London Region,Lower Than A Level,60-70%,35-55,0.0,30.0,N,Distinction,2823.0,683.0,Low,1,0,1
CCC,2014B,2558365.0,M,North Western Region,A Level or Equivalent,20-30%,0-35,0.0,90.0,N,Withdrawn,274.0,18.0,High,1,1,0
CCC,2014B,2564333.0,M,North Western Region,A Level or Equivalent,0-10%,35-55,0.0,60.0,Y,Withdrawn,925.0,94.0,High,1,1,0
CCC,2014B,2564711.0,M,South West Region,A Level or Equivalent,10-20,0-35,0.0,60.0,Y,Distinction,1729.0,142.0,High,1,0,1
CCC,2014B,2567038.0,M,Scotland,A Level or Equivalent,90-100%,0-35,0.0,60.0,N,Pass,1188.0,33.0,High,1,0,1
CCC,2014B,2569090.0,M,South Region,A Level or Equivalent,90-100%,35-55,0.0,60.0,N,Withdrawn,424.0,5.0,High,1,1,0
CCC,2014B,2569834.0,F,East Anglian Region,A Level or Equivalent,80-90%,35-55,0.0,60.0,N,Withdrawn,319.0,7.0,High,1,1,0
CCC,2014B,2569912.0,M,Ireland,A Level or Equivalent,,0-35,0.0,60.0,N,Withdrawn,5.0,0.0,High,0,1,0
CCC,2014B,2576298.0,M,South West Region,A Level or Equivalent,60-70%,0-35,0.0,90.0,N,Withdrawn,0.0,0.0,High,0,1,0
CCC,2014B,2577091.0,M,Scotland,Post Graduate Qualification,90-100%,35-55,0.0,30.0,N,Withdrawn,262.0,25.0,Other,1,1,0
CCC,2014B,2581603.0,M,South Region,Lower Than A Level,30-40%,35-55,0.0,40.0,N,Pass,1771.0,118.0,Low,1,0,1
CCC,2014B,2588201.0,M,South Region,Lower Than A Level,30-40%,0-35,0.0,60.0,N,Pass,1108.0,51.0,Low,1,0,1
CCC,2014B,2591014.0,F,Scotland,HE Qualification,10-20,0-35,0.0,90.0,N,Withdrawn,0.0,0.0,High,0,1,0
CCC,2014B,2598913.0,M,London Region,HE Qualification,30-40%,35-55,0.0,150.0,N,Fail,562.0,1.0,High,1,0,0
CCC,2014B,2602235.0,M,East Midlands Region,Lower Than A Level,50-60%,0-35,0.0,150.0,N,Withdrawn,135.0,9.0,Low,1,1,0
CCC,2014B,2602264.0,M,London Region,Post Graduate Qualification,10-20,35-55,0.0,120.0,N,Distinction,706.0,12.0,Other,1,0,1
CCC,2014B,2603195.0,M,South West Region,A Level or Equivalent,60-70%,0-35,0.0,60.0,N,Pass,555.0,48.0,High,1,0,1
CCC,2014B,2604856.0,M,South Region,Lower Than A Level,50-60%,35-55,0.0,90.0,N,Withdrawn,4.0,0.0,Low,0,1,0
CCC,2014B,2605030.0,M,Yorkshire Region,HE Qualification,0-10%,35-55,0.0,150.0,N,Withdrawn,66.0,0.0,High,0,1,0
CCC,2014B,2607849.0,M,North Region,Lower Than A Level,30-40%,0-35,0.0,90.0,Y,Distinction,3683.0,465.0,Low,1,0,1
CCC,2014B,2609908.0,M,Scotland,A Level or Equivalent,60-70%,0-35,0.0,90.0,N,Pass,489.0,22.0,High,1,0,1
CCC,2014B,2613331.0,M,East Midlands Region,Lower Than A Level,50-60%,0-35,0.0,30.0,Y,Pass,2087.0,17.0,Low,1,0,1
CCC,2014B,2615849.0,M,South Region,Lower Than A Level,50-60%,0-35,0.0,90.0,N,Withdrawn,143.0,0.0,Low,0,1,0
CCC,2014B,2616950.0,M,North Region,A Level or Equivalent,40-50%,0-35,0.0,60.0,N,Pass,800.0,28.0,High,1,0,1
CCC,2014B,2617635.0,M,West Midlands Region,A Level or Equivalent,0-10%,0-35,0.0,60.0,N,Fail,63.0,0.0,High,0,0,0
CCC,2014B,2620636.0,F,South Region,A Level or Equivalent,90-100%,0-35,0.0,30.0,Y,Fail,259.0,34.0,High,1,0,0
CCC,2014B,2621379.0,F,Ireland,A Level or Equivalent,30-40%,0-35,0.0,90.0,N,Withdrawn,188.0,0.0,High,0,1,0
CCC,2014B,2621734.0,M,London Region,A Level or Equivalent,0-10%,0-35,0.0,180.0,N,Withdrawn,6.0,0.0,High,0,1,0
CCC,2014B,2623263.0,M,South Region,A Level or Equivalent,50-60%,0-35,0.0,60.0,N,Distinction,2867.0,661.0,High,1,0,1
CCC,2014B,2629436.0,F,South Region,HE Qualification,80-90%,35-55,0.0,60.0,N,Fail,1491.0,632.0,High,1,0,0
CCC,2014B,2631547.0,F,South West Region,A Level or Equivalent,60-70%,35-55,0.0,90.0,N,Withdrawn,0.0,0.0,High,0,1,0
CCC,2014B,2631703.0,M,South West Region,A Level or Equivalent,30-40%,0-35,0.0,60.0,Y,Distinction,731.0,66.0,High,1,0,1
CCC,2014B,2634238.0,M,Yorkshire Region,Lower Than A Level,30-40%,0-35,0.0,60.0,N,Fail,0.0,0.0,Low,0,0,0
CCC,2014B,2639310.0,M,East Anglian Region,A Level or Equivalent,60-70%,0-35,0.0,90.0,N,Pass,1923.0,300.0,High,1,0,1
CCC,2014B,2641486.0,M,North Region,Lower Than A Level,20-30%,35-55,0.0,30.0,N,Pass,440.0,36.0,Low,1,0,1
CCC,2014B,2644404.0,M,Scotland,Post Graduate Qualification,50-60%,0-35,0.0,30.0,N,Pass,882.0,27.0,Other,1,0,1
CCC,2014B,2646795.0,M,Scotland,Post Graduate Qualification,20-30%,35-55,0.0,120.0,N,Withdrawn,81.0,0.0,Other,0,1,0
CCC,2014B,2652523.0,M,East Midlands Region,Lower Than A Level,60-70%,35-55,0.0,120.0,N,Fail,296.0,5.0,Low,1,0,0
CCC,2014B,2658268.0,M,Yorkshire Region,HE Qualification,50-60%,35-55,0.0,30.0,N,Fail,580.0,75.0,High,1,0,0
CCC,2014B,2659556.0,M,East Anglian Region,Lower Than A Level,40-50%,35-55,0.0,30.0,N,Fail,444.0,37.0,Low,1,0,0
CCC,2014B,2661696.0,M,North Western Region,A Level or Equivalent,60-70%,35-55,0.0,60.0,N,Withdrawn,129.0,27.0,High,1,1,0
CCC,2014B,2665399.0,F,South West Region,A Level or Equivalent,30-40%,35-55,0.0,30.0,N,Distinction,2298.0,42.0,High,1,0,1
CCC,2014B,2668550.0,F,East Midlands Region,A Level or Equivalent,30-40%,35-55,0.0,90.0,N,Fail,419.0,5.0,High,1,0,0
CCC,2014B,2677969.0,F,London Region,Post Graduate Qualification,10-20,35-55,0.0,60.0,N,Fail,303.0,2.0,Other,1,0,0
CCC,2014B,2680742.0,F,Scotland,Lower Than A Level,30-40%,0-35,0.0,30.0,Y,Pass,659.0,42.0,Low,1,0,1
CCC,2014B,2681198.0,M,East Anglian Region,Lower Than A Level,70-80%,35-55,0.0,90.0,N,Withdrawn,1163.0,126.0,Low,1,1,0
CCC,2014B,2682834.0,M,South East Region,A Level or Equivalent,10-20,35-55,0.0,30.0,N,Withdrawn,98.0,0.0,High,0,1,0
CCC,2014B,2686074.0,M,North Western Region,A Level or Equivalent,70-80%,0-35,0.0,150.0,N,Withdrawn,34.0,10.0,High,1,1,0
CCC,2014B,2686578.0,M,Scotland,A Level or Equivalent,60-70%,0-35,0.0,90.0,N,Distinction,2238.0,397.0,High,1,0,1
CCC,2014B,2691267.0,F,West Midlands Region,Lower Than A Level,80-90%,35-55,0.0,90.0,N,Withdrawn,2294.0,991.0,Low,1,1,0
CCC,2014B,2691780.0,F,East Anglian Region,A Level or Equivalent,90-100%,0-35,0.0,120.0,N,Withdrawn,0.0,0.0,High,0,1,0
CCC,2014B,2692327.0,M,North Region,A Level or Equivalent,,35-55,0.0,60.0,N,Distinction,2408.0,26.0,High,1,0,1
CCC,2014B,2697181.0,F,Scotland,HE Qualification,60-70%,0-35,0.0,40.0,N,Pass,1599.0,536.0,High,1,0,1
CCC,2014B,2698535.0,M,Wales,Lower Than A Level,50-60%,0-35,0.0,60.0,N,Withdrawn,786.0,309.0,Low,1,1,0
CCC,2014J,23698.0,F,East Anglian Region,A Level or Equivalent,50-60%,0-35,0.0,120.0,N,Pass,910.0,63.0,High,1,0,1
CCC,2014J,25261.0,F,Scotland,HE Qualification,40-50%,0-35,0.0,60.0,N,Withdrawn,997.0,506.0,High,1,1,0
CCC,2014J,27116.0,M,Yorkshire Region,HE Qualification,70-80%,0-35,0.0,120.0,N,Distinction,1847.0,407.0,High,1,0,1
CCC,2014J,28787.0,M,South East Region,Lower Than A Level,80-90%,35-55,0.0,60.0,N,Pass,645.0,123.0,Low,1,0,1
CCC,2014J,28952.0,F,Yorkshire Region,Lower Than A Level,60-70%,0-35,0.0,60.0,N,Withdrawn,105.0,6.0,Low,1,1,0
CCC,2014J,29411.0,M,East Midlands Region,A Level or Equivalent,80-90%,0-35,0.0,150.0,N,Withdrawn,329.0,3.0,High,1,1,0
CCC,2014J,29420.0,M,Wales,A Level or Equivalent,70-80%,0-35,0.0,30.0,N,Pass,816.0,124.0,High,1,0,1
CCC,2014J,29639.0,M,North Region,Lower Than A Level,,0-35,0.0,30.0,N,Pass,6986.0,2332.0,Low,1,0,1
CCC,2014J,30096.0,M,East Anglian Region,HE Qualification,90-100%,0-35,0.0,60.0,N,Distinction,714.0,1.0,High,1,0,1
CCC,2014J,30850.0,F,Scotland,HE Qualification,60-70%,35-55,0.0,120.0,N,Distinction,2258.0,310.0,High,1,0,1
CCC,2014J,31161.0,M,South Region,Post Graduate Qualification,90-100%,55<=,0.0,105.0,N,Distinction,2932.0,182.0,Other,1,0,1
CCC,2014J,34068.0,M,Scotland,Lower Than A Level,50-60%,0-35,0.0,30.0,N,Withdrawn,613.0,44.0,Low,1,1,0
CCC,2014J,35355.0,M,Wales,Lower Than A Level,0-10%,35-55,0.0,30.0,N,Withdrawn,1116.0,157.0,Low,1,1,0
CCC,2014J,35508.0,M,South West Region,A Level or Equivalent,90-100%,0-35,0.0,30.0,N,Pass,1142.0,277.0,High,1,0,1
CCC,2014J,37652.0,F,London Region,HE Qualification,20-30%,35-55,0.0,50.0,N,Distinction,885.0,21.0,High,1,0,1
CCC,2014J,42746.0,F,South Region,HE Qualification,50-60%,35-55,0.0,60.0,N,Distinction,2403.0,714.0,High,1,0,1
CCC,2014J,46705.0,M,Ireland,HE Qualification,,35-55,0.0,60.0,N,Fail,1149.0,75.0,High,1,0,0
CCC,2014J,48635.0,M,South Region,HE Qualification,90-100%,0-35,0.0,120.0,N,Withdrawn,592.0,1.0,High,1,1,0
CCC,2014J,51576.0,F,London Region,Lower Than A Level,10-20,0-35,1.0,60.0,N,Withdrawn,799.0,414.0,Low,1,1,0
CCC,2014J,53300.0,M,West Midlands Region,A Level or Equivalent,90-100%,0-35,0.0,270.0,N,Distinction,1957.0,27.0,High,1,0,1
CCC,2014J,54062.0,M,East Anglian Region,A Level or Equivalent,30-40%,0-35,0.0,60.0,N,Withdrawn,147.0,6.0,High,1,1,0
CCC,2014J,60809.0,M,South East Region,Lower Than A Level,90-100%,0-35,0.0,120.0,N,Pass,2519.0,138.0,Low,1,0,1
CCC,2014J,61227.0,F,East Anglian Region,Lower Than A Level,80-90%,0-35,0.0,30.0,Y,Pass,4642.0,234.0,Low,1,0,1
CCC,2014J,61236.0,M,South West Region,HE Qualification,50-60%,35-55,0.0,110.0,N,Withdrawn,506.0,6.0,High,1,1,0
CCC,2014J,63371.0,M,Ireland,Lower Than A Level,,0-35,0.0,30.0,N,Pass,3344.0,618.0,Low,1,0,1
CCC,2014J,67685.0,M,South Region,A Level or Equivalent,10-20,0-35,0.0,180.0,N,Withdrawn,10.0,0.0,High,0,1,0
CCC,2014J,69494.0,F,Yorkshire Region,No Formal quals,20-30%,0-35,1.0,150.0,N,Withdrawn,2049.0,120.0,Other,1,1,0
CCC,2014J,70214.0,M,Wales,Lower Than A Level,70-80%,0-35,0.0,90.0,N,Withdrawn,369.0,12.0,Low,1,1,0
CCC,2014J,70495.0,M,Scotland,Lower Than A Level,50-60%,0-35,0.0,60.0,N,Pass,1979.0,529.0,Low,1,0,1
CCC,2014J,71723.0,M,North Western Region,A Level or Equivalent,10-20,0-35,0.0,30.0,N,Fail,486.0,71.0,High,1,0,0
CCC,2014J,72609.0,F,Wales,Lower Than A Level,50-60%,35-55,0.0,120.0,N,Fail,6378.0,1677.0,Low,1,0,0
CCC,2014J,73664.0,M,North Western Region,A Level or Equivalent,40-50%,0-35,0.0,120.0,N,Withdrawn,38.0,0.0,High,0,1,0
CCC,2014J,74290.0,M,Scotland,Lower Than A Level,10-20,0-35,1.0,30.0,N,Withdrawn,271.0,20.0,Low,1,1,0
CCC,2014J,76949.0,M,London Region,HE Qualification,50-60%,35-55,0.0,30.0,N,Pass,1482.0,91.0,High,1,0,1
CCC,2014J,79461.0,M,Scotland,A Level or Equivalent,70-80%,0-35,1.0,60.0,N,Fail,810.0,163.0,High,1,0,0
CCC,2014J,80243.0,F,North Western Region,A Level or Equivalent,10-20,35-55,0.0,90.0,N,Withdrawn,0.0,0.0,High,0,1,0
CCC,2014J,80329.0,M,South Region,Lower Than A Level,80-90%,0-35,1.0,90.0,N,Pass,3519.0,369.0,Low,1,0,1
CCC,2014J,80491.0,M,Scotland,Lower Than A Level,10-20,35-55,0.0,115.0,N,Withdrawn,330.0,97.0,Low,1,1,0
CCC,2014J,80868.0,M,South West Region,Lower Than A Level,80-90%,0-35,0.0,60.0,N,Pass,24139.0,5584.0,Low,1,0,1
CCC,2014J,88758.0,M,North Region,Post Graduate Qualification,,35-55,1.0,150.0,N,Withdrawn,51.0,0.0,Other,0,1,0
CCC,2014J,91040.0,F,West Midlands Region,Lower Than A Level,20-30%,0-35,0.0,90.0,N,Withdrawn,446.0,0.0,Low,0,1,0
CCC,2014J,94978.0,M,North Region,Post Graduate Qualification,,35-55,0.0,90.0,N,Withdrawn,1234.0,278.0,Other,1,1,0
CCC,2014J,96864.0,M,West Midlands Region,HE Qualification,20-30%,0-35,0.0,30.0,N,Withdrawn,96.0,6.0,High,1,1,0
CCC,2014J,96874.0,F,South East Region,Lower Than A Level,60-70%,0-35,0.0,90.0,N,Fail,164.0,0.0,Low,0,0,0
CCC,2014J,100788.0,M,Scotland,HE Qualification,80-90%,0-35,1.0,60.0,N,Distinction,1261.0,140.0,High,1,0,1
CCC,2014J,101700.0,M,London Region,A Level or Equivalent,10-20,0-35,0.0,60.0,Y,Withdrawn,0.0,0.0,High,0,1,0
CCC,2014J,102209.0,F,Scotland,A Level or Equivalent,10-20,35-55,0.0,60.0,N,Withdrawn,535.0,134.0,High,1,1,0
CCC,2014J,104480.0,M,North Region,No Formal quals,,0-35,0.0,120.0,N,Fail,203.0,0.0,Other,0,0,0
CCC,2014J,105168.0,M,Scotland,HE Qualification,70-80%,0-35,0.0,60.0,N,Fail,540.0,15.0,High,1,0,0
CCC,2014J,105413.0,M,South West Region,HE Qualification,70-80%,35-55,0.0,100.0,N,Pass,963.0,33.0,High,1,0,1
CCC,2014J,107883.0,F,North Western Region,HE Qualification,30-40%,35-55,0.0,90.0,N,Withdrawn,626.0,273.0,High,1,1,0
CCC,2014J,109577.0,M,North Western Region,A Level or Equivalent,70-80%,0-35,0.0,120.0,N,Fail,2018.0,168.0,High,1,0,0
CCC,2014J,112454.0,M,South East Region,HE Qualification,90-100%,0-35,0.0,30.0,N,Pass,1131.0,103.0,High,1,0,1
CCC,2014J,114367.0,F,South West Region,A Level or Equivalent,70-80%,35-55,0.0,60.0,N,Pass,2234.0,813.0,High,1,0,1
CCC,2014J,119310.0,M,North Western Region,Lower Than A Level,20-30%,0-35,0.0,150.0,N,Withdrawn,119.0,6.0,Low,1,1,0
CCC,2014J,120236.0,M,East Midlands Region,A Level or Equivalent,30-40%,0-35,0.0,100.0,N,Fail,1281.0,21.0,High,1,0,0
CCC,2014J,123598.0,M,Scotland,A Level or Equivalent,50-60%,0-35,1.0,60.0,Y,Pass,1286.0,161.0,High,1,0,1
CCC,2014J,124711.0,M,London Region,Lower Than A Level,10-20,55<=,0.0,60.0,N,Withdrawn,196.0,0.0,Low,0,1,0
CCC,2014J,125777.0,M,London Region,HE Qualification,30-40%,35-55,0.0,30.0,N,Withdrawn,438.0,121.0,High,1,1,0
CCC,2014J,126812.0,F,East Midlands Region,A Level or Equivalent,40-50%,0-35,0.0,120.0,N,Withdrawn,661.0,132.0,High,1,1,0
CCC,2014J,128072.0,M,Scotland,HE Qualification,90-100%,0-35,0.0,120.0,N,Withdrawn,153.0,1.0,High,1,1,0
CCC,2014J,128510.0,F,Scotland,Lower Than A Level,50-60%,0-35,1.0,120.0,N,Pass,872.0,208.0,Low,1,0,1
CCC,2014J,129198.0,F,North Western Region,HE Qualification,20-30%,35-55,1.0,60.0,Y,Withdrawn,1516.0,19.0,High,1,1,0
CCC,2014J,130671.0,F,West Midlands Region,Lower Than A Level,70-80%,0-35,0.0,90.0,N,Withdrawn,219.0,62.0,Low,1,1,0
CCC,2014J,131222.0,M,South Region,A Level or Equivalent,90-100%,35-55,0.0,60.0,N,Pass,1839.0,107.0,High,1,0,1
CCC,2014J,131663.0,M,Scotland,A Level or Equivalent,40-50%,0-35,1.0,30.0,N,Fail,58.0,10.0,High,1,0,0
CCC,2014J,131933.0,M,Scotland,Post Graduate Qualification,60-70%,35-55,1.0,30.0,N,Pass,2039.0,67.0,Other,1,0,1
CCC,2014J,132423.0,M,London Region,A Level or Equivalent,40-50%,0-35,0.0,240.0,N,Withdrawn,121.0,36.0,High,1,1,0
CCC,2014J,133419.0,M,North Western Region,HE Qualification,50-60%,35-55,0.0,120.0,N,Withdrawn,491.0,58.0,High,1,1,0
CCC,2014J,134190.0,F,Scotland,A Level or Equivalent,30-40%,0-35,0.0,120.0,N,Withdrawn,363.0,133.0,High,1,1,0
CCC,2014J,134982.0,M,Wales,Lower Than A Level,90-100%,0-35,0.0,120.0,N,Withdrawn,44.0,3.0,Low,1,1,0
CCC,2014J,136335.0,M,East Midlands Region,Lower Than A Level,70-80%,0-35,0.0,90.0,N,Withdrawn,792.0,139.0,Low,1,1,0
CCC,2014J,137281.0,F,South Region,A Level or Equivalent,40-50%,35-55,0.0,180.0,N,Fail,1040.0,12.0,High,1,0,0
CCC,2014J,138861.0,M,London Region,HE Qualification,10-20,0-35,0.0,90.0,N,Distinction,818.0,70.0,High,1,0,1
CCC,2014J,138997.0,M,Scotland,A Level or Equivalent,60-70%,0-35,0.0,45.0,N,Fail,344.0,34.0,High,1,0,0
CCC,2014J,142092.0,M,North Western Region,HE Qualification,20-30%,35-55,0.0,120.0,N,Distinction,1226.0,1.0,High,1,0,1
CCC,2014J,144745.0,F,London Region,HE Qualification,20-30%,0-35,0.0,30.0,Y,Pass,796.0,52.0,High,1,0,1
CCC,2014J,145114.0,F,South West Region,A Level or Equivalent,40-50%,0-35,0.0,60.0,N,Fail,893.0,90.0,High,1,0,0
CCC,2014J,145490.0,M,London Region,Lower Than A Level,40-50%,35-55,0.0,180.0,N,Fail,1121.0,2.0,Low,1,0,0
CCC,2014J,145640.0,M,East Anglian Region,A Level or Equivalent,70-80%,0-35,0.0,60.0,N,Distinction,1235.0,0.0,High,0,0,1
CCC,2014J,152626.0,M,North Western Region,Lower Than A Level,0-10%,35-55,0.0,120.0,N,Withdrawn,455.0,94.0,Low,1,1,0
CCC,2014J,153788.0,M,North Western Region,No Formal quals,20-30%,0-35,1.0,60.0,N,Withdrawn,357.0,143.0,Other,1,1,0
CCC,2014J,155298.0,M,South Region,A Level or Equivalent,90-100%,0-35,0.0,60.0,N,Pass,469.0,35.0,High,1,0,1
CCC,2014J,155956.0,M,South West Region,Lower Than A Level,80-90%,35-55,0.0,60.0,N,Fail,2175.0,5.0,Low,1,0,0
CCC,2014J,157310.0,F,Yorkshire Region,Lower Than A Level,40-50%,0-35,1.0,120.0,N,Withdrawn,21.0,0.0,Low,0,1,0
CCC,2014J,160536.0,F,South Region,Lower Than A Level,30-40%,0-35,0.0,180.0,Y,Pass,500.0,4.0,Low,1,0,1
CCC,2014J,161781.0,M,Scotland,A Level or Equivalent,60-70%,0-35,0.0,90.0,N,Withdrawn,195.0,38.0,High,1,1,0
CCC,2014J,163067.0,F,South East Region,Lower Than A Level,40-50%,0-35,0.0,60.0,N,Withdrawn,68.0,0.0,Low,0,1,0
CCC,2014J,164968.0,M,Scotland,HE Qualification,90-100%,0-35,0.0,90.0,N,Fail,1307.0,20.0,High,1,0,0
CCC,2014J,165647.0,F,Scotland,A Level or Equivalent,30-40%,0-35,1.0,90.0,N,Fail,710.0,49.0,High,1,0,0
CCC,2014J,165733.0,M,Scotland,A Level or Equivalent,20-30%,0-35,1.0,30.0,Y,Withdrawn,1673.0,91.0,High,1,1,0
CCC,2014J,169297.0,M,Scotland,A Level or Equivalent,80-90%,0-35,0.0,60.0,N,Withdrawn,400.0,6.0,High,1,1,0
CCC,2014J,170030.0,M,Wales,HE Qualification,20-30%,0-35,0.0,60.0,N,Pass,810.0,43.0,High,1,0,1
CCC,2014J,171896.0,F,South East Region,A Level or Equivalent,40-50%,0-35,1.0,60.0,N,Withdrawn,1168.0,224.0,High,1,1,0
CCC,2014J,175638.0,M,North Western Region,Lower Than A Level,0-10%,0-35,0.0,90.0,N,Fail,267.0,11.0,Low,1,0,0
CCC,2014J,178072.0,M,South East Region,A Level or Equivalent,0-10%,0-35,1.0,150.0,N,Pass,516.0,44.0,High,1,0,1
CCC,2014J,181861.0,F,South East Region,Lower Than A Level,90-100%,35-55,0.0,60.0,N,Pass,1812.0,122.0,Low,1,0,1
CCC,2014J,182854.0,M,West Midlands Region,A Level or Equivalent,40-50%,0-35,0.0,80.0,Y,Pass,1552.0,179.0,High,1,0,1
CCC,2014J,185057.0,M,Ireland,HE Qualification,,35-55,0.0,90.0,N,Withdrawn,302.0,40.0,High,1,1,0
CCC,2014J,185127.0,M,London Region,A Level or Equivalent,20-30%,0-35,0.0,60.0,N,Pass,394.0,45.0,High,1,0,1
CCC,2014J,185451.0,M,Ireland,A Level or Equivalent,80-90%,0-35,0.0,30.0,N,Withdrawn,0.0,0.0,High,0,1,0
CCC,2014J,188251.0,M,North Region,Lower Than A Level,,0-35,0.0,30.0,Y,Fail,603.0,10.0,Low,1,0,0
CCC,2014J,188273.0,F,East Anglian Region,A Level or Equivalent,10-20,0-35,0.0,60.0,N,Pass,662.0,9.0,High,1,0,1
CCC,2014J,188662.0,M,Scotland,HE Qualification,80-90%,0-35,0.0,60.0,N,Pass,944.0,190.0,High,1,0,1
CCC,2014J,190780.0,M,Scotland,HE Qualification,60-70%,0-35,0.0,120.0,N,Withdrawn,218.0,33.0,High,1,1,0
CCC,2014J,196189.0,F,Scotland,HE Qualification,30-40%,0-35,0.0,60.0,N,Pass,1102.0,49.0,High,1,0,1
CCC,2014J,199261.0,M,Wales,HE Qualification,80-90%,35-55,0.0,60.0,N,Withdrawn,402.0,0.0,High,0,1,0
CCC,2014J,199361.0,M,North Western Region,Lower Than A Level,40-50%,0-35,0.0,60.0,N,Fail,1580.0,375.0,Low,1,0,0
CCC,2014J,199760.0,M,Scotland,HE Qualification,10-20,0-35,0.0,60.0,N,Fail,1256.0,104.0,High,1,0,0
CCC,2014J,200372.0,M,Scotland,HE Qualification,20-30%,35-55,1.0,120.0,N,Withdrawn,437.0,24.0,High,1,1,0
CCC,2014J,201425.0,M,South East Region,A Level or Equivalent,60-70%,0-35,0.0,60.0,N,Pass,1263.0,16.0,High,1,0,1
CCC,2014J,205218.0,M,Scotland,Lower Than A Level,20-30%,35-55,0.0,50.0,N,Withdrawn,0.0,0.0,Low,0,1,0
CCC,2014J,232072.0,M,Wales,A Level or Equivalent,60-70%,0-35,0.0,60.0,N,Fail,1989.0,101.0,High,1,0,0
CCC,2014J,233444.0,M,London Region,Lower Than A Level,0-10%,0-35,1.0,60.0,N,Withdrawn,720.0,22.0,Low,1,1,0
CCC,2014J,234957.0,M,East Anglian Region,A Level or Equivalent,40-50%,0-35,0.0,60.0,N,Withdrawn,25.0,0.0,High,0,1,0
CCC,2014J,235121.0,M,East Anglian Region,A Level or Equivalent,70-80%,0-35,0.0,115.0,N,Withdrawn,51.0,4.0,High,1,1,0
CCC,2014J,238255.0,F,Scotland,HE Qualification,50-60%,0-35,0.0,30.0,Y,Withdrawn,219.0,5.0,High,1,1,0
CCC,2014J,240486.0,M,South Region,A Level or Equivalent,80-90%,35-55,0.0,60.0,N,Fail,1286.0,175.0,High,1,0,0
CCC,2014J,242636.0,M,West Midlands Region,A Level or Equivalent,40-50%,0-35,0.0,120.0,N,Fail,108.0,2.0,High,1,0,0
CCC,2014J,242778.0,M,Scotland,HE Qualification,90-100%,35-55,1.0,30.0,N,Fail,778.0,156.0,High,1,0,0
CCC,2014J,243358.0,F,Scotland,A Level or Equivalent,40-50%,0-35,0.0,90.0,N,Pass,721.0,27.0,High,1,0,1
CCC,2014J,244738.0,M,London Region,A Level or Equivalent,40-50%,0-35,0.0,60.0,N,Distinction,1966.0,308.0,High,1,0,1
CCC,2014J,245217.0,M,East Midlands Region,A Level or Equivalent,50-60%,0-35,1.0,250.0,N,Fail,947.0,46.0,High,1,0,0
CCC,2014J,245600.0,M,North Region,A Level or Equivalent,,0-35,0.0,120.0,N,Pass,680.0,60.0,High,1,0,1
CCC,2014J,246829.0,M,Yorkshire Region,A Level or Equivalent,20-30%,0-35,0.0,90.0,N,Withdrawn,349.0,116.0,High,1,1,0
CCC,2014J,247304.0,F,East Anglian Region,HE Qualification,60-70%,0-35,0.0,60.0,N,Fail,177.0,3.0,High,1,0,0
CCC,2014J,248818.0,M,South West Region,Lower Than A Level,60-70%,0-35,0.0,60.0,N,Withdrawn,127.0,1.0,Low,1,1,0
CCC,2014J,253013.0,F,East Midlands Region,A Level or Equivalent,50-60%,0-35,0.0,60.0,N,Pass,2107.0,92.0,High,1,0,1
CCC,2014J,253496.0,M,Wales,Lower Than A Level,0-10%,0-35,0.0,60.0,N,Withdrawn,510.0,73.0,Low,1,1,0
CCC,2014J,256532.0,M,South Region,A Level or Equivalent,50-60%,35-55,1.0,30.0,N,Fail,41.0,1.0,High,1,0,0
CCC,2014J,256680.0,F,South Region,A Level or Equivalent,60-70%,0-35,0.0,60.0,Y,Withdrawn,282.0,50.0,High,1,1,0
CCC,2014J,256867.0,M,Yorkshire Region,A Level or Equivalent,80-90%,35-55,0.0,60.0,N,Pass,1339.0,20.0,High,1,0,1
CCC,2014J,257887.0,M,Ireland,HE Qualification,,0-35,0.0,60.0,N,Pass,752.0,7.0,High,1,0,1
CCC,2014J,258042.0,F,South East Region,HE Qualification,60-70%,35-55,0.0,30.0,N,Withdrawn,281.0,69.0,High,1,1,0
CCC,2014J,259641.0,M,North Region,A Level or Equivalent,,35-55,0.0,120.0,N,Pass,1826.0,234.0,High,1,0,1
CCC,2014J,260062.0,M,Scotland,HE Qualification,90-100%,0-35,1.0,30.0,N,Withdrawn,87.0,0.0,High,0,1,0
CCC,2014J,261160.0,F,Wales,Lower Than A Level,20-30%,35-55,0.0,150.0,N,Withdrawn,514.0,59.0,Low,1,1,0
CCC,2014J,262385.0,F,East Anglian Region,Lower Than A Level,20-30%,0-35,0.0,60.0,N,Pass,1011.0,39.0,Low,1,0,1
CCC,2014J,263150.0,F,London Region,A Level or Equivalent,40-50%,0-35,0.0,60.0,N,Withdrawn,151.0,0.0,High,0,1,0
CCC,2014J,264151.0,M,Scotland,A Level or Equivalent,50-60%,35-55,0.0,60.0,N,Fail,922.0,59.0,High,1,0,0
CCC,2014J,264715.0,F,South Region,A Level or Equivalent,20-30%,35-55,0.0,60.0,N,Pass,3103.0,1595.0,High,1,0,1
CCC,2014J,264723.0,M,East Midlands Region,Lower Than A Level,0-10%,0-35,0.0,90.0,N,Withdrawn,9.0,0.0,Low,0,1,0
CCC,2014J,264845.0,F,West Midlands Region,HE Qualification,60-70%,55<=,0.0,30.0,N,Fail,811.0,124.0,High,1,0,0
CCC,2014J,266097.0,M,London Region,Lower Than A Level,40-50%,35-55,0.0,30.0,N,Withdrawn,595.0,34.0,Low,1,1,0
CCC,2014J,266558.0,M,Yorkshire Region,A Level or Equivalent,30-40%,0-35,1.0,30.0,Y,Fail,596.0,3.0,High,1,0,0
CCC,2014J,267619.0,M,Yorkshire Region,Lower Than A Level,10-20,35-55,0.0,90.0,N,Fail,2053.0,1.0,Low,1,0,0
CCC,2014J,268018.0,M,London Region,Lower Than A Level,40-50%,0-35,1.0,60.0,N,Fail,1614.0,14.0,Low,1,0,0
CCC,2014J,269388.0,F,Scotland,HE Qualification,30-40%,0-35,0.0,90.0,N,Fail,1024.0,125.0,High,1,0,0
CCC,2014J,271526.0,M,South Region,HE Qualification,80-90%,35-55,0.0,60.0,N,Withdrawn,147.0,10.0,High,1,1,0
CCC,2014J,275297.0,M,North Region,HE Qualification,,0-35,0.0,120.0,N,Distinction,1422.0,11.0,High,1,0,1
CCC,2014J,275711.0,M,North Western Region,Lower Than A Level,10-20,0-35,0.0,80.0,N,Fail,3753.0,490.0,Low,1,0,0
CCC,2014J,275882.0,M,South East Region,A Level or Equivalent,80-90%,35-55,0.0,60.0,N,Fail,10.0,0.0,High,0,0,0
CCC,2014J,278413.0,M,London Region,HE Qualification,0-10%,35-55,0.0,30.0,N,Withdrawn,278.0,0.0,High,0,1,0
CCC,2014J,278600.0,M,North Western Region,A Level or Equivalent,60-70%,0-35,0.0,90.0,N,Withdrawn,91.0,0.0,High,0,1,0
CCC,2014J,279879.0,F,Scotland,HE Qualification,70-80%,0-35,0.0,30.0,N,Withdrawn,128.0,0.0,High,0,1,0
CCC,2014J,279883.0,M,East Midlands Region,A Level or Equivalent,0-10%,0-35,1.0,180.0,N,Withdrawn,104.0,10.0,High,1,1,0
CCC,2014J,283618.0,M,West Midlands Region,Lower Than A Level,90-100%,35-55,0.0,30.0,N,Withdrawn,578.0,82.0,Low,1,1,0
CCC,2014J,284095.0,F,South West Region,HE Qualification,90-100%,0-35,0.0,120.0,N,Distinction,932.0,19.0,High,1,0,1
CCC,2014J,284741.0,M,East Anglian Region,A Level or Equivalent,80-90%,0-35,0.0,120.0,N,Withdrawn,9.0,0.0,High,0,1,0
CCC,2014J,285412.0,M,North Region,Lower Than A Level,30-40%,0-35,0.0,60.0,N,Withdrawn,306.0,75.0,Low,1,1,0
CCC,2014J,285637.0,F,Yorkshire Region,A Level or Equivalent,10-20,0-35,0.0,30.0,N,Withdrawn,196.0,0.0,High,0,1,0
CCC,2014J,286658.0,F,North Region,A Level or Equivalent,,35-55,0.0,90.0,N,Distinction,3148.0,88.0,High,1,0,1
CCC,2014J,287897.0,F,East Midlands Region,Lower Than A Level,50-60%,0-35,0.0,120.0,Y,Withdrawn,4.0,0.0,Low,0,1,0
CCC,2014J,289397.0,M,South East Region,A Level or Equivalent,60-70%,0-35,1.0,60.0,Y,Fail,64.0,8.0,High,1,0,0
CCC,2014J,290043.0,M,Scotland,A Level or Equivalent,50-60%,0-35,0.0,60.0,N,Fail,125.0,0.0,High,0,0,0
CCC,2014J,291156.0,F,London Region,A Level or Equivalent,70-80%,0-35,0.0,90.0,N,Withdrawn,304.0,30.0,High,1,1,0
CCC,2014J,291674.0,F,West Midlands Region,A Level or Equivalent,10-20,0-35,0.0,30.0,N,Pass,1316.0,557.0,High,1,0,1
CCC,2014J,293162.0,M,Scotland,A Level or Equivalent,70-80%,0-35,0.0,90.0,N,Pass,1822.0,57.0,High,1,0,1
CCC,2014J,293321.0,M,West Midlands Region,A Level or Equivalent,20-30%,0-35,0.0,120.0,N,Withdrawn,3.0,0.0,High,0,1,0
CCC,2014J,293686.0,M,South West Region,A Level or Equivalent,30-40%,0-35,0.0,30.0,N,Pass,4471.0,1609.0,High,1,0,1
CCC,2014J,294112.0,M,Scotland,A Level or Equivalent,40-50%,0-35,0.0,150.0,N,Fail,1042.0,101.0,High,1,0,0
CCC,2014J,296222.0,M,South East Region,A Level or Equivalent,80-90%,0-35,0.0,90.0,N,Withdrawn,3.0,0.0,High,0,1,0
CCC,2014J,296725.0,F,Scotland,Post Graduate Qualification,50-60%,0-35,0.0,210.0,N,Fail,413.0,5.0,Other,1,0,0
CCC,2014J,297166.0,F,London Region,Lower Than A Level,10-20,35-55,0.0,60.0,N,Fail,1158.0,4.0,Low,1,0,0
CCC,2014J,298777.0,M,North Western Region,A Level or Equivalent,40-50%,0-35,0.0,120.0,N,Withdrawn,7.0,0.0,High,0,1,0
CCC,2014J,300611.0,M,North Western Region,HE Qualification,0-10%,0-35,1.0,30.0,N,Pass,1077.0,0.0,High,0,0,1
CCC,2014J,301681.0,F,North Region,A Level or Equivalent,30-40%,0-35,0.0,60.0,N,Withdrawn,0.0,0.0,High,0,1,0
CCC,2014J,303218.0,M,Yorkshire Region,HE Qualification,40-50%,0-35,0.0,60.0,N,Pass,1458.0,113.0,High,1,0,1
CCC,2014J,305036.0,M,North Western Region,Lower Than A Level,50-60%,0-35,0.0,60.0,N,Withdrawn,223.0,0.0,Low,0,1,0
CCC,2014J,306202.0,M,London Region,A Level or Equivalent,0-10%,0-35,0.0,120.0,N,Pass,5306.0,2.0,High,1,0,1
CCC,2014J,307297.0,M,South East Region,HE Qualification,60-70%,0-35,0.0,45.0,N,Withdrawn,133.0,2.0,High,1,1,0
CCC,2014J,307789.0,F,East Midlands Region,A Level or Equivalent,20-30%,0-35,0.0,120.0,N,Withdrawn,0.0,0.0,High,0,1,0
CCC,2014J,308953.0,F,West Midlands Region,HE Qualification,20-30%,35-55,0.0,30.0,N,Fail,1174.0,35.0,High,1,0,0
CCC,2014J,310280.0,M,South West Region,Lower Than A Level,50-60%,0-35,1.0,60.0,N,Fail,1164.0,70.0,Low,1,0,0
CCC,2014J,310765.0,M,Yorkshire Region,HE Qualification,40-50%,35-55,0.0,30.0,N,Pass,1009.0,494.0,High,1,0,1
CCC,2014J,311332.0,F,South West Region,Lower Than A Level,80-90%,35-55,0.0,30.0,N,Fail,531.0,0.0,Low,0,0,0
CCC,2014J,311862.0,M,West Midlands Region,A Level or Equivalent,50-60%,0-35,0.0,60.0,N,Pass,498.0,61.0,High,1,0,1
CCC,2014J,312061.0,M,West Midlands Region,A Level or Equivalent,30-40%,0-35,0.0,60.0,N,Fail,1011.0,4.0,High,1,0,0
CCC,2014J,314555.0,F,South Region,A Level or Equivalent,30-40%,0-35,1.0,120.0,Y,Withdrawn,169.0,42.0,High,1,1,0
CCC,2014J,314956.0,M,South East Region,A Level or Equivalent,60-70%,0-35,0.0,60.0,N,Pass,641.0,94.0,High,1,0,1
CCC,2014J,316091.0,M,South West Region,A Level or Equivalent,30-40%,0-35,0.0,30.0,N,Pass,347.0,5.0,High,1,0,1
CCC,2014J,316454.0,F,North Western Region,Lower Than A Level,0-10%,0-35,0.0,120.0,Y,Withdrawn,0.0,0.0,Low,0,1,0
CCC,2014J,317801.0,M,East Anglian Region,A Level or Equivalent,90-100%,0-35,0.0,30.0,N,Fail,2241.0,184.0,High,1,0,0
CCC,2014J,319035.0,M,Yorkshire Region,Lower Than A Level,0-10%,0-35,0.0,60.0,N,Withdrawn,0.0,0.0,Low,0,1,0
CCC,2014J,319492.0,M,East Anglian Region,Lower Than A Level,60-70%,0-35,0.0,110.0,N,Withdrawn,108.0,35.0,Low,1,1,0
CCC,2014J,320153.0,F,Yorkshire Region,Lower Than A Level,80-90%,0-35,1.0,30.0,N,Withdrawn,695.0,25.0,Low,1,1,0
CCC,2014J,322499.0,M,Scotland,A Level or Equivalent,90-100%,0-35,0.0,120.0,N,Withdrawn,239.0,61.0,High,1,1,0
CCC,2014J,322641.0,M,East Anglian Region,Lower Than A Level,70-80%,0-35,0.0,60.0,N,Pass,1309.0,19.0,Low,1,0,1
CCC,2014J,322844.0,M,Ireland,A Level or Equivalent,40-50%,0-35,0.0,30.0,N,Withdrawn,667.0,25.0,High,1,1,0
CCC,2014J,322907.0,M,London Region,HE Qualification,30-40%,55<=,0.0,30.0,N,Fail,267.0,28.0,High,1,0,0
CCC,2014J,324338.0,M,London Region,A Level or Equivalent,40-50%,0-35,0.0,120.0,N,Withdrawn,218.0,16.0,High,1,1,0
CCC,2014J,324440.0,F,London Region,Lower Than A Level,20-30%,0-35,0.0,90.0,N,Withdrawn,0.0,0.0,Low,0,1,0
CCC,2014J,325497.0,F,South West Region,A Level or Equivalent,20-30%,0-35,1.0,60.0,N,Withdrawn,615.0,138.0,High,1,1,0
CCC,2014J,325518.0,M,West Midlands Region,Lower Than A Level,20-30%,0-35,0.0,60.0,N,Withdrawn,132.0,1.0,Low,1,1,0
CCC,2014J,327057.0,M,South East Region,HE Qualification,50-60%,0-35,0.0,100.0,N,Pass,1143.0,84.0,High,1,0,1
CCC,2014J,328123.0,M,West Midlands Region,Lower Than A Level,0-10%,0-35,0.0,60.0,Y,Fail,548.0,21.0,Low,1,0,0
CCC,2014J,328674.0,F,East Anglian Region,Lower Than A Level,60-70%,0-35,0.0,90.0,N,Fail,26.0,0.0,Low,0,0,0
CCC,2014J,329455.0,M,London Region,Post Graduate Qualification,20-30%,35-55,0.0,60.0,N,Withdrawn,311.0,16.0,Other,1,1,0
CCC,2014J,330453.0,M,South Region,Lower Than A Level,30-40%,35-55,0.0,60.0,N,Pass,524.0,28.0,Low,1,0,1
CCC,2014J,330952.0,M,North Western Region,Lower Than A Level,20-30%,35-55,0.0,270.0,N,Withdrawn,80.0,0.0,Low,0,1,0
CCC,2014J,330966.0,M,South Region,HE Qualification,90-100%,35-55,0.0,30.0,N,Withdrawn,224.0,0.0,High,0,1,0
CCC,2014J,331622.0,M,East Midlands Region,Lower Than A Level,80-90%,0-35,0.0,150.0,N,Withdrawn,13.0,0.0,Low,0,1,0
CCC,2014J,332436.0,M,South Region,Lower Than A Level,70-80%,0-35,0.0,60.0,N,Pass,2632.0,10.0,Low,1,0,1
CCC,2014J,334154.0,M,West Midlands Region,A Level or Equivalent,10-20,0-35,0.0,30.0,N,Fail,176.0,14.0,High,1,0,0
CCC,2014J,334225.0,F,North Western Region,Lower Than A Level,0-10%,0-35,0.0,90.0,N,Pass,1464.0,450.0,Low,1,0,1
CCC,2014J,335401.0,M,South Region,Lower Than A Level,20-30%,35-55,0.0,30.0,N,Withdrawn,109.0,0.0,Low,0,1,0
CCC,2014J,335405.0,M,East Anglian Region,A Level or Equivalent,50-60%,0-35,0.0,60.0,N,Distinction,2195.0,644.0,High,1,0,1
CCC,2014J,335914.0,F,Ireland,A Level or Equivalent,20-30%,0-35,0.0,30.0,N,Withdrawn,98.0,0.0,High,0,1,0
CCC,2014J,336014.0,M,Scotland,HE Qualification,80-90%,0-35,0.0,120.0,N,Withdrawn,602.0,16.0,High,1,1,0
CCC,2014J,336131.0,M,East Midlands Region,A Level or Equivalent,80-90%,0-35,0.0,60.0,N,Distinction,6483.0,3144.0,High,1,0,1
CCC,2014J,336695.0,F,East Midlands Region,A Level or Equivalent,0-10%,0-35,1.0,60.0,N,Pass,1378.0,36.0,High,1,0,1
CCC,2014J,336772.0,M,South West Region,Lower Than A Level,80-90%,35-55,0.0,30.0,N,Pass,1212.0,23.0,Low,1,0,1
CCC,2014J,338731.0,M,Yorkshire Region,Lower Than A Level,10-20,35-55,1.0,30.0,N,Fail,9884.0,171.0,Low,1,0,0
CCC,2014J,338983.0,M,East Anglian Region,Lower Than A Level,20-30%,35-55,0.0,30.0,N,Withdrawn,578.0,89.0,Low,1,1,0
CCC,2014J,339235.0,M,West Midlands Region,HE Qualification,70-80%,0-35,0.0,90.0,N,Distinction,519.0,0.0,High,0,0,1
CCC,2014J,339824.0,M,East Anglian Region,A Level or Equivalent,80-90%,0-35,0.0,60.0,Y,Withdrawn,408.0,5.0,High,1,1,0
CCC,2014J,340010.0,F,North Western Region,Lower Than A Level,40-50%,0-35,0.0,30.0,N,Pass,1072.0,23.0,Low,1,0,1
CCC,2014J,341361.0,M,London Region,HE Qualification,10-20,35-55,0.0,60.0,N,Withdrawn,238.0,21.0,High,1,1,0
CCC,2014J,342799.0,M,Wales,Lower Than A Level,0-10%,0-35,1.0,30.0,Y,Pass,530.0,126.0,Low,1,0,1
CCC,2014J,344740.0,M,London Region,Lower Than A Level,60-70%,35-55,0.0,90.0,N,Withdrawn,127.0,0.0,Low,0,1,0
CCC,2014J,347809.0,F,Scotland,HE Qualification,10-20,0-35,0.0,60.0,N,Distinction,1266.0,289.0,High,1,0,1
CCC,2014J,348351.0,M,East Midlands Region,Lower Than A Level,20-30%,0-35,0.0,60.0,N,Fail,377.0,43.0,Low,1,0,0
CCC,2014J,348783.0,M,North Western Region,A Level or Equivalent,50-60%,0-35,0.0,90.0,N,Distinction,2848.0,176.0,High,1,0,1
CCC,2014J,348855.0,M,Scotland,Post Graduate Qualification,20-30%,35-55,0.0,60.0,N,Pass,3476.0,70.0,Other,1,0,1
CCC,2014J,349093.0,M,North Western Region,HE Qualification,90-100%,35-55,0.0,60.0,N,Distinction,2037.0,112.0,High,1,0,1
CCC,2014J,350267.0,F,South West Region,A Level or Equivalent,50-60%,0-35,0.0,130.0,N,Withdrawn,651.0,194.0,High,1,1,0
CCC,2014J,350929.0,F,London Region,A Level or Equivalent,40-50%,0-35,0.0,60.0,Y,Withdrawn,18.0,0.0,High,0,1,0
CCC,2014J,351903.0,M,North Western Region,HE Qualification,50-60%,0-35,0.0,30.0,N,Withdrawn,670.0,40.0,High,1,1,0
CCC,2014J,352637.0,M,London Region,A Level or Equivalent,20-30%,35-55,0.0,120.0,N,Distinction,1929.0,62.0,High,1,0,1
CCC,2014J,353660.0,M,West Midlands Region,A Level or Equivalent,60-70%,35-55,1.0,60.0,N,Withdrawn,219.0,53.0,High,1,1,0
CCC,2014J,353804.0,M,North Western Region,HE Qualification,30-40%,35-55,1.0,60.0,N,Withdrawn,1927.0,50.0,High,1,1,0
CCC,2014J,354688.0,F,London Region,Lower Than A Level,60-70%,0-35,0.0,60.0,N,Pass,359.0,2.0,Low,1,0,1
CCC,2014J,355935.0,F,Yorkshire Region,A Level or Equivalent,60-70%,0-35,0.0,60.0,N,Pass,549.0,14.0,High,1,0,1
CCC,2014J,356297.0,M,Wales,Lower Than A Level,0-10%,35-55,0.0,60.0,N,Fail,2152.0,275.0,Low,1,0,0
CCC,2014J,356523.0,M,West Midlands Region,Lower Than A Level,0-10%,0-35,1.0,30.0,N,Fail,4988.0,307.0,Low,1,0,0
CCC,2014J,357820.0,M,North Region,A Level or Equivalent,10-20,0-35,0.0,120.0,N,Withdrawn,41.0,2.0,High,1,1,0
CCC,2014J,358075.0,F,South West Region,A Level or Equivalent,80-90%,0-35,1.0,90.0,N,Pass,536.0,125.0,High,1,0,1
CCC,2014J,358578.0,F,South Region,Lower Than A Level,30-40%,0-35,0.0,90.0,N,Withdrawn,269.0,14.0,Low,1,1,0
CCC,2014J,359657.0,M,North Western Region,No Formal quals,20-30%,0-35,0.0,120.0,N,Withdrawn,222.0,84.0,Other,1,1,0
CCC,2014J,359958.0,M,West Midlands Region,A Level or Equivalent,60-70%,55<=,0.0,60.0,N,Pass,2605.0,443.0,High,1,0,1
CCC,2014J,360483.0,M,Wales,Lower Than A Level,30-40%,0-35,0.0,90.0,N,Withdrawn,127.0,0.0,Low,0,1,0
CCC,2014J,362140.0,M,East Midlands Region,A Level or Equivalent,80-90%,0-35,0.0,90.0,N,Pass,1054.0,97.0,High,1,0,1
CCC,2014J,362548.0,M,Yorkshire Region,Lower Than A Level,10-20,0-35,0.0,30.0,N,Fail,3081.0,107.0,Low,1,0,0
CCC,2014J,364066.0,M,London Region,Lower Than A Level,30-40%,0-35,0.0,150.0,N,Withdrawn,0.0,0.0,Low,0,1,0
CCC,2014J,364103.0,M,Scotland,A Level or Equivalent,50-60%,0-35,0.0,90.0,N,Pass,847.0,33.0,High,1,0,1
CCC,2014J,365661.0,F,Wales,A Level or Equivalent,0-10%,35-55,0.0,30.0,N,Pass,1454.0,37.0,High,1,0,1
CCC,2014J,365701.0,F,South East Region,Lower Than A Level,20-30%,0-35,0.0,180.0,N,Distinction,2712.0,332.0,Low,1,0,1
CCC,2014J,366164.0,F,East Midlands Region,A Level or Equivalent,10-20,0-35,0.0,30.0,N,Withdrawn,1113.0,163.0,High,1,1,0
CCC,2014J,366367.0,M,East Anglian Region,Lower Than A Level,60-70%,0-35,0.0,30.0,N,Pass,532.0,9.0,Low,1,0,1
CCC,2014J,366873.0,F,South Region,A Level or Equivalent,80-90%,35-55,0.0,120.0,N,Fail,767.0,177.0,High,1,0,0
CCC,2014J,367352.0,M,North Western Region,HE Qualification,30-40%,0-35,0.0,60.0,N,Fail,775.0,58.0,High,1,0,0
CCC,2014J,367510.0,M,London Region,A Level or Equivalent,20-30%,0-35,0.0,150.0,Y,Withdrawn,352.0,40.0,High,1,1,0
CCC,2014J,367815.0,M,East Midlands Region,A Level or Equivalent,40-50%,0-35,0.0,120.0,Y,Withdrawn,248.0,5.0,High,1,1,0
CCC,2014J,368436.0,M,East Midlands Region,Lower Than A Level,30-40%,35-55,0.0,30.0,N,Pass,3428.0,777.0,Low,1,0,1
CCC,2014J,369208.0,M,East Midlands Region,Lower Than A Level,10-20,0-35,0.0,60.0,N,Fail,125.0,0.0,Low,0,0,0
CCC,2014J,369242.0,M,South East Region,A Level or Equivalent,40-50%,0-35,0.0,150.0,N,Withdrawn,259.0,5.0,High,1,1,0
CCC,2014J,369610.0,M,South East Region,HE Qualification,90-100%,35-55,0.0,90.0,N,Pass,2595.0,65.0,High,1,0,1
CCC,2014J,370512.0,M,South West Region,A Level or Equivalent,70-80%,35-55,0.0,30.0,N,Pass,2263.0,41.0,High,1,0,1
CCC,2014J,370839.0,F,North Western Region,Lower Than A Level,0-10%,0-35,0.0,120.0,Y,Withdrawn,562.0,44.0,Low,1,1,0
CCC,2014J,371429.0,F,North Western Region,HE Qualification,80-90%,35-55,0.0,60.0,N,Withdrawn,438.0,3.0,High,1,1,0
CCC,2014J,371439.0,F,South West Region,A Level or Equivalent,30-40%,0-35,0.0,30.0,N,Fail,335.0,1.0,High,1,0,0
CCC,2014J,372234.0,M,East Anglian Region,HE Qualification,60-70%,0-35,0.0,30.0,N,Pass,4990.0,552.0,High,1,0,1
CCC,2014J,372577.0,M,South Region,Lower Than A Level,20-30%,0-35,0.0,180.0,N,Withdrawn,485.0,62.0,Low,1,1,0
CCC,2014J,378576.0,F,East Anglian Region,Lower Than A Level,70-80%,35-55,0.0,30.0,N,Withdrawn,897.0,171.0,Low,1,1,0
CCC,2014J,379042.0,M,Wales,A Level or Equivalent,50-60%,0-35,0.0,60.0,N,Pass,1835.0,652.0,High,1,0,1
CCC,2014J,379185.0,F,East Anglian Region,Lower Than A Level,60-70%,35-55,0.0,60.0,N,Fail,611.0,52.0,Low,1,0,0
CCC,2014J,379255.0,M,East Midlands Region,A Level or Equivalent,0-10%,0-35,0.0,30.0,N,Fail,254.0,9.0,High,1,0,0
CCC,2014J,379265.0,M,West Midlands Region,A Level or Equivalent,30-40%,35-55,0.0,60.0,N,Fail,941.0,76.0,High,1,0,0
CCC,2014J,379406.0,F,London Region,A Level or Equivalent,40-50%,0-35,1.0,90.0,N,Pass,3185.0,52.0,High,1,0,1
CCC,2014J,382378.0,M,Scotland,A Level or Equivalent,50-60%,0-35,1.0,120.0,N,Withdrawn,195.0,20.0,High,1,1,0
CCC,2014J,382857.0,M,South West Region,Lower Than A Level,20-30%,0-35,0.0,60.0,N,Withdrawn,0.0,0.0,Low,0,1,0
CCC,2014J,384106.0,F,South Region,Lower Than A Level,30-40%,0-35,0.0,120.0,N,Withdrawn,442.0,0.0,Low,0,1,0
CCC,2014J,385033.0,M,Yorkshire Region,HE Qualification,80-90%,0-35,0.0,30.0,N,Pass,1407.0,20.0,High,1,0,1
CCC,2014J,385980.0,M,London Region,A Level or Equivalent,60-70%,0-35,1.0,60.0,N,Withdrawn,358.0,27.0,High,1,1,0
CCC,2014J,387944.0,M,South East Region,A Level or Equivalent,80-90%,35-55,0.0,60.0,N,Fail,2215.0,9.0,High,1,0,0
CCC,2014J,387963.0,M,Scotland,HE Qualification,80-90%,0-35,0.0,30.0,N,Distinction,1448.0,270.0,High,1,0,1
CCC,2014J,389250.0,M,West Midlands Region,A Level or Equivalent,10-20,0-35,0.0,90.0,N,Fail,352.0,68.0,High,1,0,0
CCC,2014J,389267.0,M,North Western Region,A Level or Equivalent,30-40%,0-35,0.0,60.0,N,Withdrawn,138.0,20.0,High,1,1,0
CCC,2014J,391059.0,M,West Midlands Region,A Level or Equivalent,0-10%,0-35,0.0,60.0,N,Fail,546.0,0.0,High,0,0,0
CCC,2014J,391466.0,F,Ireland,A Level or Equivalent,0-10%,0-35,0.0,60.0,N,Fail,1054.0,305.0,High,1,0,0
CCC,2014J,392890.0,M,West Midlands Region,A Level or Equivalent,60-70%,0-35,0.0,60.0,N,Fail,510.0,5.0,High,1,0,0
CCC,2014J,393094.0,M,West Midlands Region,Lower Than A Level,20-30%,0-35,0.0,150.0,N,Withdrawn,1.0,0.0,Low,0,1,0
CCC,2014J,393142.0,F,Scotland,Post Graduate Qualification,90-100%,35-55,0.0,60.0,N,Distinction,875.0,19.0,Other,1,0,1
CCC,2014J,393526.0,F,London Region,Lower Than A Level,0-10%,0-35,0.0,60.0,Y,Withdrawn,836.0,11.0,Low,1,1,0
CCC,2014J,394218.0,M,North Region,A Level or Equivalent,10-20,35-55,0.0,120.0,N,Withdrawn,0.0,0.0,High,0,1,0
CCC,2014J,394791.0,F,North Western Region,Lower Than A Level,40-50%,0-35,1.0,60.0,Y,Pass,1114.0,4.0,Low,1,0,1
CCC,2014J,395757.0,M,South West Region,HE Qualification,50-60%,35-55,0.0,60.0,N,Pass,1289.0,257.0,High,1,0,1
CCC,2014J,396631.0,M,London Region,A Level or Equivalent,20-30%,0-35,0.0,60.0,N,Withdrawn,265.0,7.0,High,1,1,0
CCC,2014J,398496.0,F,South Region,Lower Than A Level,20-30%,35-55,0.0,120.0,N,Pass,7333.0,609.0,Low,1,0,1
CCC,2014J,400266.0,M,London Region,A Level or Equivalent,20-30%,0-35,0.0,90.0,N,Withdrawn,272.0,9.0,High,1,1,0
CCC,2014J,400958.0,F,Ireland,HE Qualification,70-80%,0-35,0.0,170.0,N,Fail,738.0,25.0,High,1,0,0
CCC,2014J,401011.0,M,Wales,Lower Than A Level,10-20,0-35,0.0,30.0,Y,Withdrawn,341.0,100.0,Low,1,1,0
CCC,2014J,401258.0,F,East Anglian Region,Lower Than A Level,20-30%,0-35,0.0,210.0,N,Withdrawn,349.0,85.0,Low,1,1,0
CCC,2014J,402210.0,F,London Region,No Formal quals,50-60%,0-35,0.0,60.0,N,Withdrawn,640.0,98.0,Other,1,1,0
CCC,2014J,402378.0,M,Yorkshire Region,HE Qualification,70-80%,0-35,0.0,40.0,N,Pass,1844.0,325.0,High,1,0,1
CCC,2014J,402883.0,F,Wales,Lower Than A Level,0-10%,0-35,0.0,30.0,N,Fail,279.0,83.0,Low,1,0,0
CCC,2014J,404863.0,F,Scotland,HE Qualification,30-40%,0-35,0.0,60.0,N,Fail,311.0,27.0,High,1,0,0
CCC,2014J,405125.0,M,West Midlands Region,A Level or Equivalent,20-30%,0-35,0.0,90.0,N,Withdrawn,1541.0,31.0,High,1,1,0
CCC,2014J,406254.0,M,East Midlands Region,Lower Than A Level,30-40%,0-35,0.0,120.0,N,Withdrawn,0.0,0.0,Low,0,1,0
CCC,2014J,406326.0,M,East Midlands Region,HE Qualification,80-90%,35-55,0.0,60.0,N,Withdrawn,249.0,0.0,High,0,1,0
CCC,2014J,406698.0,M,Wales,A Level or Equivalent,20-30%,35-55,0.0,30.0,N,Fail,1062.0,113.0,High,1,0,0
CCC,2014J,407404.0,M,West Midlands Region,A Level or Equivalent,70-80%,0-35,0.0,90.0,N,Distinction,394.0,0.0,High,0,0,1
CCC,2014J,408608.0,M,East Midlands Region,A Level or Equivalent,60-70%,35-55,0.0,60.0,N,Fail,947.0,3.0,High,1,0,0
CCC,2014J,409733.0,M,Scotland,A Level or Equivalent,30-40%,0-35,0.0,60.0,N,Pass,1870.0,99.0,High,1,0,1
CCC,2014J,409852.0,F,South Region,Lower Than A Level,90-100%,35-55,0.0,60.0,N,Fail,1191.0,16.0,Low,1,0,0
CCC,2014J,409953.0,M,West Midlands Region,A Level or Equivalent,30-40%,35-55,0.0,60.0,N,Pass,789.0,7.0,High,1,0,1
CCC,2014J,410176.0,F,Scotland,A Level or Equivalent,40-50%,0-35,0.0,30.0,N,Fail,169.0,8.0,High,1,0,0
CCC,2014J,411549.0,F,London Region,A Level or Equivalent,30-40%,0-35,0.0,120.0,N,Pass,3378.0,360.0,High,1,0,1
CCC,2014J,412304.0,M,South Region,Lower Than A Level,60-70%,0-35,0.0,60.0,N,Withdrawn,506.0,95.0,Low,1,1,0
CCC,2014J,412600.0,M,East Anglian Region,A Level or Equivalent,40-50%,0-35,0.0,30.0,N,Pass,399.0,6.0,High,1,0,1
CCC,2014J,412663.0,M,North Western Region,A Level or Equivalent,10-20,0-35,0.0,30.0,N,Pass,1703.0,310.0,High,1,0,1
CCC,2014J,413087.0,M,Wales,HE Qualification,0-10%,0-35,0.0,90.0,N,Fail,1036.0,25.0,High,1,0,0
CCC,2014J,413200.0,M,South East Region,HE Qualification,10-20,0-35,0.0,60.0,N,Fail,350.0,2.0,High,1,0,0
CCC,2014J,414772.0,F,Yorkshire Region,A Level or Equivalent,70-80%,0-35,0.0,90.0,N,Pass,405.0,46.0,High,1,0,1
CCC,2014J,415023.0,M,London Region,A Level or Equivalent,40-50%,35-55,0.0,60.0,Y,Withdrawn,7.0,0.0,High,0,1,0
CCC,2014J,415631.0,M,East Anglian Region,A Level or Equivalent,80-90%,0-35,0.0,60.0,N,Pass,513.0,0.0,High,0,0,1
CCC,2014J,416284.0,M,Scotland,HE Qualification,70-80%,0-35,0.0,90.0,N,Fail,298.0,2.0,High,1,0,0
CCC,2014J,416860.0,F,East Midlands Region,A Level or Equivalent,20-30%,0-35,1.0,60.0,N,Withdrawn,1267.0,81.0,High,1,1,0
CCC,2014J,417522.0,M,East Anglian Region,A Level or Equivalent,60-70%,0-35,0.0,30.0,N,Pass,1471.0,31.0,High,1,0,1
CCC,2014J,417724.0,M,East Anglian Region,Lower Than A Level,70-80%,0-35,0.0,30.0,Y,Pass,1523.0,10.0,Low,1,0,1
CCC,2014J,418397.0,M,South Region,Lower Than A Level,20-30%,0-35,0.0,60.0,Y,Pass,2425.0,300.0,Low,1,0,1
CCC,2014J,418971.0,M,East Midlands Region,Lower Than A Level,40-50%,0-35,1.0,60.0,N,Fail,731.0,74.0,Low,1,0,0
CCC,2014J,419024.0,F,Ireland,A Level or Equivalent,0-10%,0-35,0.0,90.0,N,Withdrawn,833.0,79.0,High,1,1,0
CCC,2014J,420042.0,F,Yorkshire Region,HE Qualification,40-50%,35-55,0.0,120.0,N,Distinction,1819.0,55.0,High,1,0,1
CCC,2014J,421111.0,M,East Midlands Region,Lower Than A Level,40-50%,0-35,0.0,30.0,N,Fail,202.0,17.0,Low,1,0,0
CCC,2014J,422343.0,M,South West Region,HE Qualification,60-70%,0-35,0.0,90.0,N,Pass,721.0,53.0,High,1,0,1
CCC,2014J,422542.0,M,Ireland,HE Qualification,80-90%,35-55,0.0,60.0,N,Fail,497.0,12.0,High,1,0,0
CCC,2014J,422670.0,M,Scotland,Post Graduate Qualification,90-100%,35-55,0.0,30.0,N,Pass,4597.0,126.0,Other,1,0,1
CCC,2014J,422697.0,M,East Anglian Region,A Level or Equivalent,20-30%,35-55,0.0,60.0,N,Withdrawn,510.0,181.0,High,1,1,0
CCC,2014J,423607.0,M,West Midlands Region,Lower Than A Level,60-70%,35-55,1.0,30.0,N,Fail,1896.0,752.0,Low,1,0,0
CCC,2014J,423622.0,M,Scotland,A Level or Equivalent,60-70%,0-35,0.0,120.0,Y,Fail,239.0,39.0,High,1,0,0
CCC,2014J,423664.0,M,South West Region,A Level or Equivalent,80-90%,0-35,0.0,30.0,N,Fail,262.0,0.0,High,0,0,0
CCC,2014J,425053.0,F,Scotland,A Level or Equivalent,50-60%,0-35,0.0,60.0,Y,Fail,398.0,52.0,High,1,0,0
CCC,2014J,425287.0,M,London Region,Post Graduate Qualification,30-40%,35-55,1.0,90.0,N,Pass,1123.0,4.0,Other,1,0,1
CCC,2014J,425919.0,F,East Anglian Region,Lower Than A Level,50-60%,35-55,0.0,60.0,N,Withdrawn,54.0,0.0,Low,0,1,0
CCC,2014J,426316.0,M,Scotland,HE Qualification,40-50%,0-35,0.0,60.0,N,Withdrawn,50.0,0.0,High,0,1,0
CCC,2014J,427390.0,M,North Region,Lower Than A Level,50-60%,0-35,0.0,120.0,N,Fail,1076.0,51.0,Low,1,0,0
CCC,2014J,427413.0,M,Scotland,HE Qualification,40-50%,0-35,0.0,60.0,N,Fail,2030.0,462.0,High,1,0,0
CCC,2014J,429015.0,M,Ireland,A Level or Equivalent,30-40%,0-35,0.0,60.0,N,Pass,1318.0,63.0,High,1,0,1
CCC,2014J,430020.0,M,London Region,A Level or Equivalent,10-20,0-35,0.0,90.0,N,Fail,235.0,18.0,High,1,0,0
CCC,2014J,430487.0,M,Yorkshire Region,A Level or Equivalent,60-70%,0-35,1.0,30.0,N,Distinction,964.0,271.0,High,1,0,1
CCC,2014J,430806.0,M,South East Region,HE Qualification,50-60%,35-55,1.0,70.0,N,Pass,967.0,96.0,High,1,0,1
CCC,2014J,432478.0,M,Ireland,A Level or Equivalent,50-60%,35-55,0.0,30.0,N,Fail,322.0,15.0,High,1,0,0
CCC,2014J,432724.0,F,South Region,Lower Than A Level,60-70%,35-55,0.0,150.0,N,Distinction,1728.0,205.0,Low,1,0,1
CCC,2014J,433508.0,M,North Region,Lower Than A Level,,35-55,0.0,60.0,N,Withdrawn,59.0,0.0,Low,0,1,0
CCC,2014J,433794.0,M,Scotland,Lower Than A Level,30-40%,0-35,0.0,210.0,N,Pass,3977.0,655.0,Low,1,0,1
CCC,2014J,434841.0,M,Scotland,A Level or Equivalent,40-50%,35-55,0.0,30.0,N,Fail,48.0,0.0,High,0,0,0
CCC,2014J,436900.0,M,West Midlands Region,Lower Than A Level,20-30%,0-35,0.0,60.0,N,Fail,16.0,0.0,Low,0,0,0
CCC,2014J,437482.0,M,East Anglian Region,A Level or Equivalent,90-100%,0-35,0.0,60.0,N,Pass,1140.0,92.0,High,1,0,1
CCC,2014J,437968.0,M,Scotland,HE Qualification,0-10%,35-55,0.0,30.0,N,Fail,528.0,85.0,High,1,0,0
CCC,2014J,439855.0,M,Scotland,A Level or Equivalent,60-70%,35-55,0.0,60.0,N,Withdrawn,292.0,9.0,High,1,1,0
CCC,2014J,440103.0,M,East Anglian Region,Lower Than A Level,80-90%,0-35,0.0,60.0,N,Fail,621.0,72.0,Low,1,0,0
CCC,2014J,440171.0,F,Scotland,HE Qualification,40-50%,0-35,1.0,60.0,N,Pass,1284.0,155.0,High,1,0,1
CCC,2014J,440637.0,F,North Western Region,Lower Than A Level,0-10%,0-35,0.0,60.0,N,Withdrawn,25.0,0.0,Low,0,1,0
CCC,2014J,441024.0,F,South Region,HE Qualification,70-80%,0-35,0.0,30.0,N,Withdrawn,32.0,0.0,High,0,1,0
CCC,2014J,442669.0,F,Scotland,A Level or Equivalent,20-30%,0-35,0.0,60.0,N,Pass,2534.0,336.0,High,1,0,1
CCC,2014J,442823.0,M,East Anglian Region,HE Qualification,90-100%,0-35,0.0,30.0,N,Withdrawn,0.0,0.0,High,0,1,0
CCC,2014J,442924.0,M,North Region,A Level or Equivalent,70-80%,0-35,0.0,60.0,N,Distinction,871.0,33.0,High,1,0,1
CCC,2014J,443837.0,F,South East Region,HE Qualification,20-30%,35-55,0.0,120.0,Y,Withdrawn,8.0,0.0,High,0,1,0
CCC,2014J,443964.0,F,Scotland,HE Qualification,80-90%,0-35,0.0,60.0,N,Distinction,4950.0,432.0,High,1,0,1
CCC,2014J,445114.0,F,London Region,A Level or Equivalent,50-60%,35-55,0.0,210.0,N,Pass,1372.0,316.0,High,1,0,1
CCC,2014J,445921.0,M,Yorkshire Region,HE Qualification,50-60%,0-35,0.0,120.0,N,Withdrawn,270.0,59.0,High,1,1,0
CCC,2014J,446439.0,F,Ireland,Post Graduate Qualification,,0-35,0.0,30.0,N,Pass,2111.0,77.0,Other,1,0,1
CCC,2014J,446479.0,M,Ireland,HE Qualification,,35-55,0.0,30.0,N,Withdrawn,442.0,4.0,High,1,1,0
CCC,2014J,446778.0,M,South Region,A Level or Equivalent,40-50%,35-55,0.0,180.0,N,Withdrawn,599.0,13.0,High,1,1,0
CCC,2014J,447644.0,F,South West Region,A Level or Equivalent,80-90%,0-35,0.0,90.0,Y,Distinction,966.0,202.0,High,1,0,1
CCC,2014J,447695.0,M,Ireland,A Level or Equivalent,50-60%,35-55,0.0,30.0,N,Withdrawn,679.0,2.0,High,1,1,0
CCC,2014J,448370.0,F,South West Region,A Level or Equivalent,80-90%,0-35,0.0,60.0,Y,Withdrawn,82.0,3.0,High,1,1,0
CCC,2014J,464732.0,F,Scotland,HE Qualification,70-80%,0-35,0.0,150.0,N,Fail,2784.0,1.0,High,1,0,0
CCC,2014J,464780.0,M,East Anglian Region,A Level or Equivalent,50-60%,0-35,0.0,90.0,N,Withdrawn,314.0,0.0,High,0,1,0
CCC,2014J,464924.0,F,West Midlands Region,A Level or Equivalent,60-70%,35-55,0.0,120.0,N,Withdrawn,0.0,0.0,High,0,1,0
CCC,2014J,464981.0,M,Scotland,HE Qualification,80-90%,35-55,0.0,60.0,N,Distinction,1703.0,113.0,High,1,0,1
CCC,2014J,465281.0,M,North Region,A Level or Equivalent,70-80%,35-55,0.0,30.0,N,Withdrawn,0.0,0.0,High,0,1,0
CCC,2014J,465331.0,M,London Region,A Level or Equivalent,90-100%,0-35,0.0,220.0,N,Pass,285.0,14.0,High,1,0,1
CCC,2014J,465577.0,F,London Region,A Level or Equivalent,40-50%,35-55,0.0,60.0,N,Withdrawn,976.0,9.0,High,1,1,0
CCC,2014J,465619.0,M,Wales,Lower Than A Level,40-50%,0-35,1.0,150.0,N,Withdrawn,173.0,13.0,Low,1,1,0
CCC,2014J,465732.0,M,West Midlands Region,A Level or Equivalent,50-60%,0-35,1.0,30.0,N,Fail,292.0,0.0,High,0,0,0
CCC,2014J,465764.0,F,East Midlands Region,Lower Than A Level,30-40%,35-55,1.0,60.0,Y,Withdrawn,139.0,10.0,Low,1,1,0
CCC,2014J,465789.0,M,West Midlands Region,Lower Than A Level,10-20,0-35,0.0,60.0,N,Pass,4525.0,635.0,Low,1,0,1
CCC,2014J,465900.0,M,Wales,A Level or Equivalent,20-30%,0-35,0.0,60.0,N,Pass,448.0,20.0,High,1,0,1
CCC,2014J,466360.0,M,South West Region,HE Qualification,30-40%,35-55,0.0,30.0,N,Distinction,962.0,81.0,High,1,0,1
CCC,2014J,466372.0,M,Wales,Lower Than A Level,20-30%,0-35,0.0,30.0,N,Fail,566.0,0.0,Low,0,0,0
CCC,2014J,466430.0,M,South West Region,No Formal quals,30-40%,0-35,1.0,60.0,N,Withdrawn,0.0,0.0,Other,0,1,0
CCC,2014J,467144.0,M,East Anglian Region,A Level or Equivalent,80-90%,0-35,0.0,30.0,N,Withdrawn,35.0,1.0,High,1,1,0
CCC,2014J,467381.0,M,West Midlands Region,A Level or Equivalent,0-10%,0-35,0.0,60.0,N,Withdrawn,375.0,30.0,High,1,1,0
CCC,2014J,467753.0,M,Ireland,Post Graduate Qualification,,35-55,1.0,30.0,N,Withdrawn,313.0,1.0,Other,1,1,0
CCC,2014J,468623.0,F,South Region,A Level or Equivalent,90-100%,0-35,0.0,120.0,N,Withdrawn,157.0,1.0,High,1,1,0
CCC,2014J,468902.0,M,Ireland,Lower Than A Level,70-80%,0-35,0.0,30.0,N,Fail,316.0,0.0,Low,0,0,0
CCC,2014J,469281.0,M,North Region,Lower Than A Level,20-30%,35-55,0.0,55.0,N,Withdrawn,207.0,19.0,Low,1,1,0
CCC,2014J,469614.0,M,Wales,Lower Than A Level,10-20,0-35,1.0,90.0,N,Withdrawn,51.0,5.0,Low,1,1,0
CCC,2014J,469887.0,M,South East Region,A Level or Equivalent,60-70%,0-35,0.0,60.0,N,Fail,926.0,7.0,High,1,0,0
CCC,2014J,470159.0,M,North Region,A Level or Equivalent,,0-35,0.0,120.0,N,Pass,306.0,3.0,High,1,0,1
CCC,2014J,470253.0,M,East Anglian Region,A Level or Equivalent,90-100%,0-35,0.0,90.0,Y,Withdrawn,113.0,3.0,High,1,1,0
CCC,2014J,470385.0,M,East Anglian Region,HE Qualification,70-80%,0-35,0.0,30.0,N,Pass,4669.0,1339.0,High,1,0,1
CCC,2014J,470617.0,M,South West Region,Lower Than A Level,60-70%,0-35,0.0,120.0,N,Withdrawn,103.0,28.0,Low,1,1,0
CCC,2014J,470914.0,F,East Anglian Region,Lower Than A Level,40-50%,0-35,0.0,150.0,N,Withdrawn,275.0,20.0,Low,1,1,0
CCC,2014J,471027.0,F,North Western Region,HE Qualification,20-30%,35-55,0.0,60.0,N,Distinction,4987.0,1461.0,High,1,0,1
CCC,2014J,471374.0,M,Wales,A Level or Equivalent,70-80%,0-35,0.0,150.0,N,Withdrawn,0.0,0.0,High,0,1,0
CCC,2014J,471580.0,M,Yorkshire Region,Lower Than A Level,80-90%,0-35,1.0,30.0,N,Pass,2591.0,414.0,Low,1,0,1
CCC,2014J,471810.0,M,South East Region,Lower Than A Level,60-70%,35-55,0.0,90.0,N,Withdrawn,184.0,10.0,Low,1,1,0
CCC,2014J,471977.0,M,South West Region,Lower Than A Level,40-50%,0-35,0.0,150.0,N,Withdrawn,0.0,0.0,Low,0,1,0
CCC,2014J,472290.0,M,North Region,A Level or Equivalent,30-40%,0-35,0.0,60.0,N,Withdrawn,507.0,41.0,High,1,1,0
CCC,2014J,472309.0,F,London Region,Post Graduate Qualification,20-30%,35-55,1.0,60.0,N,Fail,691.0,3.0,Other,1,0,0
CCC,2014J,472616.0,M,East Anglian Region,Lower Than A Level,90-100%,0-35,0.0,150.0,N,Withdrawn,8.0,1.0,Low,1,1,0
CCC,2014J,472651.0,M,South West Region,HE Qualification,70-80%,35-55,0.0,60.0,N,Distinction,1840.0,299.0,High,1,0,1
CCC,2014J,472736.0,M,Yorkshire Region,A Level or Equivalent,50-60%,0-35,0.0,30.0,N,Pass,4630.0,864.0,High,1,0,1
CCC,2014J,472762.0,M,West Midlands Region,A Level or Equivalent,60-70%,0-35,0.0,180.0,N,Distinction,3546.0,413.0,High,1,0,1
CCC,2014J,473082.0,M,Scotland,A Level or Equivalent,90-100%,35-55,0.0,30.0,N,Withdrawn,873.0,14.0,High,1,1,0
CCC,2014J,473491.0,M,North Region,Lower Than A Level,,0-35,0.0,60.0,N,Withdrawn,1608.0,86.0,Low,1,1,0
CCC,2014J,474377.0,M,North Region,Lower Than A Level,,35-55,1.0,90.0,N,Withdrawn,0.0,0.0,Low,0,1,0
CCC,2014J,474495.0,M,South West Region,A Level or Equivalent,20-30%,0-35,0.0,60.0,N,Distinction,805.0,78.0,High,1,0,1
CCC,2014J,474628.0,M,South West Region,HE Qualification,80-90%,0-35,0.0,30.0,N,Pass,2249.0,52.0,High,1,0,1
CCC,2014J,475065.0,M,North Western Region,HE Qualification,90-100%,0-35,0.0,30.0,N,Pass,2998.0,24.0,High,1,0,1
CCC,2014J,475149.0,M,East Midlands Region,HE Qualification,80-90%,0-35,1.0,30.0,N,Pass,1145.0,329.0,High,1,0,1
CCC,2014J,475163.0,M,Wales,Lower Than A Level,20-30%,35-55,0.0,30.0,N,Withdrawn,1307.0,477.0,Low,1,1,0
CCC,2014J,475734.0,M,North Western Region,A Level or Equivalent,20-30%,35-55,0.0,60.0,N,Fail,3115.0,1338.0,High,1,0,0
CCC,2014J,477099.0,M,London Region,A Level or Equivalent,20-30%,0-35,0.0,180.0,N,Pass,3374.0,257.0,High,1,0,1
CCC,2014J,477185.0,M,South East Region,A Level or Equivalent,30-40%,35-55,0.0,90.0,N,Withdrawn,1003.0,208.0,High,1,1,0
CCC,2014J,477246.0,M,South Region,A Level or Equivalent,40-50%,0-35,0.0,30.0,N,Withdrawn,0.0,0.0,High,0,1,0
CCC,2014J,477488.0,F,North Region,HE Qualification,,0-35,0.0,85.0,N,Withdrawn,0.0,0.0,High,0,1,0
CCC,2014J,478346.0,M,South East Region,HE Qualification,20-30%,0-35,0.0,60.0,N,Pass,1415.0,132.0,High,1,0,1
CCC,2014J,478496.0,F,North Region,A Level or Equivalent,10-20,0-35,0.0,120.0,N,Fail,3.0,0.0,High,0,0,0
CCC,2014J,478513.0,M,East Midlands Region,Lower Than A Level,60-70%,0-35,0.0,90.0,N,Pass,3420.0,24.0,Low,1,0,1
CCC,2014J,478562.0,M,East Midlands Region,A Level or Equivalent,10-20,0-35,0.0,60.0,N,Withdrawn,249.0,7.0,High,1,1,0
CCC,2014J,479522.0,F,London Region,A Level or Equivalent,40-50%,35-55,0.0,120.0,N,Pass,1928.0,335.0,High,1,0,1
CCC,2014J,479649.0,M,South Region,A Level or Equivalent,0-10%,0-35,0.0,60.0,N,Withdrawn,227.0,4.0,High,1,1,0
CCC,2014J,479987.0,M,Scotland,HE Qualification,60-70%,0-35,0.0,60.0,N,Withdrawn,426.0,30.0,High,1,1,0
CCC,2014J,480115.0,M,South East Region,A Level or Equivalent,70-80%,0-35,0.0,60.0,N,Pass,2663.0,834.0,High,1,0,1
CCC,2014J,481169.0,M,London Region,A Level or Equivalent,50-60%,35-55,0.0,60.0,N,Withdrawn,7551.0,2.0,High,1,1,0
CCC,2014J,481314.0,M,London Region,A Level or Equivalent,30-40%,35-55,0.0,30.0,N,Pass,1537.0,120.0,High,1,0,1
CCC,2014J,481350.0,F,Yorkshire Region,A Level or Equivalent,10-20,0-35,0.0,90.0,N,Withdrawn,1912.0,48.0,High,1,1,0
CCC,2014J,481618.0,M,South East Region,A Level or Equivalent,40-50%,0-35,0.0,60.0,N,Withdrawn,60.0,12.0,High,1,1,0
CCC,2014J,482145.0,F,London Region,A Level or Equivalent,80-90%,0-35,0.0,30.0,N,Fail,421.0,21.0,High,1,0,0
CCC,2014J,482751.0,F,Yorkshire Region,A Level or Equivalent,50-60%,0-35,0.0,90.0,N,Withdrawn,93.0,0.0,High,0,1,0
CCC,2014J,482868.0,M,South East Region,Lower Than A Level,60-70%,0-35,0.0,60.0,N,Withdrawn,172.0,26.0,Low,1,1,0
CCC,2014J,482938.0,M,South East Region,Lower Than A Level,30-40%,35-55,0.0,180.0,N,Withdrawn,381.0,16.0,Low,1,1,0
CCC,2014J,483108.0,F,North Western Region,A Level or Equivalent,80-90%,0-35,1.0,30.0,N,Fail,1026.0,80.0,High,1,0,0
CCC,2014J,483543.0,M,North Region,HE Qualification,,0-35,0.0,60.0,N,Pass,1133.0,205.0,High,1,0,1
CCC,2014J,483666.0,F,Wales,Lower Than A Level,60-70%,35-55,1.0,30.0,N,Withdrawn,504.0,0.0,Low,0,1,0
CCC,2014J,483793.0,M,South Region,Lower Than A Level,70-80%,0-35,0.0,30.0,N,Fail,334.0,30.0,Low,1,0,0
CCC,2014J,483858.0,F,Scotland,A Level or Equivalent,70-80%,0-35,0.0,60.0,N,Pass,1081.0,410.0,High,1,0,1
CCC,2014J,484223.0,F,Ireland,Lower Than A Level,90-100%,0-35,0.0,90.0,N,Pass,877.0,24.0,Low,1,0,1
CCC,2014J,484435.0,F,Scotland,HE Qualification,20-30%,35-55,0.0,60.0,N,Distinction,281.0,9.0,High,1,0,1
CCC,2014J,484787.0,F,North Western Region,A Level or Equivalent,70-80%,0-35,1.0,30.0,N,Withdrawn,220.0,0.0,High,0,1,0
CCC,2014J,485920.0,M,East Anglian Region,Lower Than A Level,60-70%,0-35,0.0,30.0,N,Withdrawn,315.0,0.0,Low,0,1,0
CCC,2014J,485949.0,F,London Region,HE Qualification,0-10%,0-35,0.0,180.0,N,Withdrawn,0.0,0.0,High,0,1,0
CCC,2014J,486300.0,M,East Midlands Region,A Level or Equivalent,10-20,0-35,0.0,30.0,N,Fail,57.0,0.0,High,0,0,0
CCC,2014J,486877.0,M,South East Region,A Level or Equivalent,60-70%,0-35,0.0,30.0,N,Withdrawn,228.0,35.0,High,1,1,0
CCC,2014J,487314.0,M,Wales,HE Qualification,70-80%,0-35,0.0,60.0,N,Pass,892.0,88.0,High,1,0,1
CCC,2014J,487570.0,F,East Anglian Region,A Level or Equivalent,90-100%,35-55,1.0,60.0,N,Withdrawn,214.0,0.0,High,0,1,0
CCC,2014J,488192.0,F,North Region,A Level or Equivalent,,0-35,0.0,120.0,N,Withdrawn,0.0,0.0,High,0,1,0
CCC,2014J,488617.0,M,South West Region,Lower Than A Level,60-70%,0-35,0.0,60.0,N,Fail,0.0,0.0,Low,0,0,0
CCC,2014J,488755.0,F,East Anglian Region,HE Qualification,70-80%,35-55,0.0,30.0,N,Withdrawn,149.0,5.0,High,1,1,0
CCC,2014J,489990.0,F,North Western Region,Lower Than A Level,40-50%,0-35,0.0,150.0,N,Withdrawn,0.0,0.0,Low,0,1,0
CCC,2014J,490313.0,M,East Anglian Region,A Level or Equivalent,50-60%,0-35,0.0,30.0,N,Withdrawn,421.0,0.0,High,0,1,0
CCC,2014J,490394.0,M,South East Region,Lower Than A Level,60-70%,0-35,0.0,30.0,N,Pass,420.0,12.0,Low,1,0,1
CCC,2014J,490443.0,M,North Western Region,A Level or Equivalent,0-10%,0-35,0.0,60.0,N,Withdrawn,1.0,0.0,High,0,1,0
CCC,2014J,490542.0,F,East Anglian Region,Lower Than A Level,40-50%,0-35,0.0,180.0,N,Withdrawn,0.0,0.0,Low,0,1,0
CCC,2014J,491033.0,M,Scotland,Lower Than A Level,0-10%,0-35,0.0,120.0,N,Withdrawn,108.0,22.0,Low,1,1,0
CCC,2014J,491926.0,M,Wales,Lower Than A Level,10-20,35-55,0.0,90.0,Y,Withdrawn,528.0,106.0,Low,1,1,0
CCC,2014J,492020.0,M,London Region,HE Qualification,40-50%,35-55,0.0,30.0,N,Withdrawn,105.0,0.0,High,0,1,0
CCC,2014J,492357.0,M,East Midlands Region,A Level or Equivalent,70-80%,35-55,1.0,30.0,N,Pass,4904.0,2757.0,High,1,0,1
CCC,2014J,492537.0,M,London Region,Lower Than A Level,70-80%,0-35,0.0,30.0,Y,Fail,62.0,4.0,Low,1,0,0
CCC,2014J,492613.0,F,Yorkshire Region,A Level or Equivalent,70-80%,0-35,0.0,60.0,N,Withdrawn,182.0,33.0,High,1,1,0
CCC,2014J,493416.0,M,South West Region,Lower Than A Level,40-50%,0-35,0.0,90.0,N,Pass,680.0,122.0,Low,1,0,1
CCC,2014J,494211.0,M,East Anglian Region,A Level or Equivalent,50-60%,35-55,0.0,60.0,N,Withdrawn,907.0,61.0,High,1,1,0
CCC,2014J,494498.0,F,North Western Region,A Level or Equivalent,30-40%,0-35,0.0,90.0,N,Withdrawn,506.0,5.0,High,1,1,0
CCC,2014J,494829.0,F,North Western Region,Lower Than A Level,20-30%,35-55,0.0,60.0,N,Withdrawn,1506.0,1.0,Low,1,1,0
CCC,2014J,494911.0,F,South Region,Lower Than A Level,50-60%,0-35,0.0,30.0,N,Withdrawn,59.0,5.0,Low,1,1,0
CCC,2014J,495438.0,F,East Anglian Region,Lower Than A Level,50-60%,0-35,0.0,30.0,N,Pass,1673.0,55.0,Low,1,0,1
CCC,2014J,496355.0,M,Yorkshire Region,A Level or Equivalent,80-90%,0-35,0.0,60.0,N,Pass,368.0,2.0,High,1,0,1
CCC,2014J,496530.0,M,East Midlands Region,Lower Than A Level,70-80%,0-35,0.0,60.0,N,Fail,168.0,30.0,Low,1,0,0
CCC,2014J,496845.0,M,South Region,A Level or Equivalent,50-60%,0-35,0.0,150.0,N,Pass,1956.0,256.0,High,1,0,1
CCC,2014J,497536.0,F,Ireland,Lower Than A Level,0-10%,0-35,0.0,120.0,N,Withdrawn,195.0,2.0,Low,1,1,0
CCC,2014J,497955.0,F,Ireland,A Level or Equivalent,80-90%,0-35,0.0,30.0,N,Withdrawn,253.0,16.0,High,1,1,0
CCC,2014J,498225.0,M,South Region,HE Qualification,70-80%,35-55,1.0,30.0,N,Withdrawn,17.0,0.0,High,0,1,0
CCC,2014J,498236.0,M,North Region,HE Qualification,20-30%,0-35,0.0,60.0,N,Pass,1428.0,225.0,High,1,0,1
CCC,2014J,498459.0,F,East Anglian Region,HE Qualification,90-100%,0-35,0.0,90.0,N,Distinction,3861.0,486.0,High,1,0,1
CCC,2014J,498602.0,M,Scotland,A Level or Equivalent,70-80%,0-35,0.0,90.0,N,Fail,253.0,0.0,High,0,0,0
CCC,2014J,498828.0,M,East Anglian Region,A Level or Equivalent,20-30%,0-35,0.0,120.0,N,Pass,744.0,102.0,High,1,0,1
CCC,2014J,499420.0,M,West Midlands Region,A Level or Equivalent,60-70%,0-35,0.0,60.0,N,Distinction,1467.0,334.0,High,1,0,1
CCC,2014J,499683.0,M,South West Region,Lower Than A Level,20-30%,35-55,0.0,60.0,N,Withdrawn,278.0,0.0,Low,0,1,0
CCC,2014J,499703.0,F,South West Region,A Level or Equivalent,50-60%,0-35,0.0,120.0,N,Distinction,1649.0,246.0,High,1,0,1
CCC,2014J,499813.0,M,North Region,A Level or Equivalent,,0-35,0.0,150.0,N,Distinction,2827.0,210.0,High,1,0,1
CCC,2014J,499848.0,F,West Midlands Region,Lower Than A Level,50-60%,0-35,0.0,90.0,N,Fail,845.0,7.0,Low,1,0,0
CCC,2014J,500031.0,F,South West Region,Lower Than A Level,80-90%,35-55,0.0,60.0,N,Withdrawn,1.0,0.0,Low,0,1,0
CCC,2014J,500189.0,M,Scotland,A Level or Equivalent,80-90%,0-35,1.0,30.0,N,Fail,1257.0,255.0,High,1,0,0
CCC,2014J,500339.0,M,North Western Region,Lower Than A Level,70-80%,0-35,0.0,120.0,N,Withdrawn,20.0,4.0,Low,1,1,0
CCC,2014J,500440.0,M,London Region,A Level or Equivalent,30-40%,0-35,0.0,90.0,N,Withdrawn,7.0,0.0,High,0,1,0
CCC,2014J,501146.0,M,South East Region,HE Qualification,90-100%,0-35,0.0,60.0,N,Fail,3407.0,683.0,High,1,0,0
CCC,2014J,501617.0,F,Ireland,Lower Than A Level,,0-35,0.0,30.0,N,Distinction,1335.0,0.0,Low,0,0,1
CCC,2014J,501867.0,M,London Region,HE Qualification,20-30%,0-35,1.0,60.0,N,Pass,843.0,201.0,High,1,0,1
CCC,2014J,501897.0,M,West Midlands Region,A Level or Equivalent,20-30%,0-35,0.0,150.0,N,Withdrawn,92.0,3.0,High,1,1,0
CCC,2014J,502004.0,M,North Western Region,A Level or Equivalent,40-50%,35-55,0.0,60.0,N,Withdrawn,299.0,40.0,High,1,1,0
CCC,2014J,502353.0,M,South West Region,Lower Than A Level,60-70%,0-35,0.0,120.0,N,Withdrawn,215.0,10.0,Low,1,1,0
CCC,2014J,502356.0,M,Wales,A Level or Equivalent,0-10%,0-35,0.0,60.0,N,Pass,1249.0,115.0,High,1,0,1
CCC,2014J,502766.0,F,South West Region,A Level or Equivalent,90-100%,35-55,0.0,60.0,N,Distinction,3428.0,84.0,High,1,0,1
CCC,2014J,503400.0,M,North Western Region,A Level or Equivalent,50-60%,0-35,0.0,30.0,N,Withdrawn,19.0,3.0,High,1,1,0
CCC,2014J,503457.0,F,Scotland,A Level or Equivalent,40-50%,0-35,0.0,30.0,N,Pass,8108.0,377.0,High,1,0,1
CCC,2014J,503610.0,M,South West Region,A Level or Equivalent,30-40%,0-35,1.0,120.0,N,Pass,315.0,15.0,High,1,0,1
CCC,2014J,503710.0,M,West Midlands Region,HE Qualification,30-40%,35-55,0.0,120.0,N,Pass,1220.0,53.0,High,1,0,1
CCC,2014J,503779.0,M,London Region,Lower Than A Level,10-20,35-55,0.0,60.0,Y,Distinction,3791.0,987.0,Low,1,0,1
CCC,2014J,504363.0,M,London Region,A Level or Equivalent,10-20,0-35,0.0,150.0,N,Distinction,1888.0,18.0,High,1,0,1
CCC,2014J,505108.0,M,North Western Region,HE Qualification,70-80%,0-35,0.0,60.0,N,Pass,2579.0,2.0,High,1,0,1
CCC,2014J,505403.0,M,London Region,A Level or Equivalent,70-80%,0-35,0.0,60.0,N,Withdrawn,146.0,8.0,High,1,1,0
CCC,2014J,505700.0,M,West Midlands Region,Lower Than A Level,30-40%,0-35,0.0,60.0,N,Withdrawn,650.0,30.0,Low,1,1,0
CCC,2014J,505722.0,M,North Western Region,A Level or Equivalent,0-10%,35-55,0.0,30.0,N,Fail,943.0,42.0,High,1,0,0
CCC,2014J,505815.0,M,Yorkshire Region,A Level or Equivalent,40-50%,0-35,1.0,30.0,Y,Withdrawn,273.0,75.0,High,1,1,0
CCC,2014J,505930.0,M,North Region,A Level or Equivalent,,35-55,0.0,60.0,N,Fail,427.0,5.0,High,1,0,0
CCC,2014J,505967.0,F,East Midlands Region,Lower Than A Level,30-40%,35-55,1.0,120.0,N,Withdrawn,179.0,29.0,Low,1,1,0
CCC,2014J,506144.0,M,Scotland,A Level or Equivalent,40-50%,0-35,1.0,30.0,N,Pass,611.0,5.0,High,1,0,1
CCC,2014J,506543.0,M,South East Region,Lower Than A Level,90-100%,0-35,0.0,60.0,N,Pass,2886.0,7.0,Low,1,0,1
CCC,2014J,506705.0,M,South West Region,A Level or Equivalent,80-90%,0-35,0.0,120.0,N,Pass,320.0,5.0,High,1,0,1
CCC,2014J,507031.0,M,Scotland,A Level or Equivalent,90-100%,35-55,0.0,120.0,N,Withdrawn,66.0,2.0,High,1,1,0
CCC,2014J,507344.0,M,West Midlands Region,A Level or Equivalent,30-40%,0-35,0.0,60.0,N,Pass,1082.0,168.0,High,1,0,1
CCC,2014J,507671.0,F,North Western Region,A Level or Equivalent,20-30%,0-35,1.0,30.0,N,Withdrawn,540.0,47.0,High,1,1,0
CCC,2014J,508244.0,F,London Region,HE Qualification,50-60%,0-35,0.0,30.0,N,Withdrawn,484.0,111.0,High,1,1,0
CCC,2014J,508295.0,F,East Anglian Region,A Level or Equivalent,70-80%,0-35,0.0,150.0,Y,Withdrawn,240.0,14.0,High,1,1,0
CCC,2014J,508637.0,M,Scotland,HE Qualification,20-30%,0-35,0.0,60.0,N,Distinction,3394.0,759.0,High,1,0,1
CCC,2014J,508775.0,M,North Region,A Level or Equivalent,60-70%,0-35,0.0,90.0,N,Withdrawn,947.0,325.0,High,1,1,0
CCC,2014J,509148.0,M,South East Region,HE Qualification,40-50%,0-35,0.0,120.0,N,Withdrawn,204.0,1.0,High,1,1,0
CCC,2014J,509150.0,M,North Region,Lower Than A Level,,35-55,0.0,60.0,N,Withdrawn,1649.0,573.0,Low,1,1,0
CCC,2014J,509177.0,M,Yorkshire Region,Lower Than A Level,20-30%,0-35,0.0,90.0,N,Withdrawn,5.0,0.0,Low,0,1,0
CCC,2014J,509710.0,M,Scotland,Lower Than A Level,10-20,35-55,0.0,30.0,N,Fail,242.0,9.0,Low,1,0,0
CCC,2014J,510054.0,M,North Region,A Level or Equivalent,,0-35,0.0,30.0,N,Pass,839.0,2.0,High,1,0,1
CCC,2014J,510070.0,F,Scotland,HE Qualification,20-30%,0-35,1.0,30.0,N,Withdrawn,1449.0,252.0,High,1,1,0
CCC,2014J,510266.0,M,Scotland,A Level or Equivalent,20-30%,35-55,0.0,60.0,N,Fail,2991.0,1197.0,High,1,0,0
CCC,2014J,510401.0,M,Yorkshire Region,HE Qualification,70-80%,0-35,0.0,90.0,N,Withdrawn,59.0,1.0,High,1,1,0
CCC,2014J,510460.0,M,North Region,HE Qualification,30-40%,35-55,0.0,60.0,N,Withdrawn,336.0,40.0,High,1,1,0
CCC,2014J,510846.0,M,South West Region,Lower Than A Level,10-20,35-55,0.0,60.0,N,Withdrawn,105.0,21.0,Low,1,1,0
CCC,2014J,511258.0,M,Scotland,HE Qualification,90-100%,55<=,0.0,30.0,N,Pass,7717.0,720.0,High,1,0,1
CCC,2014J,511350.0,M,Yorkshire Region,Lower Than A Level,20-30%,0-35,0.0,90.0,Y,Fail,176.0,0.0,Low,0,0,0
CCC,2014J,511612.0,M,East Midlands Region,Lower Than A Level,70-80%,0-35,0.0,90.0,N,Withdrawn,578.0,35.0,Low,1,1,0
CCC,2014J,511859.0,M,South West Region,Lower Than A Level,0-10%,0-35,0.0,120.0,N,Withdrawn,0.0,0.0,Low,0,1,0
CCC,2014J,512257.0,M,London Region,HE Qualification,50-60%,35-55,0.0,30.0,N,Fail,1025.0,1.0,High,1,0,0
CCC,2014J,512259.0,M,South Region,Lower Than A Level,70-80%,35-55,0.0,60.0,N,Pass,879.0,106.0,Low,1,0,1
CCC,2014J,512330.0,F,East Anglian Region,Lower Than A Level,40-50%,0-35,0.0,150.0,Y,Fail,77.0,0.0,Low,0,0,0
CCC,2014J,512546.0,M,Scotland,A Level or Equivalent,30-40%,0-35,0.0,30.0,N,Withdrawn,166.0,3.0,High,1,1,0
CCC,2014J,512852.0,F,East Anglian Region,A Level or Equivalent,50-60%,0-35,0.0,60.0,N,Distinction,1731.0,3.0,High,1,0,1
CCC,2014J,512861.0,F,South West Region,A Level or Equivalent,40-50%,0-35,0.0,90.0,N,Withdrawn,0.0,0.0,High,0,1,0
CCC,2014J,513918.0,M,North Region,Lower Than A Level,10-20,0-35,0.0,60.0,Y,Withdrawn,0.0,0.0,Low,0,1,0
CCC,2014J,513969.0,F,South East Region,A Level or Equivalent,40-50%,0-35,1.0,120.0,N,Pass,283.0,3.0,High,1,0,1
CCC,2014J,514504.0,M,East Midlands Region,Lower Than A Level,20-30%,0-35,0.0,30.0,N,Withdrawn,460.0,0.0,Low,0,1,0
CCC,2014J,515125.0,M,London Region,A Level or Equivalent,50-60%,0-35,0.0,150.0,N,Fail,20.0,0.0,High,0,0,0
CCC,2014J,515426.0,F,South Region,A Level or Equivalent,80-90%,0-35,0.0,60.0,N,Fail,2001.0,0.0,High,0,0,0
CCC,2014J,515491.0,M,Ireland,HE Qualification,90-100%,0-35,0.0,60.0,N,Pass,2177.0,5.0,High,1,0,1
CCC,2014J,515734.0,F,North Region,A Level or Equivalent,50-60%,35-55,1.0,30.0,N,Fail,1086.0,145.0,High,1,0,0
CCC,2014J,515857.0,M,East Midlands Region,Lower Than A Level,10-20,35-55,0.0,60.0,N,Pass,1205.0,8.0,Low,1,0,1
CCC,2014J,517223.0,M,Yorkshire Region,A Level or Equivalent,40-50%,0-35,0.0,120.0,N,Fail,100.0,0.0,High,0,0,0
CCC,2014J,517416.0,M,Wales,A Level or Equivalent,0-10%,0-35,0.0,60.0,N,Distinction,3436.0,1320.0,High,1,0,1
CCC,2014J,518134.0,M,Scotland,Lower Than A Level,30-40%,0-35,0.0,60.0,N,Fail,333.0,23.0,Low,1,0,0
CCC,2014J,518359.0,M,Ireland,Post Graduate Qualification,,35-55,0.0,60.0,N,Distinction,1629.0,127.0,Other,1,0,1
CCC,2014J,518503.0,M,South East Region,Lower Than A Level,60-70%,0-35,0.0,60.0,N,Withdrawn,169.0,1.0,Low,1,1,0
CCC,2014J,519057.0,F,South West Region,A Level or Equivalent,20-30%,0-35,0.0,120.0,N,Pass,342.0,12.0,High,1,0,1
CCC,2014J,519116.0,F,South Region,A Level or Equivalent,80-90%,0-35,0.0,120.0,N,Withdrawn,715.0,44.0,High,1,1,0
CCC,2014J,519506.0,F,South West Region,Lower Than A Level,80-90%,0-35,0.0,60.0,N,Pass,266.0,0.0,Low,0,0,1
CCC,2014J,519684.0,M,Scotland,HE Qualification,70-80%,0-35,0.0,30.0,N,Withdrawn,461.0,66.0,High,1,1,0
CCC,2014J,519879.0,F,South Region,A Level or Equivalent,90-100%,55<=,0.0,60.0,N,Withdrawn,105.0,5.0,High,1,1,0
CCC,2014J,520077.0,M,South Region,Lower Than A Level,30-40%,35-55,0.0,90.0,N,Fail,3181.0,877.0,Low,1,0,0
CCC,2014J,520332.0,M,Scotland,A Level or Equivalent,10-20,0-35,1.0,60.0,N,Pass,2090.0,224.0,High,1,0,1
CCC,2014J,520750.0,M,Wales,HE Qualification,40-50%,0-35,0.0,90.0,N,Fail,87.0,2.0,High,1,0,0
CCC,2014J,520854.0,F,West Midlands Region,Lower Than A Level,80-90%,0-35,0.0,120.0,N,Withdrawn,16.0,0.0,Low,0,1,0
CCC,2014J,521115.0,M,North Western Region,HE Qualification,10-20,0-35,0.0,120.0,N,Pass,819.0,119.0,High,1,0,1
CCC,2014J,521292.0,M,South Region,HE Qualification,60-70%,0-35,0.0,60.0,N,Pass,597.0,3.0,High,1,0,1
CCC,2014J,522004.0,F,South East Region,Lower Than A Level,40-50%,0-35,0.0,60.0,N,Withdrawn,275.0,4.0,Low,1,1,0
CCC,2014J,522257.0,M,Yorkshire Region,Lower Than A Level,0-10%,0-35,0.0,60.0,N,Pass,1787.0,138.0,Low,1,0,1
CCC,2014J,522525.0,M,East Midlands Region,Lower Than A Level,0-10%,0-35,0.0,90.0,N,Pass,1762.0,349.0,Low,1,0,1
CCC,2014J,522534.0,F,East Anglian Region,A Level or Equivalent,70-80%,0-35,0.0,30.0,N,Withdrawn,696.0,15.0,High,1,1,0
CCC,2014J,522708.0,M,South West Region,A Level or Equivalent,60-70%,0-35,0.0,90.0,N,Fail,341.0,1.0,High,1,0,0
CCC,2014J,522754.0,M,South West Region,A Level or Equivalent,0-10%,0-35,0.0,60.0,Y,Pass,301.0,29.0,High,1,0,1
CCC,2014J,522924.0,M,London Region,HE Qualification,20-30%,35-55,0.0,30.0,N,Withdrawn,433.0,14.0,High,1,1,0
CCC,2014J,523239.0,M,Wales,Lower Than A Level,20-30%,0-35,1.0,30.0,N,Fail,423.0,76.0,Low,1,0,0
CCC,2014J,523334.0,M,East Anglian Region,Lower Than A Level,40-50%,0-35,0.0,30.0,N,Withdrawn,344.0,47.0,Low,1,1,0
CCC,2014J,523762.0,M,Yorkshire Region,A Level or Equivalent,10-20,0-35,0.0,120.0,N,Pass,728.0,4.0,High,1,0,1
CCC,2014J,523817.0,M,South Region,A Level or Equivalent,90-100%,0-35,0.0,90.0,N,Withdrawn,45.0,0.0,High,0,1,0
CCC,2014J,523872.0,M,South Region,Lower Than A Level,50-60%,0-35,0.0,60.0,N,Pass,2097.0,172.0,Low,1,0,1
CCC,2014J,523944.0,M,North Western Region,A Level or Equivalent,30-40%,35-55,0.0,60.0,Y,Pass,3157.0,476.0,High,1,0,1
CCC,2014J,524019.0,M,South Region,Lower Than A Level,10-20,0-35,0.0,60.0,N,Withdrawn,534.0,63.0,Low,1,1,0
CCC,2014J,524170.0,M,Yorkshire Region,HE Qualification,60-70%,0-35,0.0,30.0,N,Withdrawn,244.0,33.0,High,1,1,0
CCC,2014J,524276.0,M,Scotland,HE Qualification,90-100%,35-55,0.0,30.0,N,Withdrawn,128.0,4.0,High,1,1,0
CCC,2014J,524431.0,F,South Region,A Level or Equivalent,0-10%,0-35,0.0,60.0,N,Withdrawn,2.0,0.0,High,0,1,0
CCC,2014J,524851.0,M,Yorkshire Region,Lower Than A Level,60-70%,0-35,0.0,30.0,N,Withdrawn,51.0,4.0,Low,1,1,0
CCC,2014J,525060.0,F,Scotland,A Level or Equivalent,20-30%,0-35,0.0,90.0,N,Withdrawn,213.0,0.0,High,0,1,0
CCC,2014J,526124.0,M,North Western Region,Lower Than A Level,40-50%,35-55,0.0,30.0,N,Withdrawn,108.0,0.0,Low,0,1,0
CCC,2014J,526132.0,M,East Midlands Region,A Level or Equivalent,0-10%,0-35,0.0,30.0,Y,Withdrawn,100.0,0.0,High,0,1,0
CCC,2014J,526235.0,M,Yorkshire Region,HE Qualification,40-50%,35-55,1.0,90.0,N,Fail,1037.0,162.0,High,1,0,0
CCC,2014J,526441.0,M,South East Region,Lower Than A Level,60-70%,0-35,0.0,150.0,N,Fail,672.0,103.0,Low,1,0,0
CCC,2014J,526601.0,M,South Region,Lower Than A Level,90-100%,35-55,0.0,60.0,N,Withdrawn,333.0,10.0,Low,1,1,0
CCC,2014J,526741.0,F,East Midlands Region,A Level or Equivalent,70-80%,35-55,0.0,30.0,N,Fail,827.0,0.0,High,0,0,0
CCC,2014J,527958.0,M,West Midlands Region,Lower Than A Level,30-40%,0-35,0.0,90.0,N,Withdrawn,366.0,4.0,Low,1,1,0
CCC,2014J,528021.0,M,South Region,Lower Than A Level,90-100%,0-35,1.0,30.0,N,Withdrawn,203.0,15.0,Low,1,1,0
CCC,2014J,528290.0,F,West Midlands Region,A Level or Equivalent,70-80%,35-55,0.0,30.0,N,Withdrawn,658.0,110.0,High,1,1,0
CCC,2014J,528506.0,M,South Region,HE Qualification,90-100%,0-35,0.0,60.0,N,Pass,425.0,8.0,High,1,0,1
CCC,2014J,528700.0,M,South Region,HE Qualification,80-90%,35-55,0.0,30.0,N,Withdrawn,216.0,0.0,High,0,1,0
CCC,2014J,529179.0,M,Wales,Lower Than A Level,0-10%,35-55,0.0,90.0,N,Withdrawn,1.0,0.0,Low,0,1,0
CCC,2014J,529309.0,M,East Midlands Region,A Level or Equivalent,40-50%,0-35,0.0,90.0,N,Withdrawn,183.0,1.0,High,1,1,0
CCC,2014J,529512.0,M,Scotland,A Level or Equivalent,30-40%,0-35,0.0,60.0,N,Withdrawn,41.0,2.0,High,1,1,0
CCC,2014J,529550.0,F,East Anglian Region,A Level or Equivalent,70-80%,35-55,0.0,30.0,N,Withdrawn,844.0,15.0,High,1,1,0
CCC,2014J,529723.0,M,South West Region,A Level or Equivalent,40-50%,0-35,0.0,90.0,N,Withdrawn,170.0,23.0,High,1,1,0
CCC,2014J,529975.0,M,Ireland,Lower Than A Level,10-20,0-35,0.0,30.0,N,Fail,142.0,10.0,Low,1,0,0
CCC,2014J,530663.0,F,South Region,A Level or Equivalent,50-60%,0-35,0.0,150.0,N,Pass,1202.0,93.0,High,1,0,1
CCC,2014J,531674.0,F,West Midlands Region,Lower Than A Level,60-70%,0-35,0.0,60.0,N,Withdrawn,0.0,0.0,Low,0,1,0
CCC,2014J,531896.0,M,South Region,A Level or Equivalent,90-100%,0-35,0.0,30.0,N,Fail,955.0,60.0,High,1,0,0
CCC,2014J,532440.0,M,South East Region,Lower Than A Level,60-70%,0-35,1.0,60.0,N,Pass,2275.0,93.0,Low,1,0,1
CCC,2014J,532565.0,M,Yorkshire Region,Lower Than A Level,90-100%,0-35,1.0,30.0,N,Fail,1173.0,379.0,Low,1,0,0
CCC,2014J,532649.0,M,Scotland,HE Qualification,70-80%,0-35,0.0,30.0,N,Fail,157.0,1.0,High,1,0,0
CCC,2014J,532744.0,M,East Anglian Region,Lower Than A Level,20-30%,35-55,0.0,120.0,N,Withdrawn,0.0,0.0,Low,0,1,0
CCC,2014J,532846.0,M,South West Region,Lower Than A Level,30-40%,0-35,0.0,60.0,N,Withdrawn,444.0,11.0,Low,1,1,0
CCC,2014J,533006.0,F,North Western Region,A Level or Equivalent,20-30%,0-35,0.0,120.0,N,Withdrawn,131.0,52.0,High,1,1,0
CCC,2014J,533512.0,F,East Anglian Region,Lower Than A Level,40-50%,0-35,0.0,60.0,N,Fail,325.0,0.0,Low,0,0,0
CCC,2014J,533689.0,F,Wales,A Level or Equivalent,20-30%,0-35,0.0,30.0,N,Fail,365.0,0.0,High,0,0,0
CCC,2014J,534074.0,M,East Anglian Region,HE Qualification,70-80%,35-55,1.0,30.0,N,Withdrawn,89.0,6.0,High,1,1,0
CCC,2014J,534093.0,M,Yorkshire Region,A Level or Equivalent,60-70%,35-55,0.0,60.0,N,Pass,1778.0,59.0,High,1,0,1
CCC,2014J,534203.0,M,Yorkshire Region,Lower Than A Level,0-10%,0-35,0.0,60.0,N,Withdrawn,530.0,349.0,Low,1,1,0
CCC,2014J,534733.0,M,South Region,HE Qualification,90-100%,0-35,0.0,60.0,N,Pass,1465.0,25.0,High,1,0,1
CCC,2014J,535161.0,M,West Midlands Region,Lower Than A Level,80-90%,0-35,0.0,60.0,N,Fail,977.0,201.0,Low,1,0,0
CCC,2014J,535259.0,M,East Midlands Region,HE Qualification,80-90%,35-55,0.0,30.0,N,Fail,2972.0,505.0,High,1,0,0
CCC,2014J,535648.0,F,North Western Region,A Level or Equivalent,0-10%,0-35,0.0,30.0,N,Pass,1583.0,6.0,High,1,0,1
CCC,2014J,536276.0,M,South East Region,Lower Than A Level,50-60%,35-55,0.0,60.0,N,Pass,1729.0,85.0,Low,1,0,1
CCC,2014J,536736.0,M,London Region,HE Qualification,10-20,0-35,0.0,120.0,N,Withdrawn,265.0,9.0,High,1,1,0
CCC,2014J,536825.0,M,South East Region,A Level or Equivalent,40-50%,0-35,0.0,30.0,N,Withdrawn,126.0,3.0,High,1,1,0
CCC,2014J,537654.0,M,North Region,A Level or Equivalent,40-50%,0-35,1.0,30.0,Y,Pass,2787.0,6.0,High,1,0,1
CCC,2014J,537811.0,F,East Midlands Region,A Level or Equivalent,50-60%,0-35,0.0,120.0,Y,Distinction,6277.0,3240.0,High,1,0,1
CCC,2014J,539408.0,M,West Midlands Region,Lower Than A Level,20-30%,0-35,0.0,30.0,N,Withdrawn,375.0,0.0,Low,0,1,0
CCC,2014J,539451.0,M,London Region,Lower Than A Level,10-20,55<=,0.0,60.0,N,Fail,405.0,39.0,Low,1,0,0
CCC,2014J,539727.0,M,South West Region,A Level or Equivalent,30-40%,0-35,0.0,90.0,N,Withdrawn,401.0,33.0,High,1,1,0
CCC,2014J,540509.0,M,South East Region,Lower Than A Level,30-40%,0-35,1.0,60.0,N,Withdrawn,419.0,29.0,Low,1,1,0
CCC,2014J,540694.0,M,South West Region,A Level or Equivalent,60-70%,0-35,0.0,60.0,N,Withdrawn,495.0,15.0,High,1,1,0
CCC,2014J,540885.0,M,West Midlands Region,Lower Than A Level,0-10%,0-35,0.0,240.0,N,Withdrawn,0.0,0.0,Low,0,1,0
CCC,2014J,541040.0,M,East Midlands Region,Lower Than A Level,0-10%,0-35,0.0,60.0,N,Withdrawn,634.0,12.0,Low,1,1,0
CCC,2014J,541482.0,M,East Anglian Region,Lower Than A Level,0-10%,0-35,0.0,60.0,N,Fail,1130.0,23.0,Low,1,0,0
CCC,2014J,541531.0,M,South East Region,A Level or Equivalent,30-40%,35-55,0.0,60.0,N,Pass,1495.0,51.0,High,1,0,1
CCC,2014J,541538.0,M,Yorkshire Region,A Level or Equivalent,20-30%,0-35,0.0,30.0,N,Pass,786.0,72.0,High,1,0,1
CCC,2014J,541708.0,M,South West Region,A Level or Equivalent,70-80%,35-55,0.0,30.0,N,Distinction,2879.0,26.0,High,1,0,1
CCC,2014J,542054.0,M,North Western Region,A Level or Equivalent,0-10%,0-35,0.0,30.0,N,Withdrawn,415.0,6.0,High,1,1,0
CCC,2014J,542134.0,M,Wales,HE Qualification,50-60%,35-55,0.0,60.0,N,Withdrawn,87.0,0.0,High,0,1,0
CCC,2014J,542167.0,M,Scotland,HE Qualification,50-60%,0-35,0.0,60.0,Y,Pass,1255.0,73.0,High,1,0,1
CCC,2014J,542180.0,F,South West Region,Lower Than A Level,40-50%,0-35,0.0,300.0,Y,Withdrawn,245.0,5.0,Low,1,1,0
CCC,2014J,542557.0,M,Scotland,HE Qualification,90-100%,35-55,0.0,60.0,N,Distinction,1705.0,65.0,High,1,0,1
CCC,2014J,543417.0,M,East Midlands Region,A Level or Equivalent,0-10%,0-35,1.0,60.0,N,Withdrawn,257.0,2.0,High,1,1,0
CCC,2014J,543653.0,M,London Region,A Level or Equivalent,80-90%,0-35,0.0,60.0,N,Fail,198.0,3.0,High,1,0,0
CCC,2014J,543788.0,F,South Region,A Level or Equivalent,90-100%,35-55,0.0,60.0,N,Pass,2967.0,478.0,High,1,0,1
CCC,2014J,543953.0,F,South East Region,Lower Than A Level,50-60%,35-55,0.0,90.0,N,Withdrawn,942.0,28.0,Low,1,1,0
CCC,2014J,544052.0,M,Scotland,A Level or Equivalent,40-50%,0-35,0.0,60.0,N,Pass,2042.0,248.0,High,1,0,1
CCC,2014J,544071.0,M,South Region,Lower Than A Level,90-100%,0-35,0.0,150.0,N,Withdrawn,7.0,0.0,Low,0,1,0
CCC,2014J,544267.0,M,South West Region,A Level or Equivalent,80-90%,35-55,0.0,30.0,N,Pass,4639.0,432.0,High,1,0,1
CCC,2014J,544271.0,M,South Region,A Level or Equivalent,60-70%,0-35,0.0,90.0,N,Withdrawn,0.0,0.0,High,0,1,0
CCC,2014J,544319.0,M,West Midlands Region,A Level or Equivalent,0-10%,0-35,0.0,30.0,N,Withdrawn,42.0,0.0,High,0,1,0
CCC,2014J,544720.0,M,South Region,A Level or Equivalent,70-80%,0-35,0.0,30.0,N,Fail,277.0,57.0,High,1,0,0
CCC,2014J,545118.0,M,North Western Region,A Level or Equivalent,0-10%,0-35,0.0,90.0,N,Fail,185.0,8.0,High,1,0,0
CCC,2014J,545255.0,M,East Anglian Region,A Level or Equivalent,0-10%,0-35,0.0,60.0,N,Fail,799.0,30.0,High,1,0,0
CCC,2014J,545493.0,M,Scotland,HE Qualification,90-100%,0-35,0.0,90.0,N,Withdrawn,0.0,0.0,High,0,1,0
CCC,2014J,545704.0,M,South East Region,Lower Than A Level,70-80%,0-35,0.0,60.0,Y,Pass,3408.0,109.0,Low,1,0,1
CCC,2014J,545758.0,M,West Midlands Region,Lower Than A Level,30-40%,0-35,1.0,30.0,N,Fail,178.0,39.0,Low,1,0,0
CCC,2014J,546139.0,F,North Region,A Level or Equivalent,20-30%,0-35,0.0,30.0,N,Withdrawn,228.0,10.0,High,1,1,0
CCC,2014J,546400.0,F,Scotland,A Level or Equivalent,60-70%,0-35,1.0,60.0,N,Withdrawn,27.0,7.0,High,1,1,0
CCC,2014J,546634.0,F,North Region,A Level or Equivalent,10-20,0-35,0.0,60.0,N,Withdrawn,289.0,3.0,High,1,1,0
CCC,2014J,546654.0,M,East Midlands Region,A Level or Equivalent,80-90%,0-35,0.0,150.0,Y,Pass,992.0,13.0,High,1,0,1
CCC,2014J,546934.0,M,London Region,Lower Than A Level,10-20,0-35,0.0,60.0,N,Withdrawn,271.0,21.0,Low,1,1,0
CCC,2014J,547128.0,M,Wales,A Level or Equivalent,20-30%,35-55,0.0,180.0,Y,Withdrawn,0.0,0.0,High,0,1,0
CCC,2014J,547153.0,M,Wales,A Level or Equivalent,80-90%,0-35,0.0,60.0,N,Fail,1569.0,117.0,High,1,0,0
CCC,2014J,547506.0,M,South East Region,A Level or Equivalent,0-10%,0-35,0.0,90.0,N,Withdrawn,224.0,0.0,High,0,1,0
CCC,2014J,547612.0,F,West Midlands Region,Lower Than A Level,10-20,0-35,0.0,30.0,N,Pass,776.0,11.0,Low,1,0,1
CCC,2014J,548922.0,M,Scotland,Lower Than A Level,30-40%,0-35,0.0,60.0,N,Withdrawn,101.0,1.0,Low,1,1,0
CCC,2014J,548926.0,F,East Anglian Region,A Level or Equivalent,70-80%,0-35,1.0,60.0,N,Fail,170.0,0.0,High,0,0,0
CCC,2014J,549113.0,M,London Region,A Level or Equivalent,40-50%,0-35,0.0,60.0,N,Withdrawn,174.0,18.0,High,1,1,0
CCC,2014J,549439.0,M,Scotland,Lower Than A Level,80-90%,0-35,0.0,30.0,N,Fail,1076.0,4.0,Low,1,0,0
CCC,2014J,549677.0,F,North Western Region,A Level or Equivalent,0-10%,0-35,0.0,30.0,N,Withdrawn,527.0,94.0,High,1,1,0
CCC,2014J,549687.0,F,East Midlands Region,Lower Than A Level,60-70%,35-55,0.0,30.0,N,Pass,909.0,73.0,Low,1,0,1
CCC,2014J,549706.0,F,South Region,HE Qualification,90-100%,0-35,0.0,60.0,N,Pass,1646.0,106.0,High,1,0,1
CCC,2014J,549769.0,F,Scotland,A Level or Equivalent,60-70%,0-35,0.0,110.0,N,Withdrawn,1483.0,41.0,High,1,1,0
CCC,2014J,549783.0,M,East Anglian Region,Lower Than A Level,70-80%,0-35,0.0,30.0,N,Distinction,4844.0,241.0,Low,1,0,1
CCC,2014J,549888.0,F,Scotland,A Level or Equivalent,30-40%,35-55,0.0,150.0,N,Withdrawn,696.0,10.0,High,1,1,0
CCC,2014J,549922.0,M,South East Region,A Level or Equivalent,80-90%,0-35,0.0,120.0,N,Withdrawn,21.0,0.0,High,0,1,0
CCC,2014J,550393.0,M,Yorkshire Region,Lower Than A Level,20-30%,0-35,0.0,90.0,N,Fail,150.0,7.0,Low,1,0,0
CCC,2014J,550545.0,F,Scotland,A Level or Equivalent,60-70%,0-35,1.0,90.0,N,Withdrawn,3353.0,1190.0,High,1,1,0
CCC,2014J,550702.0,F,West Midlands Region,A Level or Equivalent,10-20,0-35,0.0,210.0,N,Distinction,1438.0,117.0,High,1,0,1
CCC,2014J,550814.0,M,South West Region,Lower Than A Level,50-60%,0-35,0.0,120.0,N,Pass,362.0,5.0,Low,1,0,1
CCC,2014J,551158.0,M,Scotland,HE Qualification,40-50%,35-55,0.0,30.0,N,Withdrawn,2123.0,541.0,High,1,1,0
CCC,2014J,551214.0,M,South East Region,A Level or Equivalent,60-70%,0-35,0.0,60.0,N,Pass,401.0,42.0,High,1,0,1
CCC,2014J,551220.0,M,North Region,HE Qualification,,0-35,0.0,120.0,N,Fail,243.0,15.0,High,1,0,0
CCC,2014J,551332.0,F,North Western Region,Lower Than A Level,40-50%,0-35,0.0,120.0,N,Fail,782.0,129.0,Low,1,0,0
CCC,2014J,551397.0,M,Ireland,A Level or Equivalent,50-60%,0-35,0.0,30.0,N,Pass,4560.0,1036.0,High,1,0,1
CCC,2014J,551589.0,M,North Western Region,Lower Than A Level,20-30%,35-55,0.0,120.0,N,Withdrawn,36.0,13.0,Low,1,1,0
CCC,2014J,551772.0,M,East Anglian Region,HE Qualification,90-100%,0-35,0.0,30.0,N,Fail,519.0,9.0,High,1,0,0
CCC,2014J,551791.0,M,West Midlands Region,A Level or Equivalent,30-40%,0-35,0.0,30.0,N,Withdrawn,111.0,3.0,High,1,1,0
CCC,2014J,552220.0,M,South West Region,HE Qualification,60-70%,0-35,0.0,60.0,N,Fail,725.0,98.0,High,1,0,0
CCC,2014J,552255.0,M,North Western Region,A Level or Equivalent,20-30%,0-35,0.0,90.0,N,Withdrawn,54.0,2.0,High,1,1,0
CCC,2014J,552475.0,F,Wales,HE Qualification,0-10%,0-35,0.0,90.0,N,Withdrawn,170.0,8.0,High,1,1,0
CCC,2014J,552498.0,F,Scotland,A Level or Equivalent,50-60%,35-55,1.0,60.0,N,Pass,716.0,42.0,High,1,0,1
CCC,2014J,552666.0,M,South Region,A Level or Equivalent,50-60%,0-35,0.0,90.0,N,Withdrawn,394.0,9.0,High,1,1,0
CCC,2014J,552965.0,M,East Midlands Region,Lower Than A Level,60-70%,35-55,0.0,120.0,N,Distinction,6601.0,3146.0,Low,1,0,1
CCC,2014J,553599.0,M,Yorkshire Region,A Level or Equivalent,40-50%,0-35,0.0,60.0,N,Distinction,3862.0,435.0,High,1,0,1
CCC,2014J,553719.0,M,West Midlands Region,A Level or Equivalent,40-50%,0-35,0.0,90.0,N,Distinction,1673.0,55.0,High,1,0,1
CCC,2014J,553741.0,M,West Midlands Region,A Level or Equivalent,40-50%,0-35,1.0,120.0,N,Pass,637.0,36.0,High,1,0,1
CCC,2014J,554065.0,M,North Region,Lower Than A Level,,35-55,0.0,90.0,N,Distinction,1112.0,320.0,Low,1,0,1
CCC,2014J,554266.0,M,Scotland,Lower Than A Level,50-60%,35-55,0.0,30.0,N,Withdrawn,419.0,74.0,Low,1,1,0
CCC,2014J,554444.0,F,West Midlands Region,Lower Than A Level,10-20,0-35,0.0,60.0,N,Withdrawn,34.0,0.0,Low,0,1,0
CCC,2014J,554459.0,M,North Western Region,A Level or Equivalent,40-50%,0-35,0.0,60.0,N,Fail,594.0,16.0,High,1,0,0
CCC,2014J,554691.0,M,North Western Region,Lower Than A Level,40-50%,35-55,0.0,60.0,Y,Withdrawn,1052.0,39.0,Low,1,1,0
CCC,2014J,554761.0,M,Scotland,A Level or Equivalent,20-30%,35-55,1.0,60.0,N,Fail,1198.0,45.0,High,1,0,0
CCC,2014J,555498.0,M,East Anglian Region,HE Qualification,50-60%,35-55,0.0,60.0,N,Pass,2160.0,94.0,High,1,0,1
CCC,2014J,555760.0,M,Wales,HE Qualification,70-80%,35-55,0.0,120.0,N,Distinction,625.0,14.0,High,1,0,1
CCC,2014J,555884.0,M,East Midlands Region,A Level or Equivalent,80-90%,0-35,0.0,60.0,N,Pass,1518.0,60.0,High,1,0,1
CCC,2014J,555989.0,M,East Anglian Region,A Level or Equivalent,70-80%,0-35,0.0,90.0,N,Distinction,751.0,73.0,High,1,0,1
CCC,2014J,556140.0,M,South Region,Lower Than A Level,80-90%,0-35,0.0,60.0,N,Pass,676.0,97.0,Low,1,0,1
CCC,2014J,556251.0,M,North Western Region,A Level or Equivalent,60-70%,0-35,0.0,60.0,N,Pass,900.0,16.0,High,1,0,1
CCC,2014J,556440.0,M,Scotland,HE Qualification,50-60%,35-55,0.0,120.0,Y,Fail,799.0,80.0,High,1,0,0
CCC,2014J,556450.0,M,Scotland,A Level or Equivalent,90-100%,0-35,0.0,60.0,Y,Fail,54.0,1.0,High,1,0,0
CCC,2014J,556476.0,F,London Region,Lower Than A Level,10-20,0-35,0.0,120.0,Y,Fail,933.0,18.0,Low,1,0,0
CCC,2014J,556521.0,M,East Anglian Region,A Level or Equivalent,50-60%,0-35,1.0,30.0,Y,Withdrawn,132.0,9.0,High,1,1,0
CCC,2014J,556645.0,M,East Anglian Region,A Level or Equivalent,60-70%,35-55,1.0,60.0,N,Fail,2626.0,373.0,High,1,0,0
CCC,2014J,556788.0,M,North Region,Lower Than A Level,,35-55,1.0,480.0,N,Withdrawn,5.0,0.0,Low,0,1,0
CCC,2014J,556824.0,M,Scotland,HE Qualification,70-80%,35-55,0.0,60.0,N,Distinction,1005.0,4.0,High,1,0,1
CCC,2014J,557608.0,F,South East Region,A Level or Equivalent,40-50%,0-35,0.0,90.0,N,Withdrawn,264.0,0.0,High,0,1,0
CCC,2014J,557650.0,M,London Region,Lower Than A Level,30-40%,35-55,0.0,30.0,N,Pass,3657.0,163.0,Low,1,0,1
CCC,2014J,557700.0,M,North Region,Post Graduate Qualification,,0-35,1.0,30.0,N,Pass,4430.0,921.0,Other,1,0,1
CCC,2014J,557959.0,M,Yorkshire Region,HE Qualification,10-20,35-55,0.0,60.0,N,Pass,592.0,0.0,High,0,0,1
CCC,2014J,558440.0,F,South West Region,Lower Than A Level,20-30%,0-35,0.0,120.0,Y,Withdrawn,1364.0,175.0,Low,1,1,0
CCC,2014J,558463.0,M,South Region,Lower Than A Level,70-80%,0-35,0.0,30.0,N,Pass,834.0,6.0,Low,1,0,1
CCC,2014J,558839.0,M,Scotland,A Level or Equivalent,80-90%,0-35,0.0,30.0,N,Pass,2479.0,59.0,High,1,0,1
CCC,2014J,559225.0,M,Scotland,A Level or Equivalent,90-100%,0-35,0.0,60.0,N,Fail,483.0,17.0,High,1,0,0
CCC,2014J,559518.0,M,East Anglian Region,Lower Than A Level,10-20,0-35,0.0,30.0,N,Fail,182.0,1.0,Low,1,0,0
CCC,2014J,559672.0,M,North Region,A Level or Equivalent,20-30%,0-35,0.0,60.0,N,Withdrawn,0.0,0.0,High,0,1,0
CCC,2014J,559863.0,M,Ireland,Lower Than A Level,,35-55,0.0,30.0,N,Distinction,3452.0,760.0,Low,1,0,1
CCC,2014J,559912.0,M,East Midlands Region,Lower Than A Level,50-60%,0-35,1.0,60.0,N,Withdrawn,206.0,4.0,Low,1,1,0
CCC,2014J,560064.0,M,South West Region,Lower Than A Level,30-40%,35-55,0.0,30.0,N,Fail,1684.0,57.0,Low,1,0,0
CCC,2014J,560065.0,M,East Anglian Region,A Level or Equivalent,50-60%,0-35,0.0,60.0,N,Pass,762.0,186.0,High,1,0,1
CCC,2014J,560399.0,M,South Region,HE Qualification,70-80%,35-55,0.0,90.0,N,Withdrawn,97.0,10.0,High,1,1,0
CCC,2014J,560554.0,M,North Western Region,A Level or Equivalent,10-20,0-35,0.0,30.0,N,Fail,271.0,37.0,High,1,0,0
CCC,2014J,560723.0,M,Scotland,Lower Than A Level,70-80%,0-35,0.0,30.0,N,Withdrawn,58.0,9.0,Low,1,1,0
CCC,2014J,560784.0,M,South Region,Lower Than A Level,80-90%,0-35,1.0,30.0,N,Fail,1192.0,11.0,Low,1,0,0
CCC,2014J,560879.0,F,North Western Region,A Level or Equivalent,50-60%,0-35,0.0,60.0,N,Pass,1510.0,66.0,High,1,0,1
CCC,2014J,561009.0,F,Scotland,A Level or Equivalent,0-10%,0-35,0.0,120.0,Y,Pass,1409.0,40.0,High,1,0,1
CCC,2014J,561113.0,F,West Midlands Region,Lower Than A Level,20-30%,0-35,0.0,120.0,N,Withdrawn,294.0,3.0,Low,1,1,0
CCC,2014J,561195.0,M,Scotland,Lower Than A Level,50-60%,35-55,0.0,60.0,N,Pass,2834.0,418.0,Low,1,0,1
CCC,2014J,561208.0,M,East Anglian Region,A Level or Equivalent,60-70%,0-35,0.0,60.0,N,Pass,405.0,37.0,High,1,0,1
CCC,2014J,561476.0,M,East Anglian Region,Lower Than A Level,70-80%,0-35,0.0,30.0,N,Pass,954.0,127.0,Low,1,0,1
CCC,2014J,561560.0,M,East Midlands Region,Lower Than A Level,90-100%,0-35,0.0,120.0,N,Fail,894.0,37.0,Low,1,0,0
CCC,2014J,561826.0,F,London Region,HE Qualification,0-10%,0-35,0.0,30.0,N,Pass,971.0,104.0,High,1,0,1
CCC,2014J,561848.0,M,London Region,A Level or Equivalent,40-50%,0-35,0.0,120.0,N,Fail,266.0,7.0,High,1,0,0
CCC,2014J,561913.0,M,Scotland,HE Qualification,0-10%,35-55,0.0,60.0,N,Pass,1319.0,85.0,High,1,0,1
CCC,2014J,562437.0,M,South East Region,A Level or Equivalent,50-60%,0-35,0.0,60.0,N,Withdrawn,478.0,52.0,High,1,1,0
CCC,2014J,562884.0,F,Yorkshire Region,HE Qualification,0-10%,35-55,0.0,60.0,N,Pass,3225.0,233.0,High,1,0,1
CCC,2014J,563016.0,M,Yorkshire Region,HE Qualification,80-90%,55<=,0.0,60.0,N,Pass,1459.0,709.0,High,1,0,1
CCC,2014J,563051.0,M,Ireland,A Level or Equivalent,10-20,0-35,0.0,60.0,N,Pass,502.0,6.0,High,1,0,1
CCC,2014J,563230.0,M,Yorkshire Region,HE Qualification,90-100%,0-35,0.0,90.0,N,Withdrawn,364.0,75.0,High,1,1,0
CCC,2014J,563321.0,M,South Region,HE Qualification,70-80%,0-35,0.0,60.0,N,Pass,462.0,9.0,High,1,0,1
CCC,2014J,563430.0,F,London Region,Lower Than A Level,10-20,0-35,0.0,60.0,N,Withdrawn,6.0,0.0,Low,0,1,0
CCC,2014J,563920.0,M,South East Region,Lower Than A Level,50-60%,35-55,0.0,30.0,N,Pass,634.0,0.0,Low,0,0,1
CCC,2014J,563951.0,M,North Western Region,Lower Than A Level,30-40%,35-55,0.0,150.0,Y,Withdrawn,246.0,0.0,Low,0,1,0
CCC,2014J,563967.0,M,West Midlands Region,A Level or Equivalent,40-50%,0-35,1.0,60.0,N,Withdrawn,264.0,4.0,High,1,1,0
CCC,2014J,564213.0,M,London Region,Lower Than A Level,30-40%,0-35,0.0,60.0,N,Pass,1653.0,2.0,Low,1,0,1
CCC,2014J,564356.0,F,Yorkshire Region,A Level or Equivalent,60-70%,0-35,0.0,30.0,N,Withdrawn,75.0,9.0,High,1,1,0
CCC,2014J,564649.0,M,Scotland,A Level or Equivalent,10-20,35-55,0.0,30.0,N,Fail,772.0,22.0,High,1,0,0
CCC,2014J,564714.0,M,East Anglian Region,HE Qualification,90-100%,0-35,0.0,60.0,Y,Fail,324.0,18.0,High,1,0,0
CCC,2014J,564931.0,F,South West Region,Lower Than A Level,50-60%,0-35,0.0,90.0,N,Withdrawn,176.0,8.0,Low,1,1,0
CCC,2014J,565066.0,M,South East Region,Lower Than A Level,90-100%,0-35,0.0,90.0,N,Withdrawn,721.0,0.0,Low,0,1,0
CCC,2014J,565109.0,M,West Midlands Region,Lower Than A Level,20-30%,0-35,0.0,210.0,N,Withdrawn,19.0,0.0,Low,0,1,0
CCC,2014J,565605.0,F,Scotland,Lower Than A Level,40-50%,35-55,0.0,60.0,N,Pass,4235.0,270.0,Low,1,0,1
CCC,2014J,565707.0,F,East Midlands Region,Lower Than A Level,20-30%,0-35,0.0,150.0,Y,Withdrawn,0.0,0.0,Low,0,1,0
CCC,2014J,565743.0,M,North Western Region,Lower Than A Level,0-10%,35-55,0.0,120.0,N,Pass,820.0,3.0,Low,1,0,1
CCC,2014J,565840.0,M,Wales,A Level or Equivalent,70-80%,0-35,0.0,210.0,N,Withdrawn,300.0,13.0,High,1,1,0
CCC,2014J,565883.0,M,Scotland,Lower Than A Level,10-20,0-35,1.0,30.0,N,Withdrawn,1557.0,285.0,Low,1,1,0
CCC,2014J,566135.0,M,North Western Region,A Level or Equivalent,70-80%,0-35,0.0,30.0,N,Pass,437.0,53.0,High,1,0,1
CCC,2014J,566447.0,F,Wales,HE Qualification,80-90%,0-35,0.0,30.0,N,Distinction,4949.0,2709.0,High,1,0,1
CCC,2014J,566464.0,M,South Region,A Level or Equivalent,10-20,0-35,0.0,60.0,N,Pass,437.0,1.0,High,1,0,1
CCC,2014J,566664.0,M,London Region,A Level or Equivalent,40-50%,0-35,1.0,60.0,N,Withdrawn,255.0,47.0,High,1,1,0
CCC,2014J,566694.0,F,South Region,Lower Than A Level,20-30%,0-35,0.0,90.0,N,Withdrawn,127.0,9.0,Low,1,1,0
CCC,2014J,566938.0,M,London Region,Lower Than A Level,40-50%,35-55,0.0,60.0,N,Distinction,2445.0,34.0,Low,1,0,1
CCC,2014J,566979.0,M,North Western Region,Lower Than A Level,0-10%,0-35,0.0,60.0,N,Pass,1202.0,113.0,Low,1,0,1
CCC,2014J,567152.0,M,London Region,HE Qualification,10-20,0-35,0.0,120.0,N,Withdrawn,103.0,13.0,High,1,1,0
CCC,2014J,567304.0,M,London Region,Lower Than A Level,40-50%,0-35,0.0,60.0,N,Pass,1299.0,70.0,Low,1,0,1
CCC,2014J,567451.0,M,North Western Region,Lower Than A Level,90-100%,0-35,0.0,30.0,N,Withdrawn,483.0,99.0,Low,1,1,0
CCC,2014J,567597.0,F,East Anglian Region,A Level or Equivalent,40-50%,0-35,0.0,90.0,Y,Pass,707.0,52.0,High,1,0,1
CCC,2014J,567719.0,F,North Western Region,A Level or Equivalent,0-10%,0-35,0.0,60.0,N,Fail,511.0,98.0,High,1,0,0
CCC,2014J,567888.0,M,South East Region,HE Qualification,90-100%,55<=,0.0,60.0,N,Distinction,1611.0,14.0,High,1,0,1
CCC,2014J,568307.0,F,North Western Region,Lower Than A Level,30-40%,0-35,0.0,30.0,N,Withdrawn,290.0,1.0,Low,1,1,0
CCC,2014J,568596.0,M,Scotland,A Level or Equivalent,50-60%,0-35,0.0,60.0,N,Withdrawn,1012.0,188.0,High,1,1,0
CCC,2014J,568691.0,F,London Region,A Level or Equivalent,0-10%,35-55,0.0,60.0,N,Distinction,4067.0,26.0,High,1,0,1
CCC,2014J,568948.0,M,North Western Region,A Level or Equivalent,30-40%,0-35,0.0,90.0,N,Distinction,653.0,61.0,High,1,0,1
CCC,2014J,569049.0,F,Scotland,A Level or Equivalent,30-40%,0-35,0.0,150.0,N,Withdrawn,152.0,10.0,High,1,1,0
CCC,2014J,569132.0,M,South East Region,Lower Than A Level,80-90%,0-35,0.0,60.0,N,Withdrawn,0.0,0.0,Low,0,1,0
CCC,2014J,569277.0,M,East Midlands Region,Lower Than A Level,90-100%,0-35,0.0,60.0,N,Pass,949.0,92.0,Low,1,0,1
CCC,2014J,569625.0,M,Scotland,A Level or Equivalent,60-70%,35-55,0.0,60.0,N,Fail,22.0,2.0,High,1,0,0
CCC,2014J,569944.0,M,Yorkshire Region,No Formal quals,30-40%,0-35,0.0,90.0,N,Distinction,4133.0,2153.0,Other,1,0,1
CCC,2014J,570453.0,M,North Western Region,A Level or Equivalent,0-10%,0-35,0.0,60.0,N,Pass,330.0,0.0,High,0,0,1
CCC,2014J,570491.0,M,West Midlands Region,A Level or Equivalent,70-80%,0-35,0.0,90.0,N,Pass,1943.0,179.0,High,1,0,1
CCC,2014J,570671.0,M,Ireland,A Level or Equivalent,90-100%,0-35,1.0,90.0,Y,Withdrawn,253.0,48.0,High,1,1,0
CCC,2014J,570717.0,M,North Western Region,Lower Than A Level,50-60%,35-55,0.0,90.0,Y,Withdrawn,0.0,0.0,Low,0,1,0
CCC,2014J,570732.0,M,East Midlands Region,Lower Than A Level,90-100%,0-35,0.0,60.0,N,Distinction,1104.0,309.0,Low,1,0,1
CCC,2014J,570757.0,M,Ireland,Post Graduate Qualification,,0-35,0.0,30.0,N,Pass,742.0,31.0,Other,1,0,1
CCC,2014J,570895.0,M,West Midlands Region,Lower Than A Level,30-40%,35-55,0.0,30.0,N,Fail,74.0,0.0,Low,0,0,0
CCC,2014J,570954.0,M,Scotland,Lower Than A Level,20-30%,35-55,1.0,60.0,Y,Withdrawn,1374.0,36.0,Low,1,1,0
CCC,2014J,570985.0,M,North Western Region,A Level or Equivalent,90-100%,0-35,0.0,60.0,N,Pass,2365.0,79.0,High,1,0,1
CCC,2014J,570997.0,F,East Anglian Region,A Level or Equivalent,50-60%,0-35,0.0,120.0,N,Withdrawn,312.0,3.0,High,1,1,0
CCC,2014J,571131.0,M,Wales,Lower Than A Level,60-70%,0-35,0.0,60.0,N,Pass,1367.0,268.0,Low,1,0,1
CCC,2014J,571610.0,M,South Region,HE Qualification,40-50%,0-35,0.0,30.0,N,Withdrawn,224.0,13.0,High,1,1,0
CCC,2014J,571765.0,M,South East Region,No Formal quals,20-30%,0-35,0.0,60.0,N,Distinction,803.0,70.0,Other,1,0,1
CCC,2014J,571808.0,M,West Midlands Region,A Level or Equivalent,0-10%,35-55,1.0,120.0,N,Distinction,5757.0,2953.0,High,1,0,1
CCC,2014J,571833.0,M,East Midlands Region,Lower Than A Level,80-90%,35-55,0.0,30.0,N,Pass,1474.0,118.0,Low,1,0,1
CCC,2014J,571921.0,F,Scotland,HE Qualification,50-60%,35-55,0.0,60.0,N,Pass,1315.0,366.0,High,1,0,1
CCC,2014J,571950.0,M,North Western Region,No Formal quals,0-10%,35-55,0.0,270.0,N,Withdrawn,0.0,0.0,Other,0,1,0
CCC,2014J,571962.0,M,Ireland,Lower Than A Level,0-10%,35-55,0.0,60.0,N,Fail,1043.0,16.0,Low,1,0,0
CCC,2014J,572011.0,M,North Western Region,A Level or Equivalent,20-30%,0-35,0.0,60.0,N,Fail,747.0,52.0,High,1,0,0
CCC,2014J,572098.0,F,London Region,A Level or Equivalent,50-60%,35-55,0.0,60.0,N,Pass,1953.0,385.0,High,1,0,1
CCC,2014J,572154.0,M,Scotland,HE Qualification,40-50%,0-35,1.0,60.0,N,Withdrawn,983.0,134.0,High,1,1,0
CCC,2014J,572231.0,F,Scotland,Lower Than A Level,40-50%,0-35,0.0,60.0,Y,Pass,922.0,158.0,Low,1,0,1
CCC,2014J,572250.0,M,East Anglian Region,A Level or Equivalent,90-100%,0-35,0.0,90.0,N,Withdrawn,39.0,0.0,High,0,1,0
CCC,2014J,572339.0,M,North Western Region,A Level or Equivalent,50-60%,35-55,0.0,30.0,N,Withdrawn,371.0,27.0,High,1,1,0
CCC,2014J,572396.0,M,South West Region,Lower Than A Level,60-70%,0-35,0.0,120.0,N,Distinction,2053.0,45.0,Low,1,0,1
CCC,2014J,572431.0,M,South West Region,A Level or Equivalent,30-40%,0-35,0.0,90.0,N,Pass,1017.0,504.0,High,1,0,1
CCC,2014J,572537.0,M,West Midlands Region,A Level or Equivalent,90-100%,35-55,0.0,60.0,N,Distinction,3092.0,388.0,High,1,0,1
CCC,2014J,572584.0,M,London Region,Lower Than A Level,50-60%,35-55,0.0,60.0,N,Withdrawn,1504.0,5.0,Low,1,1,0
CCC,2014J,572588.0,M,South East Region,A Level or Equivalent,50-60%,0-35,0.0,60.0,N,Withdrawn,204.0,5.0,High,1,1,0
CCC,2014J,572589.0,F,East Midlands Region,Lower Than A Level,50-60%,0-35,0.0,90.0,N,Withdrawn,207.0,21.0,Low,1,1,0
CCC,2014J,572599.0,M,West Midlands Region,Lower Than A Level,10-20,0-35,0.0,60.0,Y,Withdrawn,258.0,0.0,Low,0,1,0
CCC,2014J,572659.0,M,London Region,Lower Than A Level,40-50%,0-35,0.0,60.0,N,Withdrawn,0.0,0.0,Low,0,1,0
CCC,2014J,572735.0,M,East Anglian Region,Lower Than A Level,60-70%,35-55,0.0,60.0,N,Pass,1543.0,380.0,Low,1,0,1
CCC,2014J,572746.0,M,West Midlands Region,Lower Than A Level,0-10%,0-35,0.0,30.0,N,Withdrawn,406.0,0.0,Low,0,1,0
CCC,2014J,572754.0,M,Scotland,A Level or Equivalent,80-90%,0-35,0.0,90.0,Y,Withdrawn,0.0,0.0,High,0,1,0
CCC,2014J,572783.0,M,North Western Region,HE Qualification,80-90%,35-55,0.0,60.0,N,Pass,519.0,8.0,High,1,0,1
CCC,2014J,572816.0,M,East Midlands Region,Lower Than A Level,30-40%,0-35,0.0,90.0,N,Withdrawn,120.0,36.0,Low,1,1,0
CCC,2014J,572874.0,M,London Region,Lower Than A Level,10-20,0-35,0.0,90.0,N,Pass,616.0,36.0,Low,1,0,1
CCC,2014J,572919.0,F,East Midlands Region,No Formal quals,0-10%,0-35,0.0,60.0,N,Pass,798.0,0.0,Other,0,0,1
CCC,2014J,573093.0,M,South East Region,A Level or Equivalent,70-80%,35-55,0.0,60.0,N,Withdrawn,305.0,44.0,High,1,1,0
CCC,2014J,573153.0,M,Yorkshire Region,Lower Than A Level,0-10%,0-35,1.0,120.0,N,Withdrawn,125.0,7.0,Low,1,1,0
CCC,2014J,573473.0,M,South Region,Lower Than A Level,10-20,0-35,0.0,60.0,N,Withdrawn,195.0,17.0,Low,1,1,0
CCC,2014J,573481.0,M,South West Region,A Level or Equivalent,10-20,0-35,0.0,120.0,N,Withdrawn,64.0,7.0,High,1,1,0
CCC,2014J,573689.0,M,East Midlands Region,Lower Than A Level,60-70%,0-35,0.0,90.0,N,Withdrawn,33.0,6.0,Low,1,1,0
CCC,2014J,573858.0,M,South East Region,A Level or Equivalent,0-10%,35-55,0.0,30.0,N,Pass,1892.0,2.0,High,1,0,1
CCC,2014J,573920.0,M,West Midlands Region,A Level or Equivalent,70-80%,0-35,0.0,30.0,N,Withdrawn,178.0,3.0,High,1,1,0
CCC,2014J,573924.0,M,East Anglian Region,A Level or Equivalent,20-30%,0-35,0.0,60.0,N,Pass,2410.0,112.0,High,1,0,1
CCC,2014J,574056.0,M,West Midlands Region,Lower Than A Level,90-100%,0-35,0.0,150.0,N,Withdrawn,25.0,0.0,Low,0,1,0
CCC,2014J,574259.0,M,South West Region,HE Qualification,80-90%,0-35,0.0,30.0,N,Pass,492.0,10.0,High,1,0,1
CCC,2014J,574310.0,F,Yorkshire Region,A Level or Equivalent,70-80%,0-35,0.0,90.0,N,Distinction,2869.0,399.0,High,1,0,1
CCC,2014J,574325.0,M,East Anglian Region,HE Qualification,70-80%,0-35,0.0,30.0,N,Fail,1761.0,40.0,High,1,0,0
CCC,2014J,574507.0,M,West Midlands Region,Lower Than A Level,90-100%,0-35,0.0,30.0,N,Withdrawn,150.0,0.0,Low,0,1,0
CCC,2014J,574508.0,M,North Western Region,HE Qualification,70-80%,35-55,0.0,60.0,N,Withdrawn,416.0,10.0,High,1,1,0
CCC,2014J,574523.0,M,South East Region,A Level or Equivalent,50-60%,0-35,1.0,60.0,N,Withdrawn,274.0,13.0,High,1,1,0
CCC,2014J,574586.0,M,Ireland,A Level or Equivalent,70-80%,35-55,1.0,60.0,N,Withdrawn,759.0,249.0,High,1,1,0
CCC,2014J,574590.0,M,South West Region,A Level or Equivalent,70-80%,0-35,0.0,60.0,N,Pass,2463.0,139.0,High,1,0,1
CCC,2014J,574637.0,M,South Region,A Level or Equivalent,70-80%,0-35,0.0,30.0,N,Pass,867.0,172.0,High,1,0,1
CCC,2014J,574705.0,M,North Region,Lower Than A Level,,0-35,0.0,60.0,N,Distinction,1138.0,385.0,Low,1,0,1
CCC,2014J,574720.0,M,North Western Region,A Level or Equivalent,30-40%,0-35,0.0,60.0,N,Pass,997.0,10.0,High,1,0,1
CCC,2014J,574891.0,F,South Region,A Level or Equivalent,30-40%,0-35,0.0,90.0,N,Withdrawn,45.0,0.0,High,0,1,0
CCC,2014J,574928.0,F,Yorkshire Region,A Level or Equivalent,0-10%,0-35,0.0,120.0,N,Pass,4498.0,1390.0,High,1,0,1
CCC,2014J,575039.0,M,West Midlands Region,A Level or Equivalent,70-80%,35-55,0.0,60.0,N,Fail,4862.0,1238.0,High,1,0,0
CCC,2014J,575047.0,M,West Midlands Region,A Level or Equivalent,10-20,0-35,0.0,30.0,N,Fail,2055.0,275.0,High,1,0,0
CCC,2014J,575162.0,M,Scotland,HE Qualification,30-40%,0-35,0.0,60.0,N,Fail,45.0,13.0,High,1,0,0
CCC,2014J,575258.0,M,East Anglian Region,Lower Than A Level,20-30%,35-55,0.0,120.0,N,Withdrawn,0.0,0.0,Low,0,1,0
CCC,2014J,575265.0,M,Yorkshire Region,Lower Than A Level,0-10%,0-35,0.0,90.0,N,Withdrawn,106.0,2.0,Low,1,1,0
CCC,2014J,575398.0,M,North Western Region,Lower Than A Level,50-60%,0-35,0.0,90.0,N,Withdrawn,849.0,17.0,Low,1,1,0
CCC,2014J,575553.0,M,Ireland,A Level or Equivalent,90-100%,0-35,0.0,60.0,N,Withdrawn,405.0,62.0,High,1,1,0
CCC,2014J,575763.0,M,North Western Region,A Level or Equivalent,20-30%,0-35,0.0,30.0,N,Withdrawn,344.0,0.0,High,0,1,0
CCC,2014J,575766.0,M,South Region,Lower Than A Level,90-100%,0-35,0.0,60.0,N,Pass,992.0,153.0,Low,1,0,1
CCC,2014J,575798.0,M,South West Region,A Level or Equivalent,40-50%,0-35,0.0,90.0,N,Pass,799.0,23.0,High,1,0,1
CCC,2014J,576233.0,M,South East Region,A Level or Equivalent,90-100%,0-35,0.0,60.0,N,Fail,1534.0,29.0,High,1,0,0
CCC,2014J,576251.0,M,Ireland,A Level or Equivalent,80-90%,35-55,0.0,60.0,N,Distinction,1738.0,384.0,High,1,0,1
CCC,2014J,576433.0,M,East Anglian Region,A Level or Equivalent,60-70%,0-35,0.0,30.0,N,Distinction,928.0,71.0,High,1,0,1
CCC,2014J,576439.0,M,East Anglian Region,Lower Than A Level,90-100%,0-35,0.0,60.0,N,Pass,1290.0,32.0,Low,1,0,1
CCC,2014J,576453.0,M,Scotland,HE Qualification,80-90%,35-55,0.0,90.0,N,Distinction,2167.0,399.0,High,1,0,1
CCC,2014J,576541.0,F,West Midlands Region,A Level or Equivalent,10-20,35-55,0.0,60.0,N,Fail,1829.0,56.0,High,1,0,0
CCC,2014J,576568.0,M,South West Region,A Level or Equivalent,60-70%,0-35,0.0,60.0,N,Pass,460.0,0.0,High,0,0,1
CCC,2014J,576791.0,M,North Region,HE Qualification,40-50%,0-35,0.0,30.0,N,Pass,2957.0,1361.0,High,1,0,1
CCC,2014J,576876.0,M,South East Region,Lower Than A Level,80-90%,0-35,0.0,120.0,N,Withdrawn,0.0,0.0,Low,0,1,0
CCC,2014J,577148.0,M,London Region,A Level or Equivalent,0-10%,0-35,0.0,60.0,N,Withdrawn,94.0,52.0,High,1,1,0
CCC,2014J,577149.0,M,Wales,A Level or Equivalent,60-70%,0-35,0.0,90.0,N,Withdrawn,238.0,2.0,High,1,1,0
CCC,2014J,577235.0,M,North Western Region,Lower Than A Level,20-30%,35-55,0.0,30.0,N,Fail,1085.0,12.0,Low,1,0,0
CCC,2014J,577279.0,M,East Anglian Region,HE Qualification,60-70%,35-55,0.0,60.0,N,Distinction,1915.0,956.0,High,1,0,1
CCC,2014J,577427.0,M,Scotland,A Level or Equivalent,50-60%,0-35,1.0,30.0,N,Fail,195.0,44.0,High,1,0,0
CCC,2014J,577458.0,M,South East Region,Lower Than A Level,90-100%,0-35,0.0,60.0,N,Fail,965.0,1.0,Low,1,0,0
CCC,2014J,577460.0,M,North Region,HE Qualification,50-60%,0-35,0.0,60.0,N,Withdrawn,1209.0,105.0,High,1,1,0
CCC,2014J,577551.0,M,North Region,A Level or Equivalent,10-20,0-35,0.0,60.0,N,Withdrawn,269.0,17.0,High,1,1,0
CCC,2014J,577566.0,M,North Region,HE Qualification,10-20,0-35,0.0,90.0,N,Pass,1059.0,109.0,High,1,0,1
CCC,2014J,578000.0,M,London Region,Lower Than A Level,30-40%,0-35,0.0,30.0,N,Fail,505.0,8.0,Low,1,0,0
CCC,2014J,578026.0,M,London Region,Lower Than A Level,80-90%,0-35,0.0,60.0,N,Withdrawn,1376.0,698.0,Low,1,1,0
CCC,2014J,578634.0,M,South Region,Lower Than A Level,,0-35,0.0,90.0,N,Withdrawn,24.0,0.0,Low,0,1,0
CCC,2014J,578815.0,M,North Region,Post Graduate Qualification,,35-55,0.0,150.0,N,Pass,472.0,17.0,Other,1,0,1
CCC,2014J,578820.0,M,South Region,A Level or Equivalent,70-80%,0-35,0.0,60.0,N,Withdrawn,727.0,0.0,High,0,1,0
CCC,2014J,578823.0,M,East Anglian Region,A Level or Equivalent,70-80%,0-35,1.0,30.0,N,Withdrawn,507.0,28.0,High,1,1,0
CCC,2014J,579052.0,M,North Region,A Level or Equivalent,40-50%,35-55,0.0,60.0,N,Withdrawn,747.0,30.0,High,1,1,0
CCC,2014J,579176.0,F,Scotland,HE Qualification,40-50%,35-55,0.0,60.0,N,Withdrawn,848.0,305.0,High,1,1,0
CCC,2014J,579278.0,M,South West Region,Lower Than A Level,30-40%,0-35,0.0,60.0,N,Withdrawn,562.0,24.0,Low,1,1,0
CCC,2014J,579283.0,M,South Region,Lower Than A Level,,0-35,0.0,90.0,N,Withdrawn,410.0,33.0,Low,1,1,0
CCC,2014J,579325.0,M,North Western Region,Lower Than A Level,0-10%,0-35,0.0,90.0,N,Withdrawn,503.0,11.0,Low,1,1,0
CCC,2014J,579362.0,F,North Region,Lower Than A Level,50-60%,0-35,0.0,60.0,N,Withdrawn,321.0,0.0,Low,0,1,0
CCC,2014J,579583.0,M,South West Region,Lower Than A Level,40-50%,0-35,0.0,30.0,N,Pass,5231.0,216.0,Low,1,0,1
CCC,2014J,579614.0,M,North Region,Lower Than A Level,10-20,0-35,0.0,60.0,N,Pass,3382.0,144.0,Low,1,0,1
CCC,2014J,580342.0,M,East Midlands Region,Lower Than A Level,30-40%,0-35,0.0,60.0,N,Pass,1062.0,62.0,Low,1,0,1
CCC,2014J,580384.0,M,Scotland,Post Graduate Qualification,20-30%,35-55,0.0,60.0,N,Distinction,1870.0,62.0,Other,1,0,1
CCC,2014J,580657.0,M,East Anglian Region,A Level or Equivalent,70-80%,0-35,0.0,90.0,N,Withdrawn,265.0,9.0,High,1,1,0
CCC,2014J,580709.0,M,South Region,A Level or Equivalent,10-20,0-35,0.0,60.0,N,Withdrawn,78.0,0.0,High,0,1,0
CCC,2014J,580714.0,M,Yorkshire Region,A Level or Equivalent,60-70%,0-35,0.0,60.0,N,Pass,980.0,259.0,High,1,0,1
CCC,2014J,580722.0,M,South Region,A Level or Equivalent,90-100%,0-35,1.0,60.0,Y,Withdrawn,343.0,0.0,High,0,1,0
CCC,2014J,580798.0,M,South West Region,Lower Than A Level,60-70%,0-35,0.0,60.0,N,Pass,1512.0,109.0,Low,1,0,1
CCC,2014J,580845.0,M,Scotland,HE Qualification,30-40%,0-35,0.0,120.0,N,Pass,2276.0,197.0,High,1,0,1
CCC,2014J,580916.0,F,North Region,A Level or Equivalent,50-60%,35-55,0.0,30.0,N,Pass,1165.0,353.0,High,1,0,1
CCC,2014J,581123.0,M,West Midlands Region,A Level or Equivalent,70-80%,0-35,1.0,30.0,N,Pass,922.0,44.0,High,1,0,1
CCC,2014J,581179.0,M,South East Region,Lower Than A Level,30-40%,0-35,0.0,60.0,N,Pass,931.0,114.0,Low,1,0,1
CCC,2014J,581247.0,M,Scotland,A Level or Equivalent,20-30%,35-55,0.0,30.0,N,Pass,4655.0,1450.0,High,1,0,1
CCC,2014J,581288.0,M,North Western Region,HE Qualification,90-100%,35-55,0.0,90.0,N,Withdrawn,332.0,33.0,High,1,1,0
CCC,2014J,581316.0,F,Scotland,A Level or Equivalent,50-60%,35-55,0.0,60.0,N,Pass,992.0,262.0,High,1,0,1
CCC,2014J,581410.0,M,South East Region,A Level or Equivalent,50-60%,0-35,0.0,90.0,Y,Withdrawn,489.0,13.0,High,1,1,0
CCC,2014J,581552.0,M,London Region,A Level or Equivalent,30-40%,0-35,0.0,90.0,N,Pass,1362.0,158.0,High,1,0,1
CCC,2014J,581656.0,M,South West Region,A Level or Equivalent,60-70%,0-35,0.0,60.0,Y,Pass,884.0,124.0,High,1,0,1
CCC,2014J,581676.0,M,West Midlands Region,Lower Than A Level,60-70%,35-55,0.0,60.0,N,Fail,2605.0,526.0,Low,1,0,0
CCC,2014J,581708.0,M,Yorkshire Region,A Level or Equivalent,20-30%,0-35,0.0,30.0,N,Withdrawn,487.0,22.0,High,1,1,0
CCC,2014J,581770.0,M,East Anglian Region,A Level or Equivalent,30-40%,0-35,0.0,90.0,N,Withdrawn,231.0,0.0,High,0,1,0
CCC,2014J,581914.0,M,Scotland,HE Qualification,0-10%,0-35,0.0,90.0,N,Withdrawn,13.0,0.0,High,0,1,0
CCC,2014J,582320.0,F,South Region,A Level or Equivalent,50-60%,0-35,0.0,60.0,N,Pass,2443.0,190.0,High,1,0,1
CCC,2014J,582340.0,M,North Region,Lower Than A Level,10-20,0-35,0.0,60.0,N,Withdrawn,0.0,0.0,Low,0,1,0
CCC,2014J,582395.0,M,Wales,Lower Than A Level,40-50%,0-35,1.0,120.0,N,Withdrawn,231.0,4.0,Low,1,1,0
CCC,2014J,582514.0,M,West Midlands Region,A Level or Equivalent,60-70%,35-55,0.0,30.0,N,Withdrawn,65.0,0.0,High,0,1,0
CCC,2014J,582530.0,M,North Western Region,HE Qualification,0-10%,35-55,0.0,150.0,N,Fail,359.0,29.0,High,1,0,0
CCC,2014J,582550.0,F,North Western Region,A Level or Equivalent,10-20,35-55,0.0,60.0,Y,Pass,2963.0,3.0,High,1,0,1
CCC,2014J,582651.0,M,East Anglian Region,HE Qualification,60-70%,35-55,0.0,60.0,N,Withdrawn,315.0,25.0,High,1,1,0
CCC,2014J,582723.0,M,North Region,Lower Than A Level,10-20,35-55,1.0,30.0,N,Withdrawn,1430.0,108.0,Low,1,1,0
CCC,2014J,583288.0,F,London Region,A Level or Equivalent,0-10%,0-35,0.0,120.0,N,Withdrawn,267.0,9.0,High,1,1,0
CCC,2014J,583293.0,M,Wales,A Level or Equivalent,30-40%,0-35,0.0,60.0,N,Distinction,1483.0,478.0,High,1,0,1
CCC,2014J,583704.0,F,London Region,A Level or Equivalent,60-70%,0-35,0.0,90.0,N,Pass,1407.0,77.0,High,1,0,1
CCC,2014J,583993.0,M,South Region,A Level or Equivalent,80-90%,0-35,0.0,60.0,Y,Fail,907.0,24.0,High,1,0,0
CCC,2014J,584077.0,M,North Western Region,A Level or Equivalent,20-30%,0-35,1.0,90.0,N,Withdrawn,354.0,59.0,High,1,1,0
CCC,2014J,584281.0,F,West Midlands Region,A Level or Equivalent,0-10%,35-55,0.0,90.0,N,Fail,488.0,1.0,High,1,0,0
CCC,2014J,584386.0,M,East Midlands Region,A Level or Equivalent,30-40%,0-35,0.0,30.0,N,Fail,2065.0,61.0,High,1,0,0
CCC,2014J,584414.0,M,Wales,A Level or Equivalent,50-60%,35-55,0.0,30.0,N,Withdrawn,11.0,0.0,High,0,1,0
CCC,2014J,584443.0,F,Scotland,Lower Than A Level,70-80%,0-35,0.0,150.0,Y,Withdrawn,941.0,64.0,Low,1,1,0
CCC,2014J,584553.0,M,North Western Region,A Level or Equivalent,50-60%,35-55,0.0,60.0,N,Withdrawn,321.0,41.0,High,1,1,0
CCC,2014J,584711.0,M,London Region,HE Qualification,10-20,35-55,0.0,60.0,N,Withdrawn,170.0,0.0,High,0,1,0
CCC,2014J,584771.0,M,Scotland,HE Qualification,20-30%,35-55,1.0,60.0,N,Pass,1773.0,6.0,High,1,0,1
CCC,2014J,584926.0,M,London Region,A Level or Equivalent,50-60%,0-35,0.0,30.0,N,Pass,923.0,42.0,High,1,0,1
CCC,2014J,585098.0,M,West Midlands Region,A Level or Equivalent,90-100%,0-35,0.0,30.0,N,Pass,1061.0,138.0,High,1,0,1
CCC,2014J,585134.0,M,Wales,HE Qualification,30-40%,35-55,0.0,60.0,N,Pass,881.0,155.0,High,1,0,1
CCC,2014J,585154.0,M,London Region,A Level or Equivalent,30-40%,35-55,0.0,60.0,N,Pass,2275.0,1.0,High,1,0,1
CCC,2014J,585222.0,F,West Midlands Region,A Level or Equivalent,30-40%,0-35,0.0,30.0,N,Fail,71.0,7.0,High,1,0,0
CCC,2014J,585359.0,F,London Region,A Level or Equivalent,10-20,0-35,0.0,60.0,N,Pass,785.0,91.0,High,1,0,1
CCC,2014J,585422.0,M,London Region,A Level or Equivalent,30-40%,0-35,0.0,60.0,N,Withdrawn,923.0,225.0,High,1,1,0
CCC,2014J,585433.0,M,Scotland,HE Qualification,80-90%,0-35,1.0,60.0,N,Withdrawn,147.0,18.0,High,1,1,0
CCC,2014J,585526.0,M,North Western Region,Lower Than A Level,50-60%,0-35,0.0,150.0,N,Withdrawn,1.0,0.0,Low,0,1,0
CCC,2014J,585643.0,M,North Western Region,A Level or Equivalent,30-40%,0-35,0.0,90.0,N,Withdrawn,281.0,22.0,High,1,1,0
CCC,2014J,585662.0,M,North Western Region,A Level or Equivalent,80-90%,0-35,0.0,120.0,N,Withdrawn,374.0,3.0,High,1,1,0
CCC,2014J,585769.0,F,Scotland,Post Graduate Qualification,50-60%,0-35,1.0,60.0,N,Withdrawn,3702.0,675.0,Other,1,1,0
CCC,2014J,585812.0,M,South Region,Lower Than A Level,60-70%,0-35,0.0,90.0,N,Fail,1145.0,1.0,Low,1,0,0
CCC,2014J,585911.0,F,South Region,A Level or Equivalent,50-60%,35-55,0.0,60.0,N,Withdrawn,0.0,0.0,High,0,1,0
CCC,2014J,586046.0,M,West Midlands Region,HE Qualification,20-30%,35-55,0.0,30.0,N,Fail,612.0,5.0,High,1,0,0
CCC,2014J,586047.0,M,West Midlands Region,A Level or Equivalent,80-90%,0-35,0.0,30.0,N,Fail,1289.0,406.0,High,1,0,0
CCC,2014J,586088.0,F,Scotland,A Level or Equivalent,30-40%,35-55,0.0,90.0,N,Pass,7753.0,2994.0,High,1,0,1
CCC,2014J,586227.0,M,East Anglian Region,Lower Than A Level,90-100%,35-55,0.0,60.0,N,Withdrawn,442.0,101.0,Low,1,1,0
CCC,2014J,586233.0,M,East Anglian Region,Lower Than A Level,50-60%,0-35,0.0,90.0,Y,Withdrawn,52.0,27.0,Low,1,1,0
CCC,2014J,586261.0,M,London Region,Lower Than A Level,70-80%,35-55,0.0,60.0,N,Pass,4100.0,120.0,Low,1,0,1
CCC,2014J,586476.0,F,South East Region,A Level or Equivalent,50-60%,0-35,1.0,90.0,N,Pass,762.0,45.0,High,1,0,1
CCC,2014J,586497.0,M,East Midlands Region,A Level or Equivalent,90-100%,0-35,0.0,60.0,N,Distinction,2858.0,244.0,High,1,0,1
CCC,2014J,586526.0,M,South Region,A Level or Equivalent,90-100%,0-35,1.0,60.0,N,Withdrawn,485.0,143.0,High,1,1,0
CCC,2014J,586550.0,M,London Region,HE Qualification,0-10%,0-35,0.0,120.0,N,Withdrawn,55.0,3.0,High,1,1,0
CCC,2014J,586594.0,M,East Anglian Region,A Level or Equivalent,60-70%,35-55,0.0,90.0,N,Pass,3823.0,865.0,High,1,0,1
CCC,2014J,586668.0,M,South Region,A Level or Equivalent,70-80%,0-35,0.0,30.0,N,Pass,1785.0,494.0,High,1,0,1
CCC,2014J,586750.0,M,Ireland,Lower Than A Level,,35-55,0.0,30.0,N,Fail,3469.0,682.0,Low,1,0,0
CCC,2014J,586762.0,M,Yorkshire Region,Lower Than A Level,0-10%,0-35,0.0,60.0,N,Pass,4218.0,1480.0,Low,1,0,1
CCC,2014J,586781.0,M,South Region,HE Qualification,50-60%,35-55,0.0,60.0,N,Distinction,774.0,46.0,High,1,0,1
CCC,2014J,586808.0,M,West Midlands Region,Lower Than A Level,0-10%,0-35,0.0,60.0,N,Pass,2815.0,524.0,Low,1,0,1
CCC,2014J,586838.0,M,East Midlands Region,Lower Than A Level,90-100%,0-35,0.0,30.0,N,Pass,1451.0,3.0,Low,1,0,1
CCC,2014J,586921.0,M,East Anglian Region,Lower Than A Level,80-90%,0-35,1.0,60.0,N,Withdrawn,627.0,40.0,Low,1,1,0
CCC,2014J,587008.0,M,South Region,A Level or Equivalent,70-80%,0-35,0.0,60.0,N,Pass,1233.0,12.0,High,1,0,1
CCC,2014J,587082.0,M,South West Region,Lower Than A Level,70-80%,0-35,0.0,60.0,N,Fail,169.0,14.0,Low,1,0,0
CCC,2014J,587122.0,M,Scotland,Lower Than A Level,60-70%,35-55,1.0,60.0,N,Withdrawn,653.0,38.0,Low,1,1,0
CCC,2014J,587195.0,M,South West Region,Lower Than A Level,30-40%,0-35,0.0,30.0,Y,Withdrawn,26.0,0.0,Low,0,1,0
CCC,2014J,587244.0,F,South West Region,Lower Than A Level,30-40%,35-55,0.0,180.0,N,Fail,1606.0,575.0,Low,1,0,0
CCC,2014J,587377.0,M,East Midlands Region,A Level or Equivalent,80-90%,0-35,0.0,30.0,Y,Fail,307.0,3.0,High,1,0,0
CCC,2014J,587391.0,M,South West Region,A Level or Equivalent,70-80%,35-55,0.0,60.0,N,Distinction,1483.0,125.0,High,1,0,1
CCC,2014J,587547.0,M,Yorkshire Region,A Level or Equivalent,0-10%,35-55,0.0,90.0,N,Withdrawn,89.0,4.0,High,1,1,0
CCC,2014J,587550.0,M,West Midlands Region,HE Qualification,90-100%,0-35,0.0,60.0,N,Withdrawn,295.0,59.0,High,1,1,0
CCC,2014J,587641.0,M,South West Region,A Level or Equivalent,70-80%,0-35,0.0,30.0,N,Fail,212.0,40.0,High,1,0,0
CCC,2014J,587793.0,F,North Western Region,Lower Than A Level,50-60%,0-35,0.0,90.0,N,Withdrawn,0.0,0.0,Low,0,1,0
CCC,2014J,587881.0,M,London Region,A Level or Equivalent,20-30%,0-35,0.0,60.0,N,Fail,164.0,4.0,High,1,0,0
CCC,2014J,587900.0,F,Yorkshire Region,A Level or Equivalent,0-10%,0-35,0.0,60.0,N,Withdrawn,0.0,0.0,High,0,1,0
CCC,2014J,588033.0,M,Yorkshire Region,A Level or Equivalent,30-40%,0-35,0.0,30.0,N,Withdrawn,579.0,90.0,High,1,1,0
CCC,2014J,588100.0,M,Scotland,A Level or Equivalent,40-50%,0-35,0.0,60.0,N,Pass,773.0,4.0,High,1,0,1
CCC,2014J,588170.0,F,South West Region,A Level or Equivalent,20-30%,35-55,0.0,60.0,N,Withdrawn,847.0,235.0,High,1,1,0
CCC,2014J,588178.0,M,South West Region,A Level or Equivalent,30-40%,35-55,0.0,60.0,N,Withdrawn,1912.0,916.0,High,1,1,0
CCC,2014J,588261.0,M,West Midlands Region,HE Qualification,50-60%,35-55,0.0,120.0,N,Withdrawn,5.0,0.0,High,0,1,0
CCC,2014J,588482.0,M,North Region,A Level or Equivalent,30-40%,0-35,0.0,60.0,N,Pass,1604.0,11.0,High,1,0,1
CCC,2014J,588493.0,M,Scotland,HE Qualification,90-100%,0-35,0.0,60.0,N,Fail,1360.0,165.0,High,1,0,0
CCC,2014J,588556.0,M,Yorkshire Region,A Level or Equivalent,40-50%,0-35,0.0,60.0,N,Fail,149.0,32.0,High,1,0,0
CCC,2014J,588566.0,M,East Midlands Region,A Level or Equivalent,20-30%,35-55,0.0,30.0,N,Fail,619.0,39.0,High,1,0,0
CCC,2014J,588765.0,M,South West Region,A Level or Equivalent,60-70%,0-35,0.0,30.0,N,Pass,3785.0,220.0,High,1,0,1
CCC,2014J,588824.0,F,Scotland,HE Qualification,20-30%,0-35,0.0,60.0,Y,Withdrawn,813.0,128.0,High,1,1,0
CCC,2014J,588842.0,M,London Region,A Level or Equivalent,30-40%,0-35,0.0,120.0,N,Pass,1969.0,8.0,High,1,0,1
CCC,2014J,589223.0,M,London Region,A Level or Equivalent,30-40%,0-35,0.0,30.0,N,Withdrawn,19.0,0.0,High,0,1,0
CCC,2014J,589327.0,M,Scotland,HE Qualification,70-80%,0-35,1.0,30.0,N,Withdrawn,943.0,85.0,High,1,1,0
CCC,2014J,589438.0,F,South West Region,HE Qualification,30-40%,0-35,0.0,60.0,N,Pass,805.0,72.0,High,1,0,1
CCC,2014J,589441.0,M,South Region,Lower Than A Level,70-80%,0-35,0.0,90.0,N,Withdrawn,190.0,1.0,Low,1,1,0
CCC,2014J,589463.0,F,South East Region,HE Qualification,80-90%,35-55,0.0,120.0,N,Pass,6195.0,70.0,High,1,0,1
CCC,2014J,589523.0,M,East Anglian Region,Lower Than A Level,80-90%,0-35,0.0,60.0,Y,Fail,2372.0,30.0,Low,1,0,0
CCC,2014J,589565.0,F,South Region,Lower Than A Level,80-90%,35-55,0.0,60.0,N,Distinction,4394.0,1387.0,Low,1,0,1
CCC,2014J,589634.0,M,South West Region,A Level or Equivalent,60-70%,0-35,0.0,90.0,N,Distinction,1212.0,238.0,High,1,0,1
CCC,2014J,589723.0,F,South Region,A Level or Equivalent,60-70%,0-35,0.0,30.0,N,Withdrawn,202.0,0.0,High,0,1,0
CCC,2014J,589778.0,M,South East Region,A Level or Equivalent,10-20,0-35,0.0,30.0,Y,Pass,1038.0,3.0,High,1,0,1
CCC,2014J,589782.0,M,North Western Region,HE Qualification,30-40%,0-35,0.0,60.0,N,Distinction,995.0,44.0,High,1,0,1
CCC,2014J,589956.0,M,South Region,Lower Than A Level,,35-55,0.0,60.0,N,Distinction,1044.0,36.0,Low,1,0,1
CCC,2014J,590397.0,F,Ireland,A Level or Equivalent,,0-35,0.0,60.0,N,Pass,2316.0,840.0,High,1,0,1
CCC,2014J,590519.0,F,North Western Region,A Level or Equivalent,80-90%,0-35,0.0,60.0,N,Fail,220.0,9.0,High,1,0,0
CCC,2014J,590676.0,M,South East Region,No Formal quals,20-30%,0-35,0.0,60.0,N,Pass,925.0,91.0,Other,1,0,1
CCC,2014J,590886.0,M,North Western Region,HE Qualification,20-30%,0-35,0.0,90.0,N,Withdrawn,73.0,0.0,High,0,1,0
CCC,2014J,590974.0,M,Yorkshire Region,Lower Than A Level,60-70%,0-35,1.0,30.0,N,Fail,412.0,0.0,Low,0,0,0
CCC,2014J,591083.0,F,North Region,Lower Than A Level,20-30%,35-55,0.0,30.0,N,Fail,3999.0,11.0,Low,1,0,0
CCC,2014J,591230.0,M,London Region,HE Qualification,20-30%,0-35,0.0,30.0,N,Pass,2502.0,229.0,High,1,0,1
CCC,2014J,591593.0,M,South East Region,Lower Than A Level,50-60%,0-35,0.0,90.0,Y,Withdrawn,0.0,0.0,Low,0,1,0
CCC,2014J,591619.0,F,South West Region,HE Qualification,90-100%,0-35,1.0,30.0,N,Withdrawn,280.0,68.0,High,1,1,0
CCC,2014J,591655.0,M,North Region,Lower Than A Level,70-80%,0-35,1.0,90.0,N,Fail,95.0,1.0,Low,1,0,0
CCC,2014J,591733.0,F,South Region,Lower Than A Level,50-60%,0-35,0.0,60.0,N,Withdrawn,510.0,16.0,Low,1,1,0
CCC,2014J,591869.0,M,North Region,HE Qualification,,0-35,0.0,30.0,N,Withdrawn,1837.0,136.0,High,1,1,0
CCC,2014J,591891.0,M,South East Region,A Level or Equivalent,50-60%,35-55,0.0,60.0,Y,Pass,907.0,163.0,High,1,0,1
CCC,2014J,592051.0,M,Scotland,HE Qualification,50-60%,35-55,1.0,90.0,Y,Pass,3228.0,542.0,High,1,0,1
CCC,2014J,592093.0,M,West Midlands Region,Lower Than A Level,20-30%,0-35,1.0,60.0,N,Pass,1241.0,91.0,Low,1,0,1
CCC,2014J,592124.0,M,Wales,Lower Than A Level,60-70%,0-35,0.0,30.0,N,Withdrawn,1.0,0.0,Low,0,1,0
CCC,2014J,592259.0,M,Yorkshire Region,A Level or Equivalent,80-90%,0-35,1.0,90.0,N,Withdrawn,464.0,69.0,High,1,1,0
CCC,2014J,592310.0,F,North Western Region,HE Qualification,50-60%,35-55,0.0,30.0,N,Distinction,2126.0,257.0,High,1,0,1
CCC,2014J,592338.0,F,South Region,A Level or Equivalent,70-80%,0-35,0.0,60.0,N,Pass,1411.0,136.0,High,1,0,1
CCC,2014J,592372.0,M,Yorkshire Region,Lower Than A Level,20-30%,35-55,0.0,30.0,N,Fail,988.0,15.0,Low,1,0,0
CCC,2014J,592494.0,F,West Midlands Region,A Level or Equivalent,0-10%,0-35,0.0,30.0,N,Pass,4526.0,1091.0,High,1,0,1
CCC,2014J,592625.0,M,Wales,A Level or Equivalent,40-50%,0-35,0.0,90.0,N,Pass,1003.0,0.0,High,0,0,1
CCC,2014J,592657.0,F,London Region,Lower Than A Level,10-20,35-55,0.0,120.0,Y,Withdrawn,751.0,5.0,Low,1,1,0
CCC,2014J,592731.0,M,East Anglian Region,Lower Than A Level,60-70%,35-55,0.0,30.0,N,Withdrawn,3549.0,986.0,Low,1,1,0
CCC,2014J,592787.0,M,East Midlands Region,Lower Than A Level,90-100%,35-55,0.0,30.0,N,Withdrawn,63.0,9.0,Low,1,1,0
CCC,2014J,592805.0,M,Yorkshire Region,A Level or Equivalent,10-20,0-35,0.0,30.0,N,Withdrawn,3.0,0.0,High,0,1,0
CCC,2014J,592950.0,F,South East Region,A Level or Equivalent,60-70%,35-55,0.0,60.0,Y,Withdrawn,509.0,33.0,High,1,1,0
CCC,2014J,592951.0,F,Wales,Lower Than A Level,50-60%,0-35,0.0,120.0,N,Withdrawn,75.0,0.0,Low,0,1,0
CCC,2014J,592997.0,M,London Region,HE Qualification,40-50%,35-55,0.0,30.0,N,Fail,2107.0,13.0,High,1,0,0
CCC,2014J,593022.0,M,North Western Region,A Level or Equivalent,80-90%,0-35,0.0,60.0,N,Pass,2100.0,115.0,High,1,0,1
CCC,2014J,593607.0,M,East Midlands Region,A Level or Equivalent,30-40%,0-35,0.0,30.0,N,Withdrawn,283.0,2.0,High,1,1,0
CCC,2014J,593657.0,M,East Anglian Region,Lower Than A Level,20-30%,0-35,0.0,30.0,N,Distinction,2420.0,69.0,Low,1,0,1
CCC,2014J,594052.0,M,North Western Region,A Level or Equivalent,80-90%,0-35,1.0,30.0,N,Withdrawn,14.0,0.0,High,0,1,0
CCC,2014J,594214.0,M,Scotland,Lower Than A Level,20-30%,35-55,0.0,60.0,N,Withdrawn,374.0,25.0,Low,1,1,0
CCC,2014J,594319.0,M,Scotland,HE Qualification,30-40%,0-35,0.0,120.0,N,Withdrawn,622.0,58.0,High,1,1,0
CCC,2014J,594326.0,M,West Midlands Region,A Level or Equivalent,60-70%,0-35,1.0,60.0,N,Pass,1297.0,47.0,High,1,0,1
CCC,2014J,594399.0,M,Scotland,Lower Than A Level,60-70%,0-35,0.0,60.0,N,Withdrawn,139.0,2.0,Low,1,1,0
CCC,2014J,594419.0,F,North Western Region,Lower Than A Level,40-50%,0-35,1.0,60.0,N,Pass,1028.0,14.0,Low,1,0,1
CCC,2014J,594627.0,M,North Western Region,A Level or Equivalent,30-40%,0-35,0.0,120.0,N,Withdrawn,36.0,7.0,High,1,1,0
CCC,2014J,594909.0,M,North Western Region,A Level or Equivalent,40-50%,0-35,0.0,30.0,N,Pass,986.0,35.0,High,1,0,1
CCC,2014J,595106.0,M,South West Region,A Level or Equivalent,50-60%,0-35,0.0,60.0,N,Distinction,972.0,203.0,High,1,0,1
CCC,2014J,595495.0,M,East Anglian Region,A Level or Equivalent,50-60%,0-35,0.0,60.0,Y,Pass,5885.0,870.0,High,1,0,1
CCC,2014J,595514.0,M,East Midlands Region,A Level or Equivalent,80-90%,35-55,1.0,30.0,N,Pass,6588.0,748.0,High,1,0,1
CCC,2014J,595553.0,M,North Region,HE Qualification,,35-55,0.0,90.0,N,Withdrawn,730.0,18.0,High,1,1,0
CCC,2014J,595655.0,M,West Midlands Region,Lower Than A Level,20-30%,0-35,0.0,60.0,N,Withdrawn,72.0,9.0,Low,1,1,0
CCC,2014J,595746.0,M,West Midlands Region,Lower Than A Level,10-20,35-55,0.0,90.0,N,Withdrawn,73.0,0.0,Low,0,1,0
CCC,2014J,595938.0,M,East Midlands Region,HE Qualification,30-40%,35-55,0.0,30.0,N,Withdrawn,542.0,128.0,High,1,1,0
CCC,2014J,595988.0,F,London Region,A Level or Equivalent,10-20,0-35,0.0,60.0,N,Withdrawn,71.0,4.0,High,1,1,0
CCC,2014J,596052.0,M,South East Region,Lower Than A Level,20-30%,0-35,0.0,120.0,Y,Withdrawn,11.0,0.0,Low,0,1,0
CCC,2014J,596245.0,M,South East Region,A Level or Equivalent,0-10%,0-35,0.0,120.0,N,Withdrawn,0.0,0.0,High,0,1,0
CCC,2014J,596332.0,M,East Midlands Region,A Level or Equivalent,70-80%,0-35,0.0,60.0,N,Pass,2954.0,49.0,High,1,0,1
CCC,2014J,596441.0,M,South Region,A Level or Equivalent,90-100%,0-35,0.0,60.0,N,Withdrawn,122.0,0.0,High,0,1,0
CCC,2014J,596620.0,F,East Midlands Region,Lower Than A Level,20-30%,0-35,0.0,120.0,Y,Withdrawn,1310.0,222.0,Low,1,1,0
CCC,2014J,596711.0,F,East Anglian Region,A Level or Equivalent,80-90%,0-35,0.0,60.0,N,Pass,1236.0,12.0,High,1,0,1
CCC,2014J,596789.0,M,Wales,A Level or Equivalent,50-60%,0-35,0.0,90.0,N,Withdrawn,73.0,3.0,High,1,1,0
CCC,2014J,596812.0,F,South East Region,Lower Than A Level,80-90%,35-55,0.0,90.0,N,Withdrawn,286.0,0.0,Low,0,1,0
CCC,2014J,596845.0,M,East Anglian Region,A Level or Equivalent,90-100%,0-35,0.0,60.0,N,Pass,1190.0,149.0,High,1,0,1
CCC,2014J,596846.0,M,South West Region,A Level or Equivalent,50-60%,0-35,0.0,90.0,N,Pass,1118.0,347.0,High,1,0,1
CCC,2014J,596855.0,M,South West Region,Lower Than A Level,60-70%,0-35,0.0,60.0,N,Withdrawn,4.0,0.0,Low,0,1,0
CCC,2014J,596860.0,M,North Western Region,HE Qualification,30-40%,35-55,0.0,90.0,N,Withdrawn,106.0,1.0,High,1,1,0
CCC,2014J,596931.0,M,South Region,HE Qualification,80-90%,0-35,0.0,30.0,N,Withdrawn,18.0,0.0,High,0,1,0
CCC,2014J,596981.0,M,Scotland,A Level or Equivalent,20-30%,0-35,0.0,60.0,N,Fail,483.0,62.0,High,1,0,0
CCC,2014J,597052.0,F,East Anglian Region,A Level or Equivalent,30-40%,35-55,0.0,90.0,Y,Pass,4625.0,128.0,High,1,0,1
CCC,2014J,597166.0,M,North Western Region,HE Qualification,10-20,0-35,0.0,60.0,N,Withdrawn,181.0,13.0,High,1,1,0
CCC,2014J,597319.0,M,South West Region,Lower Than A Level,70-80%,0-35,0.0,30.0,N,Withdrawn,184.0,0.0,Low,0,1,0
CCC,2014J,597365.0,M,North Western Region,A Level or Equivalent,0-10%,35-55,0.0,60.0,N,Pass,9495.0,3681.0,High,1,0,1
CCC,2014J,597433.0,F,West Midlands Region,A Level or Equivalent,80-90%,0-35,0.0,120.0,N,Pass,688.0,12.0,High,1,0,1
CCC,2014J,597436.0,F,North Western Region,A Level or Equivalent,60-70%,35-55,0.0,60.0,N,Distinction,2740.0,371.0,High,1,0,1
CCC,2014J,597560.0,M,East Midlands Region,Lower Than A Level,60-70%,35-55,1.0,60.0,N,Withdrawn,2.0,0.0,Low,0,1,0
CCC,2014J,597755.0,M,Wales,A Level or Equivalent,70-80%,0-35,0.0,60.0,N,Distinction,508.0,11.0,High,1,0,1
CCC,2014J,597948.0,M,South West Region,HE Qualification,70-80%,35-55,0.0,60.0,N,Withdrawn,518.0,11.0,High,1,1,0
CCC,2014J,598028.0,M,Yorkshire Region,HE Qualification,90-100%,0-35,0.0,60.0,N,Withdrawn,531.0,2.0,High,1,1,0
CCC,2014J,598102.0,M,London Region,HE Qualification,0-10%,0-35,0.0,60.0,N,Pass,5773.0,201.0,High,1,0,1
CCC,2014J,598299.0,M,London Region,A Level or Equivalent,60-70%,0-35,0.0,60.0,N,Pass,2934.0,316.0,High,1,0,1
CCC,2014J,598478.0,F,Scotland,A Level or Equivalent,30-40%,35-55,0.0,30.0,N,Withdrawn,733.0,267.0,High,1,1,0
CCC,2014J,598501.0,M,South West Region,A Level or Equivalent,60-70%,0-35,0.0,60.0,N,Pass,747.0,10.0,High,1,0,1
CCC,2014J,598665.0,M,South Region,Lower Than A Level,90-100%,35-55,0.0,30.0,N,Pass,1436.0,968.0,Low,1,0,1
CCC,2014J,598713.0,F,East Anglian Region,A Level or Equivalent,80-90%,0-35,0.0,60.0,N,Pass,768.0,83.0,High,1,0,1
CCC,2014J,598751.0,M,London Region,A Level or Equivalent,30-40%,0-35,0.0,30.0,N,Pass,600.0,0.0,High,0,0,1
CCC,2014J,598887.0,M,South Region,A Level or Equivalent,20-30%,0-35,0.0,120.0,N,Withdrawn,29.0,0.0,High,0,1,0
CCC,2014J,598963.0,M,North Western Region,HE Qualification,80-90%,35-55,0.0,30.0,N,Pass,2062.0,107.0,High,1,0,1
CCC,2014J,598983.0,M,Scotland,A Level or Equivalent,30-40%,35-55,0.0,60.0,N,Pass,670.0,31.0,High,1,0,1
CCC,2014J,599084.0,M,South East Region,Lower Than A Level,60-70%,35-55,0.0,60.0,N,Withdrawn,654.0,15.0,Low,1,1,0
CCC,2014J,599109.0,M,South East Region,A Level or Equivalent,70-80%,0-35,0.0,60.0,N,Pass,1777.0,168.0,High,1,0,1
CCC,2014J,599169.0,M,Scotland,A Level or Equivalent,60-70%,0-35,0.0,120.0,Y,Pass,953.0,136.0,High,1,0,1
CCC,2014J,599176.0,M,Wales,HE Qualification,90-100%,0-35,0.0,60.0,N,Distinction,1814.0,296.0,High,1,0,1
CCC,2014J,599297.0,M,Yorkshire Region,A Level or Equivalent,10-20,0-35,0.0,120.0,N,Fail,144.0,0.0,High,0,0,0
CCC,2014J,599341.0,M,Scotland,A Level or Equivalent,50-60%,0-35,1.0,60.0,N,Withdrawn,792.0,13.0,High,1,1,0
CCC,2014J,599398.0,M,South Region,Lower Than A Level,90-100%,0-35,0.0,60.0,N,Fail,1462.0,20.0,Low,1,0,0
CCC,2014J,599429.0,M,Yorkshire Region,A Level or Equivalent,0-10%,0-35,0.0,90.0,N,Withdrawn,105.0,25.0,High,1,1,0
CCC,2014J,599452.0,M,North Region,HE Qualification,,0-35,1.0,90.0,N,Pass,479.0,5.0,High,1,0,1
CCC,2014J,599461.0,F,London Region,A Level or Equivalent,20-30%,0-35,0.0,90.0,N,Withdrawn,50.0,0.0,High,0,1,0
CCC,2014J,599491.0,M,South Region,HE Qualification,80-90%,35-55,0.0,30.0,N,Fail,2996.0,424.0,High,1,0,0
CCC,2014J,599663.0,M,North Region,HE Qualification,30-40%,0-35,0.0,60.0,N,Withdrawn,479.0,12.0,High,1,1,0
CCC,2014J,599740.0,M,London Region,A Level or Equivalent,70-80%,35-55,0.0,60.0,N,Pass,853.0,3.0,High,1,0,1
CCC,2014J,599976.0,M,South East Region,Lower Than A Level,50-60%,0-35,0.0,30.0,N,Fail,84.0,1.0,Low,1,0,0
CCC,2014J,600042.0,F,East Anglian Region,A Level or Equivalent,30-40%,0-35,0.0,90.0,N,Withdrawn,11.0,0.0,High,0,1,0
CCC,2014J,600067.0,M,East Anglian Region,A Level or Equivalent,80-90%,0-35,0.0,60.0,N,Distinction,1708.0,74.0,High,1,0,1
CCC,2014J,600175.0,M,North Western Region,HE Qualification,80-90%,35-55,0.0,90.0,N,Withdrawn,1185.0,137.0,High,1,1,0
CCC,2014J,600350.0,M,South West Region,A Level or Equivalent,40-50%,0-35,0.0,60.0,N,Withdrawn,176.0,25.0,High,1,1,0
CCC,2014J,600509.0,M,North Western Region,A Level or Equivalent,70-80%,0-35,1.0,30.0,N,Fail,157.0,0.0,High,0,0,0
CCC,2014J,600535.0,M,Scotland,Lower Than A Level,30-40%,0-35,0.0,30.0,N,Fail,2582.0,461.0,Low,1,0,0
CCC,2014J,600547.0,M,North Western Region,A Level or Equivalent,10-20,35-55,1.0,30.0,N,Withdrawn,1537.0,10.0,High,1,1,0
CCC,2014J,600796.0,F,Ireland,Lower Than A Level,80-90%,0-35,0.0,60.0,N,Pass,5205.0,1055.0,Low,1,0,1
CCC,2014J,600814.0,M,South West Region,Lower Than A Level,30-40%,35-55,1.0,90.0,N,Fail,1407.0,114.0,Low,1,0,0
CCC,2014J,600869.0,M,South Region,Lower Than A Level,90-100%,0-35,0.0,60.0,N,Withdrawn,154.0,2.0,Low,1,1,0
CCC,2014J,600898.0,M,West Midlands Region,A Level or Equivalent,10-20,0-35,0.0,90.0,N,Withdrawn,3.0,0.0,High,0,1,0
CCC,2014J,601043.0,M,North Region,A Level or Equivalent,10-20,0-35,0.0,30.0,N,Withdrawn,466.0,65.0,High,1,1,0
CCC,2014J,601054.0,M,London Region,A Level or Equivalent,10-20,0-35,1.0,60.0,N,Withdrawn,7.0,0.0,High,0,1,0
CCC,2014J,601082.0,M,Wales,Lower Than A Level,70-80%,35-55,0.0,60.0,N,Fail,1074.0,6.0,Low,1,0,0
CCC,2014J,601234.0,M,North Western Region,A Level or Equivalent,40-50%,35-55,0.0,60.0,N,Pass,1687.0,39.0,High,1,0,1
CCC,2014J,601388.0,F,South East Region,A Level or Equivalent,40-50%,0-35,0.0,60.0,N,Pass,575.0,23.0,High,1,0,1
CCC,2014J,601431.0,M,South West Region,A Level or Equivalent,70-80%,35-55,0.0,60.0,N,Fail,588.0,142.0,High,1,0,0
CCC,2014J,601517.0,M,West Midlands Region,A Level or Equivalent,80-90%,0-35,0.0,30.0,N,Fail,880.0,12.0,High,1,0,0
CCC,2014J,601566.0,M,North Western Region,A Level or Equivalent,60-70%,0-35,0.0,60.0,N,Withdrawn,323.0,29.0,High,1,1,0
CCC,2014J,601567.0,M,East Anglian Region,Lower Than A Level,70-80%,0-35,0.0,60.0,N,Fail,326.0,18.0,Low,1,0,0
CCC,2014J,601653.0,M,North Region,HE Qualification,,35-55,0.0,60.0,N,Withdrawn,156.0,7.0,High,1,1,0
CCC,2014J,601735.0,M,North Region,Lower Than A Level,,35-55,0.0,60.0,N,Withdrawn,1625.0,1.0,Low,1,1,0
CCC,2014J,601753.0,M,Wales,Lower Than A Level,30-40%,35-55,0.0,90.0,N,Withdrawn,748.0,113.0,Low,1,1,0
CCC,2014J,601857.0,F,South Region,Lower Than A Level,60-70%,0-35,0.0,120.0,Y,Withdrawn,932.0,53.0,Low,1,1,0
CCC,2014J,601956.0,M,East Anglian Region,A Level or Equivalent,40-50%,0-35,0.0,60.0,N,Withdrawn,685.0,137.0,High,1,1,0
CCC,2014J,602030.0,M,Scotland,Lower Than A Level,60-70%,0-35,1.0,30.0,N,Fail,1164.0,270.0,Low,1,0,0
CCC,2014J,602123.0,M,South Region,Lower Than A Level,70-80%,0-35,0.0,90.0,N,Fail,1392.0,9.0,Low,1,0,0
CCC,2014J,602151.0,M,East Anglian Region,A Level or Equivalent,10-20,0-35,0.0,60.0,N,Pass,1224.0,129.0,High,1,0,1
CCC,2014J,602288.0,M,South Region,A Level or Equivalent,,0-35,1.0,60.0,N,Pass,1094.0,125.0,High,1,0,1
CCC,2014J,602533.0,M,West Midlands Region,A Level or Equivalent,20-30%,0-35,0.0,60.0,Y,Distinction,701.0,288.0,High,1,0,1
CCC,2014J,602585.0,M,Scotland,A Level or Equivalent,80-90%,0-35,1.0,60.0,N,Withdrawn,134.0,3.0,High,1,1,0
CCC,2014J,602683.0,F,Scotland,HE Qualification,50-60%,35-55,0.0,60.0,N,Distinction,3987.0,1798.0,High,1,0,1
CCC,2014J,602806.0,F,East Anglian Region,A Level or Equivalent,40-50%,0-35,0.0,150.0,N,Withdrawn,0.0,0.0,High,0,1,0
CCC,2014J,602827.0,M,West Midlands Region,Lower Than A Level,50-60%,0-35,0.0,60.0,N,Withdrawn,337.0,8.0,Low,1,1,0
CCC,2014J,602856.0,F,East Anglian Region,HE Qualification,50-60%,0-35,0.0,60.0,N,Withdrawn,1678.0,474.0,High,1,1,0
CCC,2014J,602973.0,F,Scotland,Lower Than A Level,20-30%,0-35,0.0,60.0,N,Pass,1712.0,349.0,Low,1,0,1
CCC,2014J,603049.0,M,Scotland,HE Qualification,30-40%,0-35,0.0,60.0,N,Pass,527.0,79.0,High,1,0,1
CCC,2014J,603129.0,M,South Region,A Level or Equivalent,50-60%,0-35,0.0,60.0,N,Pass,511.0,5.0,High,1,0,1
CCC,2014J,603179.0,M,South East Region,Lower Than A Level,40-50%,35-55,1.0,60.0,N,Pass,731.0,1.0,Low,1,0,1
CCC,2014J,603302.0,M,South West Region,A Level or Equivalent,20-30%,0-35,0.0,90.0,Y,Withdrawn,800.0,28.0,High,1,1,0
CCC,2014J,603325.0,F,South East Region,A Level or Equivalent,30-40%,0-35,0.0,60.0,Y,Distinction,1640.0,210.0,High,1,0,1
CCC,2014J,603503.0,M,Yorkshire Region,A Level or Equivalent,40-50%,0-35,0.0,30.0,N,Pass,727.0,67.0,High,1,0,1
CCC,2014J,603529.0,M,Scotland,A Level or Equivalent,50-60%,0-35,0.0,90.0,N,Pass,1457.0,17.0,High,1,0,1
CCC,2014J,603560.0,F,South West Region,Lower Than A Level,90-100%,0-35,0.0,30.0,N,Withdrawn,3002.0,1.0,Low,1,1,0
CCC,2014J,603620.0,F,London Region,A Level or Equivalent,40-50%,0-35,0.0,60.0,N,Pass,2312.0,1014.0,High,1,0,1
CCC,2014J,603728.0,M,North Western Region,HE Qualification,20-30%,0-35,0.0,30.0,N,Fail,0.0,0.0,High,0,0,0
CCC,2014J,603979.0,F,Scotland,HE Qualification,40-50%,35-55,0.0,90.0,N,Withdrawn,439.0,51.0,High,1,1,0
CCC,2014J,604057.0,F,Scotland,A Level or Equivalent,90-100%,0-35,0.0,120.0,N,Distinction,1970.0,312.0,High,1,0,1
CCC,2014J,604164.0,M,West Midlands Region,A Level or Equivalent,,35-55,1.0,60.0,N,Pass,3381.0,1345.0,High,1,0,1
CCC,2014J,604340.0,M,South Region,A Level or Equivalent,30-40%,0-35,0.0,60.0,N,Withdrawn,0.0,0.0,High,0,1,0
CCC,2014J,604379.0,M,East Anglian Region,A Level or Equivalent,20-30%,0-35,0.0,90.0,N,Withdrawn,141.0,0.0,High,0,1,0
CCC,2014J,604694.0,M,London Region,Lower Than A Level,70-80%,0-35,0.0,60.0,N,Withdrawn,256.0,69.0,Low,1,1,0
CCC,2014J,604825.0,F,South East Region,Lower Than A Level,90-100%,0-35,0.0,120.0,N,Withdrawn,235.0,1.0,Low,1,1,0
CCC,2014J,604906.0,M,South Region,Lower Than A Level,70-80%,35-55,1.0,30.0,N,Fail,1428.0,226.0,Low,1,0,0
CCC,2014J,604991.0,M,North Region,A Level or Equivalent,60-70%,35-55,0.0,60.0,N,Fail,1120.0,9.0,High,1,0,0
CCC,2014J,605111.0,M,South East Region,Lower Than A Level,50-60%,0-35,0.0,30.0,N,Pass,576.0,109.0,Low,1,0,1
CCC,2014J,605264.0,M,West Midlands Region,Lower Than A Level,40-50%,0-35,0.0,60.0,N,Withdrawn,45.0,1.0,Low,1,1,0
CCC,2014J,605367.0,M,London Region,A Level or Equivalent,50-60%,35-55,0.0,90.0,N,Fail,1581.0,17.0,High,1,0,0
CCC,2014J,605459.0,M,South West Region,Lower Than A Level,90-100%,0-35,0.0,150.0,N,Withdrawn,219.0,47.0,Low,1,1,0
CCC,2014J,605468.0,F,South West Region,A Level or Equivalent,80-90%,35-55,0.0,60.0,Y,Withdrawn,266.0,9.0,High,1,1,0
CCC,2014J,605540.0,M,London Region,A Level or Equivalent,20-30%,0-35,0.0,90.0,Y,Distinction,1847.0,1089.0,High,1,0,1
CCC,2014J,605545.0,M,South East Region,Post Graduate Qualification,40-50%,35-55,0.0,60.0,N,Fail,106.0,0.0,Other,0,0,0
CCC,2014J,605666.0,M,East Midlands Region,HE Qualification,60-70%,0-35,0.0,60.0,N,Pass,230.0,64.0,High,1,0,1
CCC,2014J,605840.0,M,North Region,A Level or Equivalent,,0-35,1.0,60.0,Y,Fail,953.0,101.0,High,1,0,0
CCC,2014J,605868.0,M,Yorkshire Region,A Level or Equivalent,70-80%,35-55,0.0,30.0,N,Distinction,6141.0,1181.0,High,1,0,1
CCC,2014J,606036.0,M,South Region,HE Qualification,40-50%,35-55,0.0,90.0,N,Withdrawn,199.0,0.0,High,0,1,0
CCC,2014J,606064.0,F,Scotland,HE Qualification,80-90%,0-35,0.0,90.0,N,Pass,1616.0,338.0,High,1,0,1
CCC,2014J,606170.0,M,South East Region,Lower Than A Level,40-50%,0-35,0.0,30.0,N,Pass,802.0,30.0,Low,1,0,1
CCC,2014J,606182.0,M,Scotland,A Level or Equivalent,70-80%,35-55,0.0,60.0,N,Withdrawn,29.0,10.0,High,1,1,0
CCC,2014J,606344.0,M,Yorkshire Region,A Level or Equivalent,20-30%,0-35,0.0,60.0,N,Withdrawn,591.0,149.0,High,1,1,0
CCC,2014J,606345.0,F,East Anglian Region,A Level or Equivalent,70-80%,35-55,0.0,90.0,N,Pass,2893.0,11.0,High,1,0,1
CCC,2014J,607047.0,M,Scotland,Post Graduate Qualification,90-100%,0-35,0.0,60.0,N,Pass,1097.0,126.0,Other,1,0,1
CCC,2014J,607085.0,M,Scotland,A Level or Equivalent,40-50%,0-35,0.0,60.0,N,Pass,448.0,16.0,High,1,0,1
CCC,2014J,607094.0,F,London Region,A Level or Equivalent,10-20,0-35,0.0,120.0,N,Fail,529.0,5.0,High,1,0,0
CCC,2014J,607143.0,M,Scotland,Lower Than A Level,60-70%,0-35,0.0,60.0,N,Fail,442.0,83.0,Low,1,0,0
CCC,2014J,607427.0,F,South West Region,Lower Than A Level,50-60%,0-35,0.0,180.0,Y,Withdrawn,65.0,0.0,Low,0,1,0
CCC,2014J,607429.0,F,South East Region,A Level or Equivalent,60-70%,35-55,0.0,30.0,Y,Pass,1214.0,95.0,High,1,0,1
CCC,2014J,607453.0,M,South East Region,HE Qualification,20-30%,0-35,1.0,60.0,N,Pass,974.0,47.0,High,1,0,1
CCC,2014J,607555.0,M,Scotland,HE Qualification,70-80%,0-35,0.0,120.0,N,Fail,1094.0,13.0,High,1,0,0
CCC,2014J,607600.0,M,South Region,Lower Than A Level,30-40%,0-35,0.0,60.0,N,Withdrawn,124.0,5.0,Low,1,1,0
CCC,2014J,607668.0,F,Wales,A Level or Equivalent,90-100%,0-35,0.0,120.0,N,Pass,1516.0,12.0,High,1,0,1
CCC,2014J,607812.0,F,Scotland,HE Qualification,90-100%,35-55,0.0,60.0,N,Pass,3823.0,801.0,High,1,0,1
CCC,2014J,607900.0,M,South East Region,A Level or Equivalent,70-80%,35-55,0.0,90.0,N,Withdrawn,5477.0,1515.0,High,1,1,0
CCC,2014J,607947.0,M,North Western Region,A Level or Equivalent,70-80%,0-35,0.0,30.0,N,Distinction,567.0,8.0,High,1,0,1
CCC,2014J,608422.0,M,North Region,A Level or Equivalent,,35-55,0.0,60.0,N,Pass,763.0,13.0,High,1,0,1
CCC,2014J,608423.0,M,London Region,Lower Than A Level,20-30%,0-35,0.0,90.0,N,Withdrawn,336.0,0.0,Low,0,1,0
CCC,2014J,608571.0,M,South Region,A Level or Equivalent,90-100%,0-35,0.0,160.0,N,Fail,248.0,0.0,High,0,0,0
CCC,2014J,608577.0,M,North Region,HE Qualification,,35-55,1.0,30.0,N,Fail,404.0,0.0,High,0,0,0
CCC,2014J,608669.0,M,Scotland,A Level or Equivalent,60-70%,0-35,0.0,60.0,N,Fail,5.0,1.0,High,1,0,0
CCC,2014J,608681.0,M,North Western Region,Lower Than A Level,10-20,0-35,0.0,60.0,Y,Fail,454.0,39.0,Low,1,0,0
CCC,2014J,608746.0,F,West Midlands Region,Lower Than A Level,10-20,0-35,1.0,120.0,N,Pass,832.0,55.0,Low,1,0,1
CCC,2014J,608821.0,F,North Region,A Level or Equivalent,60-70%,35-55,0.0,60.0,N,Withdrawn,105.0,0.0,High,0,1,0
CCC,2014J,608891.0,M,London Region,Lower Than A Level,60-70%,0-35,0.0,60.0,N,Fail,344.0,22.0,Low,1,0,0
CCC,2014J,608978.0,F,South West Region,HE Qualification,40-50%,35-55,0.0,60.0,N,Distinction,7463.0,3654.0,High,1,0,1
CCC,2014J,608983.0,F,Wales,HE Qualification,20-30%,35-55,0.0,60.0,N,Withdrawn,42.0,0.0,High,0,1,0
CCC,2014J,609031.0,F,East Anglian Region,Lower Than A Level,70-80%,0-35,0.0,90.0,N,Pass,1117.0,82.0,Low,1,0,1
CCC,2014J,609044.0,M,London Region,A Level or Equivalent,20-30%,0-35,1.0,60.0,N,Withdrawn,43.0,1.0,High,1,1,0
CCC,2014J,609235.0,M,Scotland,HE Qualification,30-40%,0-35,0.0,90.0,N,Distinction,929.0,6.0,High,1,0,1
CCC,2014J,609456.0,M,London Region,HE Qualification,10-20,0-35,0.0,120.0,N,Pass,2194.0,50.0,High,1,0,1
CCC,2014J,609527.0,M,South East Region,HE Qualification,70-80%,0-35,0.0,60.0,N,Withdrawn,356.0,32.0,High,1,1,0
CCC,2014J,609537.0,M,North Region,A Level or Equivalent,90-100%,0-35,0.0,60.0,N,Distinction,4956.0,408.0,High,1,0,1
CCC,2014J,609605.0,M,Wales,HE Qualification,70-80%,0-35,1.0,60.0,N,Withdrawn,642.0,40.0,High,1,1,0
CCC,2014J,609823.0,M,North Region,HE Qualification,,35-55,0.0,60.0,N,Withdrawn,249.0,12.0,High,1,1,0
CCC,2014J,609852.0,M,North Region,HE Qualification,,35-55,0.0,120.0,N,Pass,2883.0,1011.0,High,1,0,1
CCC,2014J,609891.0,M,West Midlands Region,A Level or Equivalent,50-60%,0-35,0.0,60.0,N,Fail,3229.0,156.0,High,1,0,0
CCC,2014J,609969.0,M,North Region,Lower Than A Level,,0-35,0.0,60.0,N,Pass,1266.0,444.0,Low,1,0,1
CCC,2014J,610019.0,M,Yorkshire Region,A Level or Equivalent,40-50%,55<=,0.0,90.0,N,Pass,2020.0,116.0,High,1,0,1
CCC,2014J,610033.0,M,South Region,A Level or Equivalent,50-60%,0-35,0.0,60.0,N,Distinction,1146.0,30.0,High,1,0,1
CCC,2014J,610234.0,M,Scotland,HE Qualification,50-60%,0-35,1.0,60.0,N,Pass,3296.0,742.0,High,1,0,1
CCC,2014J,610279.0,M,South Region,A Level or Equivalent,60-70%,0-35,0.0,60.0,N,Pass,810.0,41.0,High,1,0,1
CCC,2014J,610285.0,M,South East Region,A Level or Equivalent,60-70%,0-35,0.0,60.0,N,Withdrawn,482.0,51.0,High,1,1,0
CCC,2014J,610287.0,M,East Anglian Region,HE Qualification,80-90%,0-35,1.0,60.0,N,Pass,587.0,3.0,High,1,0,1
CCC,2014J,610324.0,M,Scotland,HE Qualification,30-40%,0-35,0.0,30.0,N,Fail,84.0,23.0,High,1,0,0
CCC,2014J,610537.0,M,North Western Region,A Level or Equivalent,50-60%,0-35,0.0,120.0,N,Fail,121.0,2.0,High,1,0,0
CCC,2014J,610549.0,M,North Western Region,A Level or Equivalent,50-60%,35-55,1.0,60.0,N,Withdrawn,128.0,4.0,High,1,1,0
CCC,2014J,610622.0,F,East Midlands Region,Lower Than A Level,0-10%,0-35,0.0,210.0,N,Withdrawn,136.0,0.0,Low,0,1,0
CCC,2014J,610643.0,M,South East Region,A Level or Equivalent,60-70%,35-55,0.0,60.0,N,Pass,657.0,59.0,High,1,0,1
CCC,2014J,610650.0,M,Yorkshire Region,A Level or Equivalent,60-70%,0-35,0.0,90.0,N,Pass,393.0,25.0,High,1,0,1
CCC,2014J,610681.0,F,South Region,A Level or Equivalent,80-90%,0-35,0.0,30.0,N,Fail,430.0,10.0,High,1,0,0
CCC,2014J,610684.0,M,East Midlands Region,Lower Than A Level,20-30%,35-55,0.0,60.0,Y,Withdrawn,338.0,4.0,Low,1,1,0
CCC,2014J,610881.0,M,South West Region,A Level or Equivalent,50-60%,35-55,0.0,60.0,N,Distinction,2120.0,74.0,High,1,0,1
CCC,2014J,610904.0,M,South West Region,A Level or Equivalent,10-20,0-35,0.0,60.0,N,Pass,4863.0,298.0,High,1,0,1
CCC,2014J,611033.0,M,North Region,Post Graduate Qualification,,35-55,0.0,30.0,N,Withdrawn,739.0,21.0,Other,1,1,0
CCC,2014J,611173.0,F,South East Region,A Level or Equivalent,90-100%,0-35,1.0,60.0,N,Pass,312.0,35.0,High,1,0,1
CCC,2014J,611255.0,M,Ireland,A Level or Equivalent,,35-55,0.0,60.0,N,Pass,4692.0,2035.0,High,1,0,1
CCC,2014J,611407.0,M,South Region,A Level or Equivalent,90-100%,0-35,0.0,30.0,N,Pass,555.0,46.0,High,1,0,1
CCC,2014J,611417.0,F,North Region,Lower Than A Level,,35-55,0.0,60.0,N,Pass,20391.0,3399.0,Low,1,0,1
CCC,2014J,611465.0,M,Yorkshire Region,Lower Than A Level,70-80%,0-35,1.0,120.0,N,Withdrawn,0.0,0.0,Low,0,1,0
CCC,2014J,611520.0,M,North Western Region,A Level or Equivalent,60-70%,0-35,0.0,180.0,N,Withdrawn,0.0,0.0,High,0,1,0
CCC,2014J,611542.0,M,North Region,A Level or Equivalent,,0-35,0.0,60.0,Y,Pass,1596.0,370.0,High,1,0,1
CCC,2014J,611593.0,M,South Region,Post Graduate Qualification,90-100%,35-55,0.0,60.0,N,Distinction,582.0,17.0,Other,1,0,1
CCC,2014J,611813.0,M,South Region,Lower Than A Level,10-20,35-55,0.0,60.0,N,Distinction,925.0,311.0,Low,1,0,1
CCC,2014J,611852.0,M,London Region,A Level or Equivalent,10-20,0-35,0.0,60.0,N,Withdrawn,1.0,0.0,High,0,1,0
CCC,2014J,612127.0,M,West Midlands Region,A Level or Equivalent,70-80%,0-35,1.0,30.0,N,Withdrawn,245.0,3.0,High,1,1,0
CCC,2014J,612177.0,M,Scotland,HE Qualification,70-80%,0-35,0.0,60.0,N,Pass,854.0,122.0,High,1,0,1
CCC,2014J,612179.0,F,Scotland,HE Qualification,30-40%,0-35,0.0,60.0,N,Pass,452.0,24.0,High,1,0,1
CCC,2014J,612183.0,M,Scotland,A Level or Equivalent,80-90%,35-55,0.0,60.0,N,Pass,2468.0,892.0,High,1,0,1
CCC,2014J,612187.0,M,Scotland,HE Qualification,70-80%,0-35,0.0,60.0,N,Pass,1294.0,164.0,High,1,0,1
CCC,2014J,612283.0,F,Scotland,Lower Than A Level,10-20,0-35,0.0,30.0,N,Withdrawn,152.0,26.0,Low,1,1,0
CCC,2014J,612327.0,M,South West Region,A Level or Equivalent,50-60%,0-35,0.0,30.0,N,Pass,2597.0,367.0,High,1,0,1
CCC,2014J,612439.0,M,Wales,HE Qualification,20-30%,0-35,0.0,60.0,N,Fail,200.0,0.0,High,0,0,0
CCC,2014J,612449.0,M,East Anglian Region,A Level or Equivalent,60-70%,35-55,0.0,60.0,N,Withdrawn,471.0,4.0,High,1,1,0
CCC,2014J,612568.0,F,Ireland,A Level or Equivalent,0-10%,35-55,0.0,60.0,N,Withdrawn,217.0,9.0,High,1,1,0
CCC,2014J,612798.0,F,Scotland,HE Qualification,80-90%,0-35,0.0,90.0,N,Pass,3025.0,49.0,High,1,0,1
CCC,2014J,612860.0,M,South Region,A Level or Equivalent,50-60%,0-35,1.0,120.0,N,Pass,745.0,42.0,High,1,0,1
CCC,2014J,613122.0,M,North Western Region,HE Qualification,30-40%,35-55,0.0,60.0,N,Fail,1611.0,140.0,High,1,0,0
CCC,2014J,613237.0,M,Scotland,A Level or Equivalent,10-20,35-55,0.0,30.0,N,Pass,3464.0,1573.0,High,1,0,1
CCC,2014J,613370.0,M,South East Region,A Level or Equivalent,80-90%,35-55,0.0,60.0,N,Distinction,1416.0,128.0,High,1,0,1
CCC,2014J,613644.0,M,South West Region,A Level or Equivalent,40-50%,0-35,0.0,60.0,N,Withdrawn,121.0,9.0,High,1,1,0
CCC,2014J,613667.0,M,West Midlands Region,A Level or Equivalent,50-60%,0-35,0.0,60.0,N,Pass,1616.0,45.0,High,1,0,1
CCC,2014J,613806.0,M,East Anglian Region,HE Qualification,90-100%,0-35,0.0,30.0,N,Distinction,4149.0,0.0,High,0,0,1
CCC,2014J,613954.0,M,Scotland,Lower Than A Level,70-80%,0-35,0.0,60.0,N,Distinction,2735.0,781.0,Low,1,0,1
CCC,2014J,614265.0,M,South Region,Lower Than A Level,50-60%,35-55,1.0,60.0,Y,Pass,756.0,57.0,Low,1,0,1
CCC,2014J,614300.0,M,East Midlands Region,A Level or Equivalent,20-30%,0-35,0.0,60.0,N,Pass,1886.0,70.0,High,1,0,1
CCC,2014J,614458.0,F,Scotland,A Level or Equivalent,30-40%,35-55,0.0,60.0,N,Distinction,6089.0,2043.0,High,1,0,1
CCC,2014J,614623.0,M,East Midlands Region,A Level or Equivalent,10-20,0-35,0.0,120.0,N,Withdrawn,0.0,0.0,High,0,1,0
CCC,2014J,614761.0,M,West Midlands Region,Lower Than A Level,40-50%,0-35,0.0,60.0,N,Withdrawn,1151.0,31.0,Low,1,1,0
CCC,2014J,614804.0,M,Scotland,A Level or Equivalent,0-10%,0-35,1.0,60.0,Y,Pass,1710.0,31.0,High,1,0,1
CCC,2014J,615075.0,M,East Anglian Region,A Level or Equivalent,30-40%,0-35,0.0,60.0,N,Distinction,1133.0,390.0,High,1,0,1
CCC,2014J,615225.0,F,East Midlands Region,Lower Than A Level,80-90%,0-35,0.0,90.0,N,Withdrawn,0.0,0.0,Low,0,1,0
CCC,2014J,615241.0,M,Yorkshire Region,A Level or Equivalent,90-100%,0-35,0.0,60.0,N,Distinction,459.0,10.0,High,1,0,1
CCC,2014J,615242.0,M,East Anglian Region,Lower Than A Level,0-10%,0-35,0.0,30.0,N,Fail,238.0,0.0,Low,0,0,0
CCC,2014J,615426.0,M,East Midlands Region,Lower Than A Level,60-70%,0-35,0.0,180.0,N,Withdrawn,0.0,0.0,Low,0,1,0
CCC,2014J,616386.0,M,East Midlands Region,Lower Than A Level,10-20,35-55,0.0,60.0,N,Pass,7941.0,1340.0,Low,1,0,1
CCC,2014J,616407.0,M,Wales,Lower Than A Level,70-80%,35-55,1.0,60.0,N,Withdrawn,908.0,127.0,Low,1,1,0
CCC,2014J,616439.0,M,East Anglian Region,A Level or Equivalent,50-60%,0-35,1.0,30.0,N,Fail,1194.0,7.0,High,1,0,0
CCC,2014J,616646.0,M,East Midlands Region,A Level or Equivalent,10-20,0-35,0.0,120.0,N,Withdrawn,610.0,39.0,High,1,1,0
CCC,2014J,616658.0,M,North Region,Lower Than A Level,,0-35,0.0,30.0,N,Pass,1658.0,388.0,Low,1,0,1
CCC,2014J,616789.0,M,London Region,A Level or Equivalent,80-90%,0-35,0.0,30.0,N,Fail,710.0,19.0,High,1,0,0
CCC,2014J,616870.0,M,London Region,Lower Than A Level,20-30%,35-55,0.0,60.0,N,Pass,8242.0,96.0,Low,1,0,1
CCC,2014J,617130.0,M,Ireland,A Level or Equivalent,90-100%,0-35,1.0,120.0,N,Pass,495.0,61.0,High,1,0,1
CCC,2014J,617327.0,F,West Midlands Region,A Level or Equivalent,40-50%,0-35,0.0,60.0,N,Withdrawn,63.0,14.0,High,1,1,0
CCC,2014J,617341.0,F,South East Region,A Level or Equivalent,50-60%,0-35,0.0,90.0,N,Withdrawn,46.0,0.0,High,0,1,0
CCC,2014J,617418.0,M,North Western Region,A Level or Equivalent,20-30%,0-35,0.0,30.0,N,Fail,89.0,0.0,High,0,0,0
CCC,2014J,617740.0,M,Wales,A Level or Equivalent,0-10%,0-35,0.0,60.0,N,Pass,1154.0,110.0,High,1,0,1
CCC,2014J,618377.0,M,South West Region,A Level or Equivalent,30-40%,0-35,0.0,60.0,N,Withdrawn,25.0,3.0,High,1,1,0
CCC,2014J,618513.0,M,Yorkshire Region,A Level or Equivalent,90-100%,0-35,0.0,60.0,N,Fail,655.0,4.0,High,1,0,0
CCC,2014J,618590.0,M,South Region,A Level or Equivalent,60-70%,0-35,1.0,60.0,Y,Fail,96.0,0.0,High,0,0,0
CCC,2014J,618649.0,F,South West Region,A Level or Equivalent,80-90%,0-35,1.0,60.0,Y,Pass,814.0,47.0,High,1,0,1
CCC,2014J,618683.0,M,Wales,HE Qualification,90-100%,35-55,0.0,60.0,N,Distinction,4670.0,1027.0,High,1,0,1
CCC,2014J,618777.0,M,South West Region,A Level or Equivalent,60-70%,0-35,0.0,60.0,N,Distinction,1383.0,206.0,High,1,0,1
CCC,2014J,618849.0,M,North Region,HE Qualification,0-10%,0-35,0.0,30.0,N,Withdrawn,2101.0,1173.0,High,1,1,0
CCC,2014J,618865.0,M,South Region,Lower Than A Level,80-90%,0-35,0.0,90.0,N,Pass,486.0,48.0,Low,1,0,1
CCC,2014J,618875.0,M,North Region,A Level or Equivalent,60-70%,0-35,0.0,30.0,N,Fail,1290.0,58.0,High,1,0,0
CCC,2014J,618982.0,M,South East Region,Lower Than A Level,50-60%,0-35,0.0,30.0,N,Withdrawn,88.0,0.0,Low,0,1,0
CCC,2014J,619359.0,M,East Anglian Region,HE Qualification,90-100%,0-35,0.0,60.0,Y,Fail,564.0,33.0,High,1,0,0
CCC,2014J,619380.0,M,South East Region,A Level or Equivalent,50-60%,0-35,0.0,30.0,N,Pass,901.0,208.0,High,1,0,1
CCC,2014J,619472.0,F,Yorkshire Region,A Level or Equivalent,40-50%,0-35,0.0,120.0,N,Withdrawn,57.0,4.0,High,1,1,0
CCC,2014J,619503.0,M,North Region,A Level or Equivalent,70-80%,0-35,0.0,30.0,N,Withdrawn,285.0,7.0,High,1,1,0
CCC,2014J,619927.0,M,South West Region,Lower Than A Level,30-40%,0-35,0.0,60.0,N,Pass,15173.0,2066.0,Low,1,0,1
CCC,2014J,619928.0,F,South West Region,Lower Than A Level,30-40%,0-35,0.0,60.0,N,Pass,9097.0,696.0,Low,1,0,1
CCC,2014J,620159.0,M,South West Region,HE Qualification,50-60%,35-55,0.0,30.0,N,Fail,234.0,57.0,High,1,0,0
CCC,2014J,620231.0,M,Scotland,HE Qualification,80-90%,0-35,0.0,30.0,N,Pass,920.0,238.0,High,1,0,1
CCC,2014J,620243.0,M,South West Region,Lower Than A Level,80-90%,0-35,1.0,90.0,N,Fail,253.0,1.0,Low,1,0,0
CCC,2014J,620369.0,M,Wales,A Level or Equivalent,30-40%,0-35,1.0,90.0,N,Fail,2238.0,584.0,High,1,0,0
CCC,2014J,620484.0,M,Scotland,Lower Than A Level,30-40%,35-55,0.0,30.0,N,Fail,2825.0,684.0,Low,1,0,0
CCC,2014J,620608.0,F,North Western Region,A Level or Equivalent,10-20,0-35,0.0,120.0,N,Withdrawn,5.0,0.0,High,0,1,0
CCC,2014J,620652.0,M,South East Region,HE Qualification,90-100%,35-55,0.0,90.0,N,Pass,568.0,0.0,High,0,0,1
CCC,2014J,620716.0,M,Ireland,Lower Than A Level,60-70%,0-35,0.0,60.0,Y,Pass,1992.0,29.0,Low,1,0,1
CCC,2014J,620782.0,M,West Midlands Region,A Level or Equivalent,50-60%,0-35,0.0,150.0,N,Withdrawn,77.0,2.0,High,1,1,0
CCC,2014J,620819.0,M,Ireland,A Level or Equivalent,60-70%,0-35,0.0,90.0,N,Withdrawn,332.0,24.0,High,1,1,0
CCC,2014J,620897.0,M,London Region,A Level or Equivalent,30-40%,0-35,1.0,120.0,N,Withdrawn,1563.0,295.0,High,1,1,0
CCC,2014J,621001.0,M,London Region,A Level or Equivalent,10-20,0-35,0.0,120.0,N,Withdrawn,0.0,0.0,High,0,1,0
CCC,2014J,621300.0,M,London Region,A Level or Equivalent,30-40%,0-35,1.0,60.0,N,Pass,623.0,12.0,High,1,0,1
CCC,2014J,621380.0,M,South Region,Lower Than A Level,20-30%,0-35,0.0,90.0,N,Withdrawn,170.0,8.0,Low,1,1,0
CCC,2014J,621414.0,M,North Region,Lower Than A Level,40-50%,35-55,0.0,60.0,N,Withdrawn,523.0,3.0,Low,1,1,0
CCC,2014J,621442.0,M,Wales,Lower Than A Level,90-100%,0-35,0.0,60.0,N,Fail,178.0,6.0,Low,1,0,0
CCC,2014J,621605.0,F,East Midlands Region,Lower Than A Level,80-90%,35-55,0.0,60.0,N,Pass,3413.0,155.0,Low,1,0,1
CCC,2014J,621696.0,M,London Region,A Level or Equivalent,40-50%,35-55,1.0,60.0,N,Pass,3027.0,180.0,High,1,0,1
CCC,2014J,621699.0,F,East Midlands Region,Lower Than A Level,50-60%,0-35,0.0,150.0,N,Withdrawn,0.0,0.0,Low,0,1,0
CCC,2014J,621884.0,F,South Region,A Level or Equivalent,60-70%,0-35,0.0,90.0,N,Distinction,4345.0,787.0,High,1,0,1
CCC,2014J,621906.0,M,South East Region,Lower Than A Level,80-90%,0-35,0.0,60.0,N,Withdrawn,0.0,0.0,Low,0,1,0
CCC,2014J,622015.0,M,Scotland,Lower Than A Level,70-80%,0-35,1.0,30.0,N,Withdrawn,89.0,6.0,Low,1,1,0
CCC,2014J,622027.0,M,South Region,Lower Than A Level,30-40%,35-55,0.0,90.0,N,Withdrawn,326.0,2.0,Low,1,1,0
CCC,2014J,622086.0,M,North Western Region,HE Qualification,90-100%,35-55,0.0,90.0,N,Withdrawn,25.0,0.0,High,0,1,0
CCC,2014J,622096.0,M,South Region,Lower Than A Level,90-100%,35-55,0.0,60.0,Y,Withdrawn,443.0,7.0,Low,1,1,0
CCC,2014J,622192.0,F,Scotland,A Level or Equivalent,30-40%,35-55,0.0,60.0,N,Pass,866.0,112.0,High,1,0,1
CCC,2014J,622374.0,M,North Western Region,HE Qualification,60-70%,35-55,0.0,60.0,N,Pass,8846.0,1330.0,High,1,0,1
CCC,2014J,622384.0,M,Scotland,A Level or Equivalent,80-90%,0-35,1.0,90.0,Y,Fail,98.0,5.0,High,1,0,0
CCC,2014J,622413.0,F,South Region,Lower Than A Level,20-30%,0-35,0.0,30.0,N,Withdrawn,301.0,24.0,Low,1,1,0
CCC,2014J,622425.0,M,North Western Region,A Level or Equivalent,40-50%,0-35,0.0,30.0,N,Withdrawn,173.0,0.0,High,0,1,0
CCC,2014J,622541.0,M,Scotland,HE Qualification,90-100%,0-35,0.0,60.0,N,Pass,906.0,324.0,High,1,0,1
CCC,2014J,622686.0,M,South Region,Lower Than A Level,50-60%,0-35,0.0,90.0,N,Withdrawn,93.0,19.0,Low,1,1,0
CCC,2014J,622812.0,M,East Midlands Region,A Level or Equivalent,70-80%,0-35,0.0,30.0,Y,Pass,1133.0,34.0,High,1,0,1
CCC,2014J,622890.0,M,North Western Region,A Level or Equivalent,60-70%,0-35,0.0,60.0,N,Withdrawn,271.0,4.0,High,1,1,0
CCC,2014J,622935.0,M,London Region,Lower Than A Level,20-30%,0-35,0.0,60.0,N,Pass,1877.0,77.0,Low,1,0,1
CCC,2014J,622972.0,M,London Region,HE Qualification,80-90%,35-55,0.0,30.0,N,Fail,83.0,0.0,High,0,0,0
CCC,2014J,622976.0,M,South East Region,Lower Than A Level,80-90%,0-35,0.0,60.0,N,Pass,4751.0,532.0,Low,1,0,1
CCC,2014J,623002.0,M,South Region,Lower Than A Level,20-30%,0-35,0.0,60.0,Y,Fail,0.0,0.0,Low,0,0,0
CCC,2014J,623079.0,M,South West Region,Lower Than A Level,50-60%,0-35,0.0,60.0,N,Withdrawn,387.0,3.0,Low,1,1,0
CCC,2014J,623100.0,M,London Region,A Level or Equivalent,40-50%,0-35,0.0,90.0,N,Distinction,1152.0,26.0,High,1,0,1
CCC,2014J,623124.0,F,London Region,A Level or Equivalent,20-30%,0-35,0.0,150.0,N,Pass,6605.0,117.0,High,1,0,1
CCC,2014J,623221.0,F,London Region,Lower Than A Level,80-90%,35-55,0.0,30.0,N,Distinction,1084.0,7.0,Low,1,0,1
CCC,2014J,623407.0,F,East Anglian Region,No Formal quals,40-50%,0-35,0.0,120.0,N,Withdrawn,251.0,0.0,Other,0,1,0
CCC,2014J,623484.0,M,Wales,Lower Than A Level,0-10%,0-35,0.0,60.0,N,Distinction,2252.0,4.0,Low,1,0,1
CCC,2014J,623511.0,M,South Region,HE Qualification,70-80%,0-35,1.0,30.0,N,Distinction,1070.0,21.0,High,1,0,1
CCC,2014J,623523.0,M,North Western Region,A Level or Equivalent,50-60%,35-55,0.0,90.0,N,Withdrawn,0.0,0.0,High,0,1,0
CCC,2014J,624060.0,F,North Region,Post Graduate Qualification,,35-55,1.0,30.0,N,Distinction,16980.0,8464.0,Other,1,0,1
CCC,2014J,624092.0,M,South East Region,Lower Than A Level,70-80%,0-35,0.0,30.0,N,Fail,2.0,0.0,Low,0,0,0
CCC,2014J,624126.0,M,South Region,Lower Than A Level,90-100%,0-35,1.0,90.0,N,Withdrawn,469.0,44.0,Low,1,1,0
CCC,2014J,624156.0,M,West Midlands Region,A Level or Equivalent,0-10%,0-35,0.0,60.0,N,Fail,2109.0,422.0,High,1,0,0
CCC,2014J,624209.0,M,North Western Region,A Level or Equivalent,0-10%,0-35,0.0,60.0,N,Pass,2435.0,766.0,High,1,0,1
CCC,2014J,624256.0,F,East Anglian Region,A Level or Equivalent,30-40%,0-35,0.0,150.0,N,Pass,4913.0,360.0,High,1,0,1
CCC,2014J,624354.0,F,South West Region,A Level or Equivalent,50-60%,0-35,1.0,60.0,N,Fail,345.0,4.0,High,1,0,0
CCC,2014J,624469.0,M,Yorkshire Region,Lower Than A Level,70-80%,35-55,0.0,60.0,N,Withdrawn,136.0,15.0,Low,1,1,0
CCC,2014J,624493.0,M,North Western Region,Lower Than A Level,10-20,0-35,0.0,60.0,N,Pass,757.0,172.0,Low,1,0,1
CCC,2014J,624585.0,M,East Anglian Region,Lower Than A Level,20-30%,0-35,0.0,60.0,N,Withdrawn,25.0,5.0,Low,1,1,0
CCC,2014J,624730.0,M,Yorkshire Region,Lower Than A Level,10-20,0-35,1.0,60.0,N,Withdrawn,134.0,9.0,Low,1,1,0
CCC,2014J,624789.0,M,Scotland,HE Qualification,0-10%,0-35,0.0,60.0,Y,Pass,3716.0,1075.0,High,1,0,1
CCC,2014J,624860.0,M,East Midlands Region,Lower Than A Level,0-10%,0-35,0.0,30.0,N,Withdrawn,239.0,0.0,Low,0,1,0
CCC,2014J,624927.0,M,East Midlands Region,HE Qualification,80-90%,0-35,0.0,60.0,N,Distinction,816.0,5.0,High,1,0,1
CCC,2014J,624957.0,M,North Region,Lower Than A Level,50-60%,0-35,0.0,60.0,N,Withdrawn,365.0,15.0,Low,1,1,0
CCC,2014J,625067.0,M,West Midlands Region,HE Qualification,90-100%,0-35,0.0,30.0,N,Pass,5240.0,338.0,High,1,0,1
CCC,2014J,625078.0,F,Wales,HE Qualification,0-10%,0-35,1.0,90.0,N,Withdrawn,656.0,118.0,High,1,1,0
CCC,2014J,625098.0,M,East Anglian Region,Lower Than A Level,30-40%,0-35,0.0,30.0,N,Fail,0.0,0.0,Low,0,0,0
CCC,2014J,625100.0,F,West Midlands Region,Lower Than A Level,10-20,35-55,0.0,60.0,N,Fail,303.0,6.0,Low,1,0,0
CCC,2014J,625126.0,M,North Western Region,Lower Than A Level,80-90%,0-35,1.0,90.0,N,Withdrawn,215.0,35.0,Low,1,1,0
CCC,2014J,625218.0,F,South Region,A Level or Equivalent,90-100%,0-35,0.0,90.0,Y,Withdrawn,32.0,0.0,High,0,1,0
CCC,2014J,625263.0,F,London Region,HE Qualification,0-10%,0-35,0.0,30.0,N,Pass,1102.0,74.0,High,1,0,1
CCC,2014J,625288.0,M,East Midlands Region,A Level or Equivalent,40-50%,0-35,0.0,120.0,N,Withdrawn,104.0,2.0,High,1,1,0
CCC,2014J,625357.0,M,North Western Region,Lower Than A Level,60-70%,0-35,0.0,30.0,N,Pass,1443.0,162.0,Low,1,0,1
CCC,2014J,625541.0,M,Yorkshire Region,Lower Than A Level,20-30%,0-35,0.0,30.0,N,Fail,1361.0,96.0,Low,1,0,0
CCC,2014J,625928.0,F,North Region,Lower Than A Level,40-50%,0-35,0.0,90.0,N,Withdrawn,290.0,1.0,Low,1,1,0
CCC,2014J,626103.0,M,South East Region,A Level or Equivalent,80-90%,35-55,0.0,60.0,N,Pass,4531.0,1059.0,High,1,0,1
CCC,2014J,626296.0,M,South Region,Lower Than A Level,80-90%,0-35,1.0,60.0,N,Pass,2263.0,193.0,Low,1,0,1
CCC,2014J,626407.0,M,South East Region,Lower Than A Level,20-30%,0-35,0.0,60.0,N,Fail,1292.0,389.0,Low,1,0,0
CCC,2014J,626417.0,M,Wales,Lower Than A Level,80-90%,0-35,1.0,60.0,N,Pass,1347.0,55.0,Low,1,0,1
CCC,2014J,626463.0,M,East Anglian Region,A Level or Equivalent,80-90%,0-35,0.0,120.0,Y,Pass,253.0,2.0,High,1,0,1
CCC,2014J,626519.0,M,London Region,A Level or Equivalent,70-80%,0-35,0.0,30.0,N,Pass,2539.0,63.0,High,1,0,1
CCC,2014J,626625.0,M,Scotland,A Level or Equivalent,50-60%,0-35,1.0,30.0,N,Fail,1553.0,18.0,High,1,0,0
CCC,2014J,626753.0,M,North Region,A Level or Equivalent,0-10%,0-35,0.0,60.0,N,Withdrawn,61.0,13.0,High,1,1,0
CCC,2014J,626757.0,M,Yorkshire Region,A Level or Equivalent,50-60%,0-35,0.0,30.0,N,Pass,2860.0,191.0,High,1,0,1
CCC,2014J,626768.0,M,London Region,A Level or Equivalent,40-50%,35-55,0.0,30.0,Y,Withdrawn,991.0,5.0,High,1,1,0
CCC,2014J,626878.0,M,South West Region,A Level or Equivalent,50-60%,0-35,0.0,60.0,N,Fail,476.0,4.0,High,1,0,0
CCC,2014J,627184.0,M,North Western Region,A Level or Equivalent,10-20,0-35,0.0,30.0,N,Fail,640.0,23.0,High,1,0,0
CCC,2014J,627283.0,M,North Western Region,A Level or Equivalent,0-10%,0-35,0.0,120.0,N,Pass,1403.0,15.0,High,1,0,1
CCC,2014J,627290.0,M,South East Region,Lower Than A Level,80-90%,0-35,0.0,30.0,N,Fail,28.0,0.0,Low,0,0,0
CCC,2014J,627295.0,M,North Western Region,Lower Than A Level,10-20,0-35,0.0,120.0,Y,Withdrawn,700.0,23.0,Low,1,1,0
CCC,2014J,627401.0,M,London Region,HE Qualification,40-50%,0-35,0.0,60.0,N,Distinction,428.0,0.0,High,0,0,1
CCC,2014J,627417.0,F,Ireland,Post Graduate Qualification,,0-35,0.0,60.0,N,Pass,2062.0,454.0,Other,1,0,1
CCC,2014J,627450.0,M,North Region,Lower Than A Level,,0-35,0.0,30.0,N,Fail,1690.0,413.0,Low,1,0,0
CCC,2014J,627471.0,F,Scotland,Lower Than A Level,50-60%,0-35,0.0,30.0,N,Pass,3861.0,432.0,Low,1,0,1
CCC,2014J,627527.0,M,South West Region,A Level or Equivalent,70-80%,0-35,0.0,120.0,Y,Pass,334.0,17.0,High,1,0,1
CCC,2014J,627581.0,M,South West Region,Lower Than A Level,10-20,35-55,0.0,90.0,Y,Withdrawn,126.0,18.0,Low,1,1,0
CCC,2014J,627599.0,M,South East Region,A Level or Equivalent,80-90%,0-35,0.0,30.0,N,Withdrawn,141.0,6.0,High,1,1,0
CCC,2014J,627947.0,F,South Region,A Level or Equivalent,20-30%,35-55,1.0,60.0,N,Withdrawn,1932.0,43.0,High,1,1,0
CCC,2014J,628008.0,M,South East Region,Lower Than A Level,20-30%,0-35,0.0,60.0,N,Withdrawn,65.0,14.0,Low,1,1,0
CCC,2014J,628034.0,F,North Region,HE Qualification,,55<=,0.0,60.0,N,Pass,3161.0,346.0,High,1,0,1
CCC,2014J,628114.0,M,Scotland,A Level or Equivalent,70-80%,0-35,0.0,30.0,N,Pass,2283.0,127.0,High,1,0,1
CCC,2014J,628216.0,M,South East Region,Lower Than A Level,90-100%,0-35,0.0,60.0,Y,Pass,576.0,22.0,Low,1,0,1
CCC,2014J,628300.0,M,East Anglian Region,A Level or Equivalent,40-50%,0-35,0.0,60.0,N,Pass,239.0,0.0,High,0,0,1
CCC,2014J,628361.0,M,Scotland,HE Qualification,60-70%,35-55,0.0,60.0,N,Distinction,4901.0,1923.0,High,1,0,1
CCC,2014J,628376.0,M,Scotland,HE Qualification,40-50%,0-35,0.0,60.0,N,Pass,332.0,2.0,High,1,0,1
CCC,2014J,628407.0,M,West Midlands Region,Lower Than A Level,50-60%,0-35,0.0,60.0,N,Pass,1040.0,27.0,Low,1,0,1
CCC,2014J,628480.0,M,West Midlands Region,Lower Than A Level,70-80%,0-35,0.0,90.0,N,Withdrawn,294.0,19.0,Low,1,1,0
CCC,2014J,628618.0,M,South West Region,A Level or Equivalent,60-70%,0-35,0.0,30.0,N,Fail,248.0,0.0,High,0,0,0
CCC,2014J,628706.0,M,South East Region,A Level or Equivalent,60-70%,0-35,0.0,150.0,Y,Withdrawn,143.0,30.0,High,1,1,0
CCC,2014J,628717.0,M,London Region,A Level or Equivalent,30-40%,0-35,0.0,180.0,N,Withdrawn,752.0,0.0,High,0,1,0
CCC,2014J,628720.0,M,East Anglian Region,A Level or Equivalent,80-90%,0-35,0.0,60.0,N,Withdrawn,180.0,10.0,High,1,1,0
CCC,2014J,628777.0,M,London Region,A Level or Equivalent,50-60%,0-35,0.0,30.0,N,Pass,749.0,70.0,High,1,0,1
CCC,2014J,628803.0,M,London Region,A Level or Equivalent,20-30%,35-55,1.0,180.0,N,Withdrawn,240.0,0.0,High,0,1,0
CCC,2014J,628806.0,M,South Region,A Level or Equivalent,50-60%,0-35,0.0,60.0,N,Withdrawn,58.0,5.0,High,1,1,0
CCC,2014J,628846.0,M,South West Region,A Level or Equivalent,70-80%,0-35,1.0,180.0,N,Pass,1294.0,85.0,High,1,0,1
CCC,2014J,628910.0,M,London Region,A Level or Equivalent,60-70%,0-35,0.0,30.0,N,Pass,1697.0,169.0,High,1,0,1
CCC,2014J,629014.0,F,South East Region,Lower Than A Level,30-40%,35-55,0.0,90.0,N,Withdrawn,0.0,0.0,Low,0,1,0
CCC,2014J,629056.0,M,Wales,Lower Than A Level,0-10%,0-35,1.0,60.0,Y,Withdrawn,513.0,2.0,Low,1,1,0
CCC,2014J,629096.0,M,West Midlands Region,Lower Than A Level,40-50%,0-35,0.0,60.0,N,Fail,1330.0,51.0,Low,1,0,0
CCC,2014J,629400.0,M,Scotland,A Level or Equivalent,90-100%,0-35,0.0,90.0,N,Withdrawn,0.0,0.0,High,0,1,0
CCC,2014J,629405.0,M,London Region,A Level or Equivalent,0-10%,0-35,0.0,60.0,N,Pass,4230.0,220.0,High,1,0,1
CCC,2014J,629523.0,F,East Anglian Region,Lower Than A Level,40-50%,0-35,0.0,60.0,N,Distinction,5515.0,1404.0,Low,1,0,1
CCC,2014J,629535.0,M,East Midlands Region,HE Qualification,10-20,0-35,0.0,60.0,N,Fail,612.0,47.0,High,1,0,0
CCC,2014J,629560.0,F,North Western Region,Lower Than A Level,40-50%,0-35,1.0,60.0,N,Withdrawn,1145.0,106.0,Low,1,1,0
CCC,2014J,629607.0,M,Scotland,Lower Than A Level,0-10%,35-55,0.0,60.0,N,Pass,1282.0,220.0,Low,1,0,1
CCC,2014J,629692.0,M,North Western Region,A Level or Equivalent,10-20,0-35,1.0,60.0,N,Distinction,2260.0,36.0,High,1,0,1
CCC,2014J,629696.0,M,Wales,HE Qualification,80-90%,0-35,1.0,60.0,N,Distinction,3055.0,191.0,High,1,0,1
CCC,2014J,629748.0,F,East Anglian Region,A Level or Equivalent,80-90%,0-35,0.0,90.0,N,Withdrawn,304.0,3.0,High,1,1,0
CCC,2014J,629822.0,M,East Anglian Region,Lower Than A Level,80-90%,0-35,0.0,60.0,Y,Withdrawn,86.0,8.0,Low,1,1,0
CCC,2014J,630013.0,M,West Midlands Region,A Level or Equivalent,40-50%,0-35,0.0,60.0,N,Fail,1211.0,6.0,High,1,0,0
CCC,2014J,630073.0,M,Scotland,HE Qualification,0-10%,0-35,0.0,90.0,N,Withdrawn,478.0,24.0,High,1,1,0
CCC,2014J,630165.0,M,North Region,A Level or Equivalent,90-100%,0-35,0.0,30.0,N,Withdrawn,785.0,141.0,High,1,1,0
CCC,2014J,630177.0,M,Yorkshire Region,HE Qualification,20-30%,0-35,0.0,60.0,N,Pass,1151.0,109.0,High,1,0,1
CCC,2014J,630200.0,F,East Midlands Region,A Level or Equivalent,60-70%,0-35,1.0,30.0,N,Fail,463.0,18.0,High,1,0,0
CCC,2014J,630430.0,F,Ireland,A Level or Equivalent,50-60%,35-55,0.0,120.0,N,Pass,3816.0,1132.0,High,1,0,1
CCC,2014J,630431.0,F,Ireland,A Level or Equivalent,60-70%,0-35,0.0,120.0,N,Fail,411.0,0.0,High,0,0,0
CCC,2014J,630452.0,M,South Region,A Level or Equivalent,20-30%,0-35,0.0,60.0,N,Pass,347.0,66.0,High,1,0,1
CCC,2014J,630467.0,M,London Region,HE Qualification,60-70%,35-55,0.0,60.0,N,Distinction,2566.0,120.0,High,1,0,1
CCC,2014J,630479.0,M,London Region,Lower Than A Level,10-20,0-35,0.0,60.0,N,Pass,1140.0,3.0,Low,1,0,1
CCC,2014J,630510.0,M,South East Region,A Level or Equivalent,20-30%,0-35,0.0,240.0,N,Withdrawn,0.0,0.0,High,0,1,0
CCC,2014J,630519.0,M,East Midlands Region,HE Qualification,50-60%,0-35,0.0,60.0,N,Pass,1615.0,467.0,High,1,0,1
CCC,2014J,630541.0,M,North Western Region,Lower Than A Level,0-10%,0-35,0.0,90.0,N,Withdrawn,3.0,0.0,Low,0,1,0
CCC,2014J,630891.0,M,Scotland,A Level or Equivalent,80-90%,0-35,0.0,60.0,N,Withdrawn,504.0,7.0,High,1,1,0
CCC,2014J,630905.0,M,Wales,HE Qualification,50-60%,0-35,0.0,120.0,N,Distinction,10439.0,4287.0,High,1,0,1
CCC,2014J,630935.0,M,London Region,Lower Than A Level,60-70%,35-55,0.0,60.0,N,Pass,1334.0,103.0,Low,1,0,1
CCC,2014J,631016.0,M,North Region,Lower Than A Level,0-10%,0-35,0.0,90.0,N,Withdrawn,1385.0,101.0,Low,1,1,0
CCC,2014J,631023.0,M,East Anglian Region,A Level or Equivalent,70-80%,0-35,1.0,60.0,N,Withdrawn,0.0,0.0,High,0,1,0
CCC,2014J,631073.0,M,South West Region,HE Qualification,30-40%,0-35,0.0,30.0,N,Fail,981.0,58.0,High,1,0,0
CCC,2014J,631117.0,M,North Region,HE Qualification,,35-55,0.0,30.0,N,Distinction,3188.0,143.0,High,1,0,1
CCC,2014J,631247.0,M,South Region,A Level or Equivalent,90-100%,0-35,0.0,60.0,N,Distinction,1199.0,38.0,High,1,0,1
CCC,2014J,631356.0,M,South Region,HE Qualification,70-80%,0-35,0.0,60.0,N,Withdrawn,0.0,0.0,High,0,1,0
CCC,2014J,631491.0,M,London Region,Post Graduate Qualification,20-30%,35-55,0.0,90.0,N,Distinction,3938.0,1071.0,Other,1,0,1
CCC,2014J,631573.0,F,North Western Region,Lower Than A Level,40-50%,0-35,0.0,30.0,N,Pass,1715.0,148.0,Low,1,0,1
CCC,2014J,631663.0,F,London Region,A Level or Equivalent,30-40%,0-35,1.0,60.0,N,Pass,1030.0,5.0,High,1,0,1
CCC,2014J,631771.0,M,East Midlands Region,HE Qualification,70-80%,0-35,0.0,60.0,N,Distinction,3211.0,537.0,High,1,0,1
CCC,2014J,631851.0,M,North Region,HE Qualification,,0-35,0.0,60.0,N,Distinction,2300.0,601.0,High,1,0,1
CCC,2014J,631860.0,M,Wales,A Level or Equivalent,70-80%,0-35,0.0,60.0,N,Withdrawn,688.0,87.0,High,1,1,0
CCC,2014J,631870.0,M,East Midlands Region,A Level or Equivalent,0-10%,0-35,0.0,90.0,N,Withdrawn,891.0,310.0,High,1,1,0
CCC,2014J,631880.0,M,East Midlands Region,Lower Than A Level,0-10%,0-35,0.0,90.0,N,Withdrawn,269.0,0.0,Low,0,1,0
CCC,2014J,631924.0,F,North Western Region,A Level or Equivalent,90-100%,0-35,0.0,120.0,N,Pass,1923.0,162.0,High,1,0,1
CCC,2014J,632004.0,M,West Midlands Region,HE Qualification,60-70%,35-55,0.0,30.0,N,Pass,2317.0,24.0,High,1,0,1
CCC,2014J,632083.0,M,West Midlands Region,A Level or Equivalent,80-90%,35-55,0.0,30.0,N,Pass,2600.0,1327.0,High,1,0,1
CCC,2014J,632134.0,M,Yorkshire Region,A Level or Equivalent,30-40%,35-55,1.0,30.0,N,Fail,115.0,1.0,High,1,0,0
CCC,2014J,632260.0,F,South West Region,Lower Than A Level,40-50%,0-35,1.0,60.0,N,Withdrawn,151.0,0.0,Low,0,1,0
CCC,2014J,632378.0,M,Yorkshire Region,A Level or Equivalent,20-30%,35-55,0.0,30.0,N,Distinction,1583.0,709.0,High,1,0,1
CCC,2014J,632389.0,M,North Region,A Level or Equivalent,60-70%,0-35,0.0,60.0,N,Withdrawn,313.0,62.0,High,1,1,0
CCC,2014J,632451.0,F,South East Region,A Level or Equivalent,60-70%,35-55,0.0,60.0,N,Pass,1801.0,54.0,High,1,0,1
CCC,2014J,632575.0,M,East Midlands Region,Lower Than A Level,30-40%,0-35,0.0,60.0,Y,Pass,2801.0,11.0,Low,1,0,1
CCC,2014J,632626.0,M,South East Region,A Level or Equivalent,30-40%,35-55,0.0,90.0,N,Withdrawn,175.0,4.0,High,1,1,0
CCC,2014J,632637.0,M,Yorkshire Region,Lower Than A Level,20-30%,0-35,1.0,60.0,N,Fail,1085.0,4.0,Low,1,0,0
CCC,2014J,632700.0,M,London Region,A Level or Equivalent,0-10%,0-35,0.0,60.0,N,Withdrawn,198.0,0.0,High,0,1,0
CCC,2014J,632709.0,F,East Midlands Region,A Level or Equivalent,70-80%,0-35,0.0,30.0,N,Pass,3630.0,43.0,High,1,0,1
CCC,2014J,632756.0,M,North Region,HE Qualification,,35-55,0.0,60.0,N,Distinction,1899.0,33.0,High,1,0,1
CCC,2014J,632866.0,F,Yorkshire Region,Lower Than A Level,60-70%,0-35,0.0,60.0,N,Withdrawn,2205.0,375.0,Low,1,1,0
CCC,2014J,632904.0,M,Scotland,HE Qualification,40-50%,0-35,1.0,60.0,N,Withdrawn,412.0,51.0,High,1,1,0
CCC,2014J,632929.0,M,South East Region,A Level or Equivalent,30-40%,0-35,0.0,60.0,Y,Withdrawn,172.0,0.0,High,0,1,0
CCC,2014J,632942.0,F,London Region,Lower Than A Level,80-90%,35-55,0.0,120.0,N,Withdrawn,1953.0,581.0,Low,1,1,0
CCC,2014J,633008.0,M,Wales,Post Graduate Qualification,80-90%,35-55,0.0,30.0,N,Distinction,1773.0,189.0,Other,1,0,1
CCC,2014J,633047.0,M,North Western Region,A Level or Equivalent,30-40%,0-35,0.0,30.0,N,Fail,173.0,11.0,High,1,0,0
CCC,2014J,633069.0,M,Scotland,A Level or Equivalent,70-80%,35-55,0.0,30.0,N,Distinction,1311.0,114.0,High,1,0,1
CCC,2014J,633157.0,M,West Midlands Region,A Level or Equivalent,80-90%,0-35,0.0,60.0,N,Withdrawn,0.0,0.0,High,0,1,0
CCC,2014J,633179.0,M,North Western Region,HE Qualification,40-50%,35-55,0.0,60.0,N,Pass,1176.0,47.0,High,1,0,1
CCC,2014J,633198.0,F,East Anglian Region,Lower Than A Level,20-30%,0-35,0.0,60.0,N,Fail,337.0,112.0,Low,1,0,0
CCC,2014J,633205.0,M,East Midlands Region,A Level or Equivalent,90-100%,0-35,0.0,180.0,N,Withdrawn,6.0,0.0,High,0,1,0
CCC,2014J,633238.0,F,South East Region,Lower Than A Level,70-80%,0-35,0.0,90.0,N,Withdrawn,159.0,13.0,Low,1,1,0
CCC,2014J,633303.0,M,East Midlands Region,Post Graduate Qualification,60-70%,35-55,0.0,60.0,N,Distinction,3031.0,695.0,Other,1,0,1
CCC,2014J,633328.0,F,London Region,Post Graduate Qualification,20-30%,35-55,0.0,60.0,N,Withdrawn,572.0,0.0,Other,0,1,0
CCC,2014J,633334.0,M,East Anglian Region,Lower Than A Level,20-30%,35-55,0.0,90.0,N,Fail,156.0,0.0,Low,0,0,0
CCC,2014J,633504.0,M,South West Region,A Level or Equivalent,50-60%,0-35,0.0,120.0,N,Distinction,6199.0,1400.0,High,1,0,1
CCC,2014J,633511.0,M,East Anglian Region,A Level or Equivalent,50-60%,0-35,0.0,30.0,N,Pass,2145.0,1.0,High,1,0,1
CCC,2014J,633544.0,M,Scotland,Lower Than A Level,20-30%,0-35,0.0,60.0,N,Pass,1064.0,5.0,Low,1,0,1
CCC,2014J,633618.0,M,West Midlands Region,A Level or Equivalent,40-50%,0-35,0.0,90.0,N,Withdrawn,627.0,28.0,High,1,1,0
CCC,2014J,633634.0,M,North Region,A Level or Equivalent,10-20,0-35,0.0,30.0,N,Fail,333.0,12.0,High,1,0,0
CCC,2014J,633647.0,M,London Region,A Level or Equivalent,50-60%,35-55,0.0,30.0,N,Pass,4513.0,21.0,High,1,0,1
CCC,2014J,633655.0,M,South West Region,A Level or Equivalent,80-90%,35-55,0.0,60.0,N,Distinction,1060.0,164.0,High,1,0,1
CCC,2014J,633746.0,M,Yorkshire Region,A Level or Equivalent,40-50%,0-35,0.0,30.0,N,Pass,1831.0,47.0,High,1,0,1
CCC,2014J,633756.0,M,South West Region,Lower Than A Level,50-60%,0-35,0.0,60.0,N,Withdrawn,47.0,4.0,Low,1,1,0
CCC,2014J,633914.0,F,East Midlands Region,A Level or Equivalent,50-60%,0-35,0.0,60.0,N,Pass,2472.0,307.0,High,1,0,1
CCC,2014J,633960.0,M,North Region,Post Graduate Qualification,,35-55,0.0,60.0,N,Distinction,2919.0,187.0,Other,1,0,1
CCC,2014J,633990.0,M,Yorkshire Region,A Level or Equivalent,0-10%,0-35,0.0,30.0,N,Withdrawn,87.0,0.0,High,0,1,0
CCC,2014J,634111.0,M,South East Region,HE Qualification,60-70%,0-35,0.0,90.0,N,Withdrawn,380.0,2.0,High,1,1,0
CCC,2014J,634119.0,F,South Region,A Level or Equivalent,40-50%,0-35,0.0,60.0,N,Pass,1192.0,266.0,High,1,0,1
CCC,2014J,634193.0,M,East Midlands Region,Lower Than A Level,20-30%,0-35,0.0,30.0,N,Withdrawn,347.0,76.0,Low,1,1,0
CCC,2014J,634200.0,M,Scotland,HE Qualification,60-70%,0-35,0.0,60.0,N,Pass,981.0,16.0,High,1,0,1
CCC,2014J,634309.0,M,London Region,A Level or Equivalent,0-10%,0-35,0.0,30.0,N,Fail,276.0,28.0,High,1,0,0
CCC,2014J,634351.0,M,East Anglian Region,A Level or Equivalent,90-100%,0-35,0.0,60.0,N,Pass,884.0,57.0,High,1,0,1
CCC,2014J,634365.0,F,East Anglian Region,HE Qualification,70-80%,35-55,0.0,30.0,N,Distinction,4307.0,1924.0,High,1,0,1
CCC,2014J,634420.0,F,Ireland,Lower Than A Level,,0-35,0.0,30.0,N,Withdrawn,714.0,78.0,Low,1,1,0
CCC,2014J,634536.0,M,East Midlands Region,HE Qualification,90-100%,0-35,0.0,120.0,N,Pass,1133.0,349.0,High,1,0,1
CCC,2014J,634552.0,M,South East Region,A Level or Equivalent,80-90%,0-35,0.0,60.0,N,Pass,410.0,8.0,High,1,0,1
CCC,2014J,634600.0,M,Scotland,Lower Than A Level,0-10%,0-35,0.0,60.0,N,Fail,3030.0,0.0,Low,0,0,0
CCC,2014J,634648.0,M,Yorkshire Region,A Level or Equivalent,20-30%,0-35,0.0,60.0,N,Pass,1088.0,10.0,High,1,0,1
CCC,2014J,634655.0,M,London Region,HE Qualification,40-50%,35-55,1.0,60.0,N,Withdrawn,34.0,0.0,High,0,1,0
CCC,2014J,634721.0,M,Scotland,A Level or Equivalent,70-80%,0-35,0.0,60.0,N,Fail,879.0,6.0,High,1,0,0
CCC,2014J,634776.0,M,East Midlands Region,A Level or Equivalent,70-80%,0-35,0.0,90.0,N,Withdrawn,362.0,17.0,High,1,1,0
CCC,2014J,634817.0,M,North Region,Lower Than A Level,80-90%,0-35,1.0,60.0,N,Withdrawn,132.0,7.0,Low,1,1,0
CCC,2014J,634824.0,M,South Region,A Level or Equivalent,90-100%,0-35,0.0,60.0,N,Pass,791.0,25.0,High,1,0,1
CCC,2014J,634853.0,M,Ireland,Post Graduate Qualification,,0-35,1.0,30.0,N,Pass,1789.0,17.0,Other,1,0,1
CCC,2014J,635410.0,M,South Region,A Level or Equivalent,40-50%,0-35,0.0,150.0,Y,Withdrawn,92.0,0.0,High,0,1,0
CCC,2014J,635573.0,M,Scotland,A Level or Equivalent,50-60%,0-35,0.0,30.0,N,Distinction,2429.0,634.0,High,1,0,1
CCC,2014J,635711.0,M,East Midlands Region,HE Qualification,90-100%,35-55,0.0,60.0,N,Pass,2509.0,0.0,High,0,0,1
CCC,2014J,635802.0,F,South East Region,A Level or Equivalent,90-100%,0-35,0.0,90.0,N,Distinction,1221.0,19.0,High,1,0,1
CCC,2014J,636000.0,M,South East Region,A Level or Equivalent,10-20,0-35,0.0,30.0,N,Pass,3321.0,28.0,High,1,0,1
CCC,2014J,636124.0,M,East Midlands Region,Post Graduate Qualification,60-70%,35-55,0.0,60.0,N,Distinction,5885.0,850.0,Other,1,0,1
CCC,2014J,636243.0,F,North Western Region,A Level or Equivalent,20-30%,0-35,0.0,120.0,N,Withdrawn,50.0,9.0,High,1,1,0
CCC,2014J,636364.0,M,West Midlands Region,Lower Than A Level,20-30%,0-35,0.0,90.0,N,Distinction,3136.0,509.0,Low,1,0,1
CCC,2014J,636387.0,F,North Region,A Level or Equivalent,,0-35,0.0,120.0,N,Distinction,1355.0,154.0,High,1,0,1
CCC,2014J,636420.0,M,East Midlands Region,Lower Than A Level,10-20,0-35,0.0,120.0,N,Withdrawn,568.0,8.0,Low,1,1,0
CCC,2014J,636422.0,M,London Region,HE Qualification,70-80%,0-35,0.0,30.0,N,Pass,1992.0,45.0,High,1,0,1
CCC,2014J,636443.0,M,North Region,A Level or Equivalent,60-70%,0-35,0.0,90.0,N,Withdrawn,137.0,0.0,High,0,1,0
CCC,2014J,636628.0,M,South East Region,A Level or Equivalent,30-40%,0-35,0.0,120.0,Y,Withdrawn,108.0,0.0,High,0,1,0
CCC,2014J,636716.0,M,East Anglian Region,A Level or Equivalent,60-70%,0-35,0.0,120.0,N,Distinction,332.0,32.0,High,1,0,1
CCC,2014J,636732.0,F,London Region,A Level or Equivalent,30-40%,0-35,0.0,90.0,N,Fail,560.0,28.0,High,1,0,0
CCC,2014J,636743.0,M,East Anglian Region,A Level or Equivalent,30-40%,35-55,0.0,60.0,N,Withdrawn,0.0,0.0,High,0,1,0
CCC,2014J,636783.0,M,North Region,HE Qualification,40-50%,0-35,0.0,150.0,N,Distinction,3039.0,660.0,High,1,0,1
CCC,2014J,636996.0,M,Scotland,A Level or Equivalent,60-70%,0-35,0.0,90.0,Y,Pass,2444.0,249.0,High,1,0,1
CCC,2014J,637070.0,M,Scotland,HE Qualification,30-40%,0-35,0.0,60.0,Y,Pass,1301.0,60.0,High,1,0,1
CCC,2014J,637086.0,F,East Midlands Region,A Level or Equivalent,30-40%,0-35,0.0,90.0,N,Withdrawn,0.0,0.0,High,0,1,0
CCC,2014J,637089.0,M,Wales,A Level or Equivalent,70-80%,0-35,0.0,180.0,N,Withdrawn,374.0,0.0,High,0,1,0
CCC,2014J,637325.0,M,Scotland,HE Qualification,50-60%,35-55,0.0,90.0,N,Withdrawn,147.0,21.0,High,1,1,0
CCC,2014J,637691.0,M,East Midlands Region,A Level or Equivalent,90-100%,0-35,0.0,90.0,N,Fail,881.0,15.0,High,1,0,0
CCC,2014J,637708.0,M,East Anglian Region,HE Qualification,80-90%,0-35,0.0,120.0,N,Distinction,2265.0,145.0,High,1,0,1
CCC,2014J,637754.0,M,North Region,A Level or Equivalent,,35-55,0.0,120.0,Y,Distinction,3162.0,101.0,High,1,0,1
CCC,2014J,637939.0,M,South West Region,A Level or Equivalent,0-10%,0-35,0.0,150.0,N,Withdrawn,0.0,0.0,High,0,1,0
CCC,2014J,638018.0,M,South Region,A Level or Equivalent,30-40%,0-35,0.0,60.0,N,Pass,889.0,57.0,High,1,0,1
CCC,2014J,638040.0,M,Scotland,Post Graduate Qualification,50-60%,0-35,0.0,120.0,N,Withdrawn,29.0,0.0,Other,0,1,0
CCC,2014J,638243.0,M,West Midlands Region,A Level or Equivalent,0-10%,0-35,0.0,120.0,Y,Withdrawn,183.0,0.0,High,0,1,0
CCC,2014J,638254.0,F,Scotland,A Level or Equivalent,40-50%,0-35,0.0,120.0,N,Pass,1186.0,47.0,High,1,0,1
CCC,2014J,638426.0,M,Wales,HE Qualification,30-40%,55<=,0.0,280.0,N,Withdrawn,275.0,0.0,High,0,1,0
CCC,2014J,638504.0,F,South West Region,A Level or Equivalent,80-90%,35-55,0.0,60.0,N,Withdrawn,339.0,37.0,High,1,1,0
CCC,2014J,638771.0,M,South East Region,A Level or Equivalent,10-20,0-35,0.0,60.0,N,Pass,3893.0,254.0,High,1,0,1
CCC,2014J,639012.0,F,North Western Region,A Level or Equivalent,80-90%,0-35,0.0,150.0,N,Fail,990.0,137.0,High,1,0,0
CCC,2014J,639176.0,F,Yorkshire Region,A Level or Equivalent,20-30%,0-35,0.0,360.0,Y,Withdrawn,435.0,0.0,High,0,1,0
CCC,2014J,639232.0,M,London Region,A Level or Equivalent,10-20,35-55,0.0,120.0,N,Withdrawn,1.0,0.0,High,0,1,0
CCC,2014J,640109.0,M,London Region,No Formal quals,10-20,35-55,0.0,90.0,N,Withdrawn,328.0,4.0,Other,1,1,0
CCC,2014J,640443.0,M,West Midlands Region,A Level or Equivalent,40-50%,0-35,0.0,120.0,Y,Withdrawn,0.0,0.0,High,0,1,0
CCC,2014J,640662.0,F,South West Region,HE Qualification,40-50%,35-55,0.0,90.0,N,Withdrawn,0.0,0.0,High,0,1,0
CCC,2014J,640773.0,M,South West Region,Lower Than A Level,10-20,0-35,0.0,150.0,Y,Pass,3078.0,224.0,Low,1,0,1
CCC,2014J,641347.0,M,Scotland,A Level or Equivalent,30-40%,0-35,0.0,60.0,N,Withdrawn,643.0,20.0,High,1,1,0
CCC,2014J,641363.0,M,North Region,A Level or Equivalent,70-80%,0-35,0.0,120.0,N,Pass,490.0,2.0,High,1,0,1
CCC,2014J,641684.0,M,London Region,Lower Than A Level,30-40%,0-35,0.0,120.0,N,Withdrawn,241.0,16.0,Low,1,1,0
CCC,2014J,641696.0,M,North Region,Lower Than A Level,,0-35,0.0,30.0,N,Pass,1047.0,12.0,Low,1,0,1
CCC,2014J,641804.0,M,West Midlands Region,A Level or Equivalent,50-60%,0-35,0.0,120.0,N,Fail,1469.0,0.0,High,0,0,0
CCC,2014J,642066.0,M,South West Region,A Level or Equivalent,20-30%,0-35,0.0,90.0,N,Withdrawn,0.0,0.0,High,0,1,0
CCC,2014J,642261.0,M,North Region,A Level or Equivalent,40-50%,0-35,0.0,30.0,N,Withdrawn,5.0,0.0,High,0,1,0
CCC,2014J,642291.0,F,Wales,Lower Than A Level,10-20,0-35,0.0,30.0,N,Distinction,1863.0,27.0,Low,1,0,1
CCC,2014J,642591.0,M,East Anglian Region,Lower Than A Level,70-80%,35-55,0.0,60.0,N,Pass,3843.0,685.0,Low,1,0,1
CCC,2014J,642627.0,M,London Region,A Level or Equivalent,60-70%,0-35,0.0,90.0,N,Withdrawn,0.0,0.0,High,0,1,0
CCC,2014J,642744.0,M,East Midlands Region,A Level or Equivalent,50-60%,0-35,0.0,150.0,N,Withdrawn,0.0,0.0,High,0,1,0
CCC,2014J,642790.0,M,London Region,Lower Than A Level,10-20,35-55,0.0,150.0,N,Withdrawn,57.0,0.0,Low,0,1,0
CCC,2014J,642817.0,F,East Anglian Region,A Level or Equivalent,90-100%,0-35,0.0,120.0,N,Pass,651.0,34.0,High,1,0,1
CCC,2014J,642838.0,F,Yorkshire Region,A Level or Equivalent,10-20,0-35,0.0,90.0,N,Pass,1872.0,558.0,High,1,0,1
CCC,2014J,642839.0,F,West Midlands Region,Lower Than A Level,0-10%,0-35,0.0,150.0,N,Withdrawn,330.0,25.0,Low,1,1,0
CCC,2014J,642850.0,M,Wales,A Level or Equivalent,50-60%,0-35,0.0,60.0,N,Distinction,981.0,23.0,High,1,0,1
CCC,2014J,642902.0,F,London Region,A Level or Equivalent,10-20,0-35,0.0,60.0,N,Pass,1880.0,77.0,High,1,0,1
CCC,2014J,643114.0,M,Wales,Lower Than A Level,20-30%,0-35,0.0,150.0,N,Withdrawn,0.0,0.0,Low,0,1,0
CCC,2014J,643199.0,M,East Midlands Region,HE Qualification,70-80%,35-55,0.0,120.0,N,Withdrawn,503.0,0.0,High,0,1,0
CCC,2014J,643200.0,M,North Western Region,Lower Than A Level,20-30%,0-35,0.0,90.0,N,Withdrawn,0.0,0.0,Low,0,1,0
CCC,2014J,643269.0,F,West Midlands Region,HE Qualification,60-70%,0-35,0.0,120.0,N,Withdrawn,0.0,0.0,High,0,1,0
CCC,2014J,643278.0,F,East Anglian Region,A Level or Equivalent,90-100%,35-55,0.0,60.0,N,Withdrawn,0.0,0.0,High,0,1,0
CCC,2014J,643309.0,M,East Anglian Region,A Level or Equivalent,40-50%,35-55,0.0,120.0,N,Withdrawn,385.0,8.0,High,1,1,0
CCC,2014J,643357.0,F,East Anglian Region,A Level or Equivalent,20-30%,0-35,0.0,120.0,N,Withdrawn,0.0,0.0,High,0,1,0
CCC,2014J,643403.0,M,Yorkshire Region,HE Qualification,60-70%,0-35,0.0,60.0,N,Distinction,3875.0,573.0,High,1,0,1
CCC,2014J,643404.0,F,Scotland,HE Qualification,40-50%,0-35,0.0,60.0,N,Fail,226.0,31.0,High,1,0,0
CCC,2014J,643416.0,M,East Anglian Region,A Level or Equivalent,30-40%,0-35,0.0,90.0,N,Withdrawn,3.0,0.0,High,0,1,0
CCC,2014J,643434.0,M,London Region,HE Qualification,0-10%,35-55,0.0,60.0,Y,Withdrawn,455.0,16.0,High,1,1,0
CCC,2014J,643457.0,M,East Anglian Region,Lower Than A Level,80-90%,55<=,0.0,60.0,N,Withdrawn,80.0,0.0,Low,0,1,0
CCC,2014J,643514.0,M,East Midlands Region,A Level or Equivalent,70-80%,35-55,0.0,90.0,N,Withdrawn,278.0,0.0,High,0,1,0
CCC,2014J,643568.0,M,Wales,A Level or Equivalent,0-10%,0-35,0.0,120.0,N,Pass,1142.0,31.0,High,1,0,1
CCC,2014J,643690.0,M,South West Region,Lower Than A Level,40-50%,0-35,0.0,180.0,N,Withdrawn,215.0,0.0,Low,0,1,0
CCC,2014J,643757.0,M,West Midlands Region,HE Qualification,0-10%,0-35,0.0,120.0,N,Fail,121.0,11.0,High,1,0,0
CCC,2014J,643758.0,M,South West Region,A Level or Equivalent,30-40%,0-35,0.0,120.0,N,Fail,1300.0,161.0,High,1,0,0
CCC,2014J,643770.0,M,Scotland,HE Qualification,20-30%,0-35,0.0,90.0,N,Withdrawn,198.0,5.0,High,1,1,0
CCC,2014J,644093.0,M,South West Region,HE Qualification,70-80%,0-35,0.0,30.0,N,Pass,3056.0,79.0,High,1,0,1
CCC,2014J,644242.0,M,London Region,A Level or Equivalent,0-10%,0-35,0.0,120.0,N,Distinction,1759.0,156.0,High,1,0,1
CCC,2014J,644246.0,M,Yorkshire Region,A Level or Equivalent,30-40%,0-35,0.0,60.0,N,Distinction,4036.0,244.0,High,1,0,1
CCC,2014J,644369.0,M,Wales,Lower Than A Level,70-80%,0-35,0.0,150.0,N,Pass,647.0,105.0,Low,1,0,1
CCC,2014J,644416.0,F,West Midlands Region,A Level or Equivalent,40-50%,0-35,0.0,90.0,N,Distinction,1260.0,450.0,High,1,0,1
CCC,2014J,644453.0,F,South Region,A Level or Equivalent,20-30%,35-55,0.0,90.0,N,Withdrawn,0.0,0.0,High,0,1,0
CCC,2014J,644480.0,F,London Region,A Level or Equivalent,0-10%,0-35,0.0,120.0,N,Pass,894.0,56.0,High,1,0,1
CCC,2014J,644516.0,M,North Region,Lower Than A Level,,35-55,0.0,120.0,N,Withdrawn,124.0,23.0,Low,1,1,0
CCC,2014J,644828.0,M,East Midlands Region,HE Qualification,90-100%,0-35,0.0,180.0,N,Pass,2270.0,254.0,High,1,0,1
CCC,2014J,644848.0,M,Scotland,Lower Than A Level,30-40%,0-35,0.0,120.0,N,Fail,473.0,4.0,Low,1,0,0
CCC,2014J,644905.0,M,South East Region,HE Qualification,40-50%,0-35,0.0,120.0,N,Withdrawn,287.0,1.0,High,1,1,0
CCC,2014J,644951.0,M,East Anglian Region,A Level or Equivalent,40-50%,0-35,0.0,90.0,N,Distinction,396.0,9.0,High,1,0,1
CCC,2014J,644974.0,M,London Region,A Level or Equivalent,80-90%,35-55,0.0,120.0,N,Pass,4239.0,0.0,High,0,0,1
CCC,2014J,645124.0,F,London Region,Post Graduate Qualification,10-20,35-55,0.0,30.0,N,Distinction,1798.0,65.0,Other,1,0,1
CCC,2014J,645144.0,M,London Region,HE Qualification,80-90%,35-55,0.0,60.0,N,Distinction,2879.0,538.0,High,1,0,1
CCC,2014J,645160.0,F,East Anglian Region,A Level or Equivalent,20-30%,0-35,0.0,150.0,N,Withdrawn,56.0,1.0,High,1,1,0
CCC,2014J,645174.0,M,South Region,A Level or Equivalent,90-100%,0-35,0.0,60.0,N,Pass,428.0,32.0,High,1,0,1
CCC,2014J,645216.0,M,London Region,A Level or Equivalent,0-10%,0-35,0.0,120.0,N,Distinction,698.0,49.0,High,1,0,1
CCC,2014J,645219.0,M,South Region,Lower Than A Level,90-100%,0-35,0.0,120.0,N,Withdrawn,0.0,0.0,Low,0,1,0
CCC,2014J,645334.0,F,Scotland,HE Qualification,60-70%,35-55,0.0,60.0,N,Distinction,3105.0,378.0,High,1,0,1
CCC,2014J,645353.0,M,North Western Region,Lower Than A Level,0-10%,0-35,0.0,240.0,N,Withdrawn,99.0,0.0,Low,0,1,0
CCC,2014J,645369.0,F,North Western Region,A Level or Equivalent,0-10%,0-35,0.0,120.0,N,Pass,834.0,41.0,High,1,0,1
CCC,2014J,645481.0,M,South Region,Lower Than A Level,10-20,0-35,0.0,60.0,Y,Withdrawn,0.0,0.0,Low,0,1,0
CCC,2014J,645586.0,M,Scotland,HE Qualification,10-20,0-35,0.0,90.0,N,Pass,992.0,37.0,High,1,0,1
CCC,2014J,645590.0,M,Scotland,HE Qualification,50-60%,0-35,0.0,60.0,N,Fail,158.0,8.0,High,1,0,0
CCC,2014J,645698.0,M,West Midlands Region,Lower Than A Level,50-60%,0-35,0.0,30.0,N,Pass,913.0,150.0,Low,1,0,1
CCC,2014J,645710.0,M,West Midlands Region,HE Qualification,40-50%,0-35,0.0,120.0,N,Withdrawn,0.0,0.0,High,0,1,0
CCC,2014J,645770.0,M,South West Region,A Level or Equivalent,70-80%,0-35,0.0,90.0,N,Fail,2948.0,1119.0,High,1,0,0
CCC,2014J,645792.0,M,South West Region,Lower Than A Level,70-80%,0-35,0.0,110.0,N,Distinction,2462.0,459.0,Low,1,0,1
CCC,2014J,645835.0,M,North Region,A Level or Equivalent,60-70%,0-35,0.0,120.0,N,Withdrawn,1219.0,102.0,High,1,1,0
CCC,2014J,645847.0,M,South West Region,HE Qualification,60-70%,35-55,0.0,90.0,N,Withdrawn,2.0,0.0,High,0,1,0
CCC,2014J,645867.0,M,Scotland,HE Qualification,70-80%,0-35,0.0,120.0,N,Withdrawn,363.0,3.0,High,1,1,0
CCC,2014J,645939.0,M,South Region,A Level or Equivalent,40-50%,0-35,0.0,120.0,N,Withdrawn,428.0,45.0,High,1,1,0
CCC,2014J,645948.0,M,West Midlands Region,Lower Than A Level,20-30%,0-35,0.0,90.0,N,Withdrawn,1489.0,790.0,Low,1,1,0
CCC,2014J,646071.0,M,Scotland,Post Graduate Qualification,80-90%,0-35,0.0,60.0,N,Pass,1330.0,113.0,Other,1,0,1
CCC,2014J,646077.0,M,South West Region,A Level or Equivalent,0-10%,0-35,0.0,120.0,Y,Withdrawn,2.0,0.0,High,0,1,0
CCC,2014J,646173.0,M,London Region,HE Qualification,30-40%,35-55,0.0,30.0,N,Pass,1036.0,16.0,High,1,0,1
CCC,2014J,646351.0,F,Wales,A Level or Equivalent,40-50%,35-55,0.0,90.0,N,Distinction,1668.0,347.0,High,1,0,1
CCC,2014J,646359.0,M,South East Region,A Level or Equivalent,30-40%,0-35,0.0,150.0,N,Withdrawn,337.0,47.0,High,1,1,0
CCC,2014J,646363.0,M,East Anglian Region,HE Qualification,60-70%,0-35,0.0,60.0,N,Fail,163.0,9.0,High,1,0,0
CCC,2014J,646406.0,M,North Region,A Level or Equivalent,60-70%,0-35,0.0,60.0,N,Distinction,2083.0,172.0,High,1,0,1
CCC,2014J,646413.0,F,East Midlands Region,Lower Than A Level,30-40%,0-35,0.0,120.0,N,Pass,610.0,203.0,Low,1,0,1
CCC,2014J,646459.0,M,London Region,HE Qualification,10-20,0-35,0.0,150.0,N,Withdrawn,0.0,0.0,High,0,1,0
CCC,2014J,646481.0,M,Yorkshire Region,A Level or Equivalent,80-90%,0-35,0.0,60.0,N,Pass,1487.0,15.0,High,1,0,1
CCC,2014J,646502.0,M,London Region,A Level or Equivalent,30-40%,0-35,0.0,60.0,N,Withdrawn,211.0,7.0,High,1,1,0
CCC,2014J,646547.0,M,North Western Region,Lower Than A Level,0-10%,0-35,0.0,90.0,N,Withdrawn,0.0,0.0,Low,0,1,0
CCC,2014J,646553.0,M,South East Region,HE Qualification,60-70%,0-35,0.0,90.0,N,Fail,269.0,18.0,High,1,0,0
CCC,2014J,646589.0,M,South West Region,A Level or Equivalent,10-20,0-35,0.0,120.0,Y,Pass,2312.0,232.0,High,1,0,1
CCC,2014J,646628.0,F,East Anglian Region,Lower Than A Level,70-80%,0-35,0.0,60.0,N,Fail,7.0,4.0,Low,1,0,0
CCC,2014J,646689.0,M,East Anglian Region,A Level or Equivalent,50-60%,0-35,0.0,120.0,N,Withdrawn,240.0,8.0,High,1,1,0
CCC,2014J,646739.0,M,Scotland,A Level or Equivalent,70-80%,0-35,0.0,120.0,N,Fail,0.0,0.0,High,0,0,0
CCC,2014J,646747.0,F,East Midlands Region,A Level or Equivalent,50-60%,0-35,0.0,60.0,N,Withdrawn,0.0,0.0,High,0,1,0
CCC,2014J,646751.0,F,North Western Region,A Level or Equivalent,30-40%,0-35,0.0,30.0,N,Withdrawn,0.0,0.0,High,0,1,0
CCC,2014J,646841.0,M,North Western Region,Lower Than A Level,0-10%,0-35,0.0,60.0,N,Withdrawn,158.0,1.0,Low,1,1,0
CCC,2014J,646938.0,M,London Region,A Level or Equivalent,20-30%,35-55,0.0,120.0,N,Withdrawn,0.0,0.0,High,0,1,0
CCC,2014J,646998.0,M,East Midlands Region,A Level or Equivalent,90-100%,0-35,0.0,60.0,N,Pass,1340.0,369.0,High,1,0,1
CCC,2014J,647083.0,M,Yorkshire Region,A Level or Equivalent,10-20,0-35,0.0,180.0,N,Fail,629.0,125.0,High,1,0,0
CCC,2014J,647148.0,M,Scotland,A Level or Equivalent,40-50%,0-35,0.0,120.0,N,Pass,516.0,3.0,High,1,0,1
CCC,2014J,647184.0,M,London Region,Lower Than A Level,10-20,0-35,0.0,120.0,N,Withdrawn,18.0,0.0,Low,0,1,0
CCC,2014J,647195.0,F,South East Region,A Level or Equivalent,80-90%,0-35,0.0,120.0,N,Distinction,1237.0,100.0,High,1,0,1
CCC,2014J,647391.0,F,Scotland,HE Qualification,0-10%,0-35,0.0,150.0,N,Withdrawn,0.0,0.0,High,0,1,0
CCC,2014J,647406.0,M,Yorkshire Region,A Level or Equivalent,0-10%,0-35,0.0,120.0,N,Withdrawn,441.0,0.0,High,0,1,0
CCC,2014J,647417.0,M,West Midlands Region,A Level or Equivalent,10-20,0-35,0.0,120.0,Y,Withdrawn,54.0,0.0,High,0,1,0
CCC,2014J,647464.0,M,South West Region,A Level or Equivalent,10-20,0-35,0.0,120.0,N,Pass,1383.0,417.0,High,1,0,1
CCC,2014J,647479.0,F,North Western Region,A Level or Equivalent,30-40%,35-55,0.0,60.0,N,Fail,2059.0,23.0,High,1,0,0
CCC,2014J,647518.0,M,Wales,A Level or Equivalent,10-20,0-35,0.0,120.0,N,Withdrawn,1517.0,110.0,High,1,1,0
CCC,2014J,647593.0,M,Scotland,A Level or Equivalent,60-70%,0-35,0.0,120.0,N,Pass,1121.0,81.0,High,1,0,1
CCC,2014J,647645.0,M,East Anglian Region,A Level or Equivalent,80-90%,0-35,0.0,90.0,N,Withdrawn,130.0,0.0,High,0,1,0
CCC,2014J,647684.0,M,North Region,Post Graduate Qualification,,0-35,0.0,30.0,N,Withdrawn,119.0,2.0,Other,1,1,0
CCC,2014J,647735.0,F,Wales,A Level or Equivalent,10-20,0-35,0.0,60.0,N,Fail,174.0,1.0,High,1,0,0
CCC,2014J,647763.0,F,Scotland,Lower Than A Level,80-90%,35-55,0.0,60.0,N,Pass,4661.0,289.0,Low,1,0,1
CCC,2014J,647865.0,M,East Anglian Region,A Level or Equivalent,30-40%,0-35,0.0,60.0,N,Pass,374.0,5.0,High,1,0,1
CCC,2014J,647869.0,M,London Region,A Level or Equivalent,60-70%,0-35,0.0,120.0,Y,Withdrawn,282.0,0.0,High,0,1,0
CCC,2014J,647887.0,F,London Region,No Formal quals,0-10%,0-35,0.0,60.0,N,Withdrawn,11.0,0.0,Other,0,1,0
CCC,2014J,647888.0,M,South East Region,A Level or Equivalent,80-90%,0-35,0.0,60.0,N,Pass,427.0,32.0,High,1,0,1
CCC,2014J,647947.0,M,South West Region,Lower Than A Level,40-50%,0-35,0.0,210.0,Y,Withdrawn,131.0,0.0,Low,0,1,0
CCC,2014J,648085.0,F,West Midlands Region,A Level or Equivalent,30-40%,0-35,0.0,60.0,N,Pass,335.0,0.0,High,0,0,1
CCC,2014J,648140.0,M,South Region,A Level or Equivalent,80-90%,0-35,0.0,120.0,N,Pass,1197.0,143.0,High,1,0,1
CCC,2014J,648161.0,F,East Anglian Region,Post Graduate Qualification,90-100%,35-55,0.0,120.0,N,Pass,2471.0,41.0,Other,1,0,1
CCC,2014J,648250.0,F,London Region,HE Qualification,50-60%,0-35,0.0,90.0,N,Withdrawn,1727.0,28.0,High,1,1,0
CCC,2014J,648285.0,M,Ireland,A Level or Equivalent,40-50%,0-35,0.0,60.0,N,Pass,839.0,76.0,High,1,0,1
CCC,2014J,648314.0,M,North Western Region,Lower Than A Level,40-50%,0-35,0.0,120.0,N,Withdrawn,83.0,0.0,Low,0,1,0
CCC,2014J,648321.0,F,East Midlands Region,A Level or Equivalent,20-30%,0-35,0.0,90.0,N,Withdrawn,876.0,172.0,High,1,1,0
CCC,2014J,648354.0,F,North Western Region,A Level or Equivalent,20-30%,35-55,0.0,120.0,N,Withdrawn,0.0,0.0,High,0,1,0
CCC,2014J,648363.0,M,London Region,Lower Than A Level,20-30%,35-55,0.0,60.0,N,Distinction,2254.0,176.0,Low,1,0,1
CCC,2014J,648369.0,M,Wales,HE Qualification,40-50%,0-35,0.0,60.0,N,Pass,1199.0,76.0,High,1,0,1
CCC,2014J,648419.0,F,North Western Region,A Level or Equivalent,10-20,0-35,0.0,120.0,N,Withdrawn,0.0,0.0,High,0,1,0
CCC,2014J,648448.0,M,West Midlands Region,A Level or Equivalent,0-10%,0-35,0.0,90.0,N,Withdrawn,206.0,2.0,High,1,1,0
CCC,2014J,648477.0,M,Yorkshire Region,Lower Than A Level,0-10%,0-35,0.0,120.0,N,Withdrawn,0.0,0.0,Low,0,1,0
CCC,2014J,648521.0,F,London Region,A Level or Equivalent,30-40%,0-35,0.0,90.0,N,Withdrawn,0.0,0.0,High,0,1,0
CCC,2014J,648536.0,M,East Midlands Region,A Level or Equivalent,80-90%,0-35,0.0,120.0,N,Withdrawn,0.0,0.0,High,0,1,0
CCC,2014J,648590.0,M,London Region,A Level or Equivalent,90-100%,0-35,0.0,120.0,N,Fail,789.0,73.0,High,1,0,0
CCC,2014J,648605.0,M,East Midlands Region,A Level or Equivalent,70-80%,0-35,0.0,120.0,N,Withdrawn,0.0,0.0,High,0,1,0
CCC,2014J,648606.0,F,East Anglian Region,Lower Than A Level,20-30%,0-35,0.0,120.0,N,Withdrawn,250.0,8.0,Low,1,1,0
CCC,2014J,648625.0,F,East Anglian Region,A Level or Equivalent,40-50%,0-35,0.0,60.0,N,Withdrawn,0.0,0.0,High,0,1,0
CCC,2014J,648649.0,F,East Anglian Region,Lower Than A Level,50-60%,0-35,0.0,90.0,N,Pass,1323.0,32.0,Low,1,0,1
CCC,2014J,648654.0,M,West Midlands Region,Lower Than A Level,50-60%,0-35,0.0,60.0,N,Withdrawn,18.0,0.0,Low,0,1,0
CCC,2014J,648781.0,M,North Region,A Level or Equivalent,90-100%,0-35,0.0,60.0,N,Pass,1518.0,12.0,High,1,0,1
CCC,2014J,648818.0,F,Ireland,Post Graduate Qualification,,0-35,0.0,30.0,N,Pass,763.0,21.0,Other,1,0,1
CCC,2014J,648819.0,M,East Midlands Region,A Level or Equivalent,0-10%,0-35,0.0,120.0,N,Withdrawn,5.0,0.0,High,0,1,0
CCC,2014J,648833.0,M,North Western Region,Lower Than A Level,40-50%,0-35,0.0,210.0,N,Withdrawn,22.0,0.0,Low,0,1,0
CCC,2014J,648854.0,M,North Western Region,Lower Than A Level,30-40%,0-35,0.0,120.0,N,Pass,3989.0,528.0,Low,1,0,1
CCC,2014J,648868.0,M,North Western Region,A Level or Equivalent,60-70%,0-35,0.0,270.0,N,Withdrawn,204.0,0.0,High,0,1,0
CCC,2014J,648872.0,F,Wales,Lower Than A Level,10-20,0-35,0.0,120.0,N,Withdrawn,190.0,18.0,Low,1,1,0
CCC,2014J,648959.0,M,South East Region,Lower Than A Level,80-90%,0-35,0.0,240.0,N,Fail,596.0,9.0,Low,1,0,0
CCC,2014J,649001.0,M,London Region,Lower Than A Level,20-30%,35-55,0.0,60.0,N,Withdrawn,349.0,4.0,Low,1,1,0
CCC,2014J,649105.0,F,East Midlands Region,A Level or Equivalent,60-70%,35-55,0.0,180.0,N,Distinction,4609.0,1708.0,High,1,0,1
CCC,2014J,649129.0,M,South West Region,A Level or Equivalent,80-90%,0-35,0.0,60.0,N,Distinction,1237.0,175.0,High,1,0,1
CCC,2014J,649141.0,M,Ireland,A Level or Equivalent,70-80%,35-55,0.0,90.0,N,Withdrawn,1029.0,134.0,High,1,1,0
CCC,2014J,649215.0,M,London Region,Lower Than A Level,20-30%,0-35,0.0,90.0,N,Withdrawn,1.0,0.0,Low,0,1,0
CCC,2014J,649248.0,F,Yorkshire Region,Lower Than A Level,50-60%,0-35,0.0,90.0,N,Withdrawn,0.0,0.0,Low,0,1,0
CCC,2014J,649343.0,M,East Midlands Region,A Level or Equivalent,50-60%,0-35,0.0,90.0,N,Pass,679.0,65.0,High,1,0,1
CCC,2014J,649394.0,M,West Midlands Region,A Level or Equivalent,30-40%,0-35,0.0,120.0,N,Withdrawn,2.0,0.0,High,0,1,0
CCC,2014J,649413.0,M,Yorkshire Region,A Level or Equivalent,0-10%,0-35,0.0,120.0,N,Withdrawn,0.0,0.0,High,0,1,0
CCC,2014J,649523.0,M,North Western Region,Lower Than A Level,0-10%,0-35,0.0,120.0,N,Withdrawn,0.0,0.0,Low,0,1,0
CCC,2014J,649592.0,M,Ireland,A Level or Equivalent,70-80%,0-35,0.0,60.0,N,Distinction,876.0,169.0,High,1,0,1
CCC,2014J,649604.0,F,North Western Region,No Formal quals,0-10%,0-35,0.0,90.0,N,Pass,1473.0,16.0,Other,1,0,1
CCC,2014J,649607.0,F,East Midlands Region,A Level or Equivalent,40-50%,0-35,0.0,90.0,N,Withdrawn,253.0,0.0,High,0,1,0
CCC,2014J,649701.0,M,Yorkshire Region,Lower Than A Level,20-30%,0-35,0.0,120.0,N,Withdrawn,4.0,0.0,Low,0,1,0
CCC,2014J,649761.0,M,Yorkshire Region,A Level or Equivalent,10-20,35-55,0.0,120.0,N,Fail,1103.0,111.0,High,1,0,0
CCC,2014J,649780.0,M,South West Region,A Level or Equivalent,60-70%,0-35,0.0,90.0,Y,Withdrawn,5.0,0.0,High,0,1,0
CCC,2014J,649816.0,M,South Region,Post Graduate Qualification,90-100%,35-55,0.0,75.0,N,Fail,2537.0,8.0,Other,1,0,0
CCC,2014J,649840.0,M,South Region,Lower Than A Level,40-50%,0-35,0.0,90.0,N,Pass,7382.0,20.0,Low,1,0,1
CCC,2014J,649856.0,F,Scotland,A Level or Equivalent,50-60%,0-35,0.0,60.0,N,Fail,297.0,49.0,High,1,0,0
CCC,2014J,649868.0,M,London Region,A Level or Equivalent,40-50%,0-35,0.0,90.0,N,Pass,708.0,33.0,High,1,0,1
CCC,2014J,650070.0,M,Scotland,A Level or Equivalent,70-80%,0-35,0.0,90.0,Y,Withdrawn,0.0,0.0,High,0,1,0
CCC,2014J,650074.0,M,Wales,A Level or Equivalent,50-60%,0-35,0.0,120.0,N,Withdrawn,6.0,0.0,High,0,1,0
CCC,2014J,650085.0,M,East Midlands Region,A Level or Equivalent,80-90%,0-35,0.0,90.0,N,Withdrawn,120.0,18.0,High,1,1,0
CCC,2014J,650099.0,M,South Region,HE Qualification,40-50%,0-35,0.0,60.0,N,Pass,778.0,45.0,High,1,0,1
CCC,2014J,650105.0,M,Scotland,Lower Than A Level,70-80%,0-35,0.0,60.0,N,Fail,194.0,6.0,Low,1,0,0
CCC,2014J,650133.0,F,East Anglian Region,A Level or Equivalent,70-80%,0-35,0.0,60.0,N,Withdrawn,102.0,0.0,High,0,1,0
CCC,2014J,650145.0,M,Wales,Lower Than A Level,20-30%,0-35,0.0,60.0,N,Fail,1054.0,175.0,Low,1,0,0
CCC,2014J,650163.0,F,East Anglian Region,A Level or Equivalent,40-50%,0-35,0.0,60.0,N,Withdrawn,0.0,0.0,High,0,1,0
CCC,2014J,650271.0,M,North Region,HE Qualification,,35-55,0.0,120.0,N,Fail,212.0,24.0,High,1,0,0
CCC,2014J,650341.0,F,London Region,A Level or Equivalent,30-40%,0-35,0.0,150.0,N,Fail,1139.0,25.0,High,1,0,0
CCC,2014J,650370.0,F,Scotland,HE Qualification,10-20,0-35,0.0,90.0,N,Pass,2896.0,1047.0,High,1,0,1
CCC,2014J,650414.0,M,South East Region,A Level or Equivalent,10-20,0-35,0.0,120.0,N,Withdrawn,129.0,21.0,High,1,1,0
CCC,2014J,650424.0,M,West Midlands Region,Lower Than A Level,0-10%,0-35,0.0,120.0,N,Withdrawn,0.0,0.0,Low,0,1,0
CCC,2014J,650511.0,M,South Region,A Level or Equivalent,70-80%,35-55,0.0,60.0,N,Distinction,1451.0,25.0,High,1,0,1
CCC,2014J,650544.0,M,South Region,Lower Than A Level,60-70%,35-55,0.0,90.0,N,Withdrawn,75.0,0.0,Low,0,1,0
CCC,2014J,650787.0,F,East Anglian Region,A Level or Equivalent,40-50%,35-55,0.0,120.0,N,Pass,447.0,17.0,High,1,0,1
CCC,2014J,650838.0,F,London Region,HE Qualification,10-20,0-35,0.0,120.0,N,Withdrawn,137.0,0.0,High,0,1,0
CCC,2014J,650849.0,F,Scotland,HE Qualification,70-80%,0-35,0.0,60.0,N,Withdrawn,207.0,24.0,High,1,1,0
CCC,2014J,650850.0,F,South West Region,A Level or Equivalent,20-30%,0-35,0.0,180.0,N,Withdrawn,609.0,142.0,High,1,1,0
CCC,2014J,650856.0,M,London Region,Lower Than A Level,30-40%,0-35,0.0,120.0,N,Pass,1001.0,5.0,Low,1,0,1
CCC,2014J,650863.0,F,North Region,A Level or Equivalent,70-80%,0-35,0.0,60.0,N,Distinction,4855.0,2112.0,High,1,0,1
CCC,2014J,650927.0,M,Scotland,A Level or Equivalent,50-60%,0-35,0.0,90.0,N,Withdrawn,15.0,0.0,High,0,1,0
CCC,2014J,651058.0,M,London Region,A Level or Equivalent,90-100%,35-55,0.0,90.0,N,Fail,114.0,0.0,High,0,0,0
CCC,2014J,651156.0,M,Yorkshire Region,A Level or Equivalent,0-10%,0-35,0.0,120.0,N,Withdrawn,0.0,0.0,High,0,1,0
CCC,2014J,651159.0,M,North Western Region,A Level or Equivalent,30-40%,0-35,0.0,120.0,N,Distinction,1538.0,368.0,High,1,0,1
CCC,2014J,651187.0,M,London Region,A Level or Equivalent,20-30%,0-35,0.0,150.0,N,Withdrawn,9.0,0.0,High,0,1,0
CCC,2014J,651217.0,M,East Midlands Region,A Level or Equivalent,50-60%,0-35,0.0,30.0,N,Withdrawn,323.0,3.0,High,1,1,0
CCC,2014J,651236.0,M,East Midlands Region,A Level or Equivalent,80-90%,0-35,0.0,30.0,N,Fail,10.0,0.0,High,0,0,0
CCC,2014J,651267.0,M,South West Region,A Level or Equivalent,10-20,0-35,0.0,120.0,N,Fail,916.0,26.0,High,1,0,0
CCC,2014J,651298.0,M,North Western Region,HE Qualification,40-50%,0-35,0.0,60.0,N,Withdrawn,0.0,0.0,High,0,1,0
CCC,2014J,651325.0,M,North Western Region,HE Qualification,40-50%,0-35,0.0,90.0,N,Withdrawn,107.0,0.0,High,0,1,0
CCC,2014J,651371.0,M,South Region,A Level or Equivalent,50-60%,0-35,0.0,60.0,N,Withdrawn,0.0,0.0,High,0,1,0
CCC,2014J,651423.0,M,North Western Region,A Level or Equivalent,0-10%,0-35,0.0,60.0,N,Distinction,1661.0,118.0,High,1,0,1
CCC,2014J,651495.0,M,North Region,HE Qualification,,35-55,0.0,120.0,N,Distinction,2400.0,385.0,High,1,0,1
CCC,2014J,651508.0,F,London Region,A Level or Equivalent,10-20,0-35,0.0,120.0,N,Distinction,1328.0,228.0,High,1,0,1
CCC,2014J,651616.0,M,West Midlands Region,Lower Than A Level,20-30%,35-55,0.0,120.0,N,Withdrawn,129.0,4.0,Low,1,1,0
CCC,2014J,651651.0,M,South East Region,Lower Than A Level,10-20,35-55,0.0,120.0,N,Withdrawn,0.0,0.0,Low,0,1,0
CCC,2014J,651734.0,M,South East Region,Lower Than A Level,20-30%,0-35,0.0,120.0,N,Withdrawn,115.0,3.0,Low,1,1,0
CCC,2014J,651759.0,M,London Region,HE Qualification,50-60%,55<=,0.0,120.0,N,Distinction,3528.0,1044.0,High,1,0,1
CCC,2014J,651764.0,M,East Anglian Region,A Level or Equivalent,80-90%,0-35,0.0,90.0,N,Distinction,2063.0,166.0,High,1,0,1
CCC,2014J,651823.0,M,South Region,A Level or Equivalent,10-20,0-35,0.0,60.0,N,Pass,1555.0,9.0,High,1,0,1
CCC,2014J,651839.0,M,North Region,A Level or Equivalent,0-10%,0-35,0.0,120.0,N,Withdrawn,55.0,0.0,High,0,1,0
CCC,2014J,651850.0,M,East Anglian Region,A Level or Equivalent,80-90%,0-35,0.0,90.0,N,Withdrawn,564.0,35.0,High,1,1,0
CCC,2014J,651935.0,F,West Midlands Region,A Level or Equivalent,0-10%,0-35,0.0,120.0,N,Pass,1346.0,1.0,High,1,0,1
CCC,2014J,651963.0,M,South East Region,Lower Than A Level,30-40%,0-35,0.0,120.0,N,Withdrawn,77.0,0.0,Low,0,1,0
CCC,2014J,652023.0,M,East Anglian Region,HE Qualification,50-60%,0-35,0.0,30.0,N,Pass,1949.0,41.0,High,1,0,1
CCC,2014J,652406.0,M,South East Region,A Level or Equivalent,10-20,0-35,0.0,120.0,N,Withdrawn,0.0,0.0,High,0,1,0
CCC,2014J,652428.0,M,Wales,Lower Than A Level,50-60%,0-35,0.0,120.0,N,Fail,864.0,364.0,Low,1,0,0
CCC,2014J,652501.0,M,South West Region,A Level or Equivalent,30-40%,0-35,0.0,120.0,N,Pass,928.0,33.0,High,1,0,1
CCC,2014J,652570.0,M,Scotland,HE Qualification,30-40%,0-35,0.0,60.0,N,Withdrawn,0.0,0.0,High,0,1,0
CCC,2014J,652571.0,M,London Region,A Level or Equivalent,20-30%,0-35,0.0,60.0,N,Withdrawn,14.0,0.0,High,0,1,0
CCC,2014J,652894.0,M,North Region,A Level or Equivalent,30-40%,0-35,0.0,60.0,N,Fail,1996.0,8.0,High,1,0,0
CCC,2014J,652902.0,M,London Region,HE Qualification,40-50%,0-35,0.0,120.0,N,Distinction,1748.0,371.0,High,1,0,1
CCC,2014J,652945.0,M,South Region,A Level or Equivalent,80-90%,0-35,0.0,120.0,Y,Withdrawn,0.0,0.0,High,0,1,0
CCC,2014J,652971.0,M,South East Region,A Level or Equivalent,30-40%,35-55,0.0,90.0,N,Withdrawn,141.0,0.0,High,0,1,0
CCC,2014J,652994.0,M,North Western Region,Lower Than A Level,10-20,0-35,0.0,120.0,N,Withdrawn,71.0,1.0,Low,1,1,0
CCC,2014J,653062.0,F,North Region,A Level or Equivalent,10-20,0-35,0.0,180.0,N,Withdrawn,0.0,0.0,High,0,1,0
CCC,2014J,653115.0,F,Yorkshire Region,HE Qualification,0-10%,35-55,0.0,120.0,N,Pass,571.0,23.0,High,1,0,1
CCC,2014J,653127.0,F,Scotland,HE Qualification,0-10%,35-55,0.0,90.0,N,Distinction,8537.0,3864.0,High,1,0,1
CCC,2014J,653177.0,F,West Midlands Region,HE Qualification,20-30%,35-55,0.0,90.0,N,Withdrawn,250.0,19.0,High,1,1,0
CCC,2014J,653278.0,M,North Region,A Level or Equivalent,0-10%,35-55,0.0,120.0,N,Pass,1640.0,44.0,High,1,0,1
CCC,2014J,653352.0,M,South East Region,A Level or Equivalent,30-40%,0-35,0.0,90.0,N,Withdrawn,76.0,0.0,High,0,1,0
CCC,2014J,653452.0,F,South West Region,A Level or Equivalent,30-40%,0-35,0.0,120.0,N,Pass,631.0,46.0,High,1,0,1
CCC,2014J,653506.0,M,South East Region,Lower Than A Level,10-20,0-35,0.0,90.0,N,Withdrawn,18.0,0.0,Low,0,1,0
CCC,2014J,653700.0,M,Wales,HE Qualification,70-80%,0-35,0.0,60.0,N,Fail,21.0,3.0,High,1,0,0
CCC,2014J,653726.0,F,Yorkshire Region,A Level or Equivalent,40-50%,0-35,0.0,60.0,N,Withdrawn,43.0,0.0,High,0,1,0
CCC,2014J,653821.0,F,East Anglian Region,No Formal quals,70-80%,0-35,0.0,60.0,N,Pass,585.0,0.0,Other,0,0,1
CCC,2014J,653887.0,M,Scotland,HE Qualification,80-90%,0-35,0.0,60.0,N,Withdrawn,643.0,55.0,High,1,1,0
CCC,2014J,653977.0,M,South West Region,Lower Than A Level,10-20,35-55,0.0,90.0,N,Withdrawn,0.0,0.0,Low,0,1,0
CCC,2014J,653998.0,M,Scotland,Lower Than A Level,60-70%,0-35,0.0,60.0,N,Withdrawn,359.0,5.0,Low,1,1,0
CCC,2014J,654000.0,M,Ireland,Post Graduate Qualification,,0-35,0.0,120.0,N,Pass,2002.0,92.0,Other,1,0,1
CCC,2014J,654002.0,M,Wales,A Level or Equivalent,30-40%,0-35,0.0,150.0,N,Distinction,912.0,9.0,High,1,0,1
CCC,2014J,654016.0,F,Scotland,HE Qualification,20-30%,35-55,0.0,30.0,N,Pass,942.0,278.0,High,1,0,1
CCC,2014J,654031.0,M,North Region,A Level or Equivalent,,35-55,0.0,60.0,Y,Pass,3742.0,55.0,High,1,0,1
CCC,2014J,654095.0,M,East Anglian Region,Lower Than A Level,50-60%,0-35,0.0,120.0,N,Fail,0.0,0.0,Low,0,0,0
CCC,2014J,654114.0,M,Yorkshire Region,Lower Than A Level,0-10%,0-35,0.0,120.0,N,Pass,1764.0,146.0,Low,1,0,1
CCC,2014J,654188.0,F,North Western Region,A Level or Equivalent,0-10%,0-35,0.0,120.0,N,Fail,955.0,38.0,High,1,0,0
CCC,2014J,654202.0,M,South East Region,A Level or Equivalent,50-60%,35-55,0.0,60.0,N,Withdrawn,93.0,0.0,High,0,1,0
CCC,2014J,654258.0,M,London Region,A Level or Equivalent,60-70%,0-35,0.0,30.0,N,Withdrawn,6.0,0.0,High,0,1,0
CCC,2014J,654295.0,F,Ireland,A Level or Equivalent,10-20,35-55,0.0,90.0,N,Withdrawn,1001.0,22.0,High,1,1,0
CCC,2014J,654322.0,M,London Region,A Level or Equivalent,60-70%,0-35,0.0,120.0,Y,Distinction,3247.0,25.0,High,1,0,1
CCC,2014J,654407.0,M,North Region,Lower Than A Level,0-10%,0-35,0.0,150.0,N,Withdrawn,2.0,0.0,Low,0,1,0
CCC,2014J,654504.0,M,Scotland,A Level or Equivalent,60-70%,0-35,0.0,120.0,N,Pass,549.0,9.0,High,1,0,1
CCC,2014J,654539.0,F,Scotland,Post Graduate Qualification,50-60%,0-35,0.0,90.0,N,Distinction,2127.0,457.0,Other,1,0,1
CCC,2014J,654646.0,M,South Region,Lower Than A Level,60-70%,0-35,0.0,30.0,N,Distinction,2278.0,538.0,Low,1,0,1
CCC,2014J,654671.0,F,South Region,A Level or Equivalent,20-30%,0-35,0.0,150.0,Y,Withdrawn,98.0,6.0,High,1,1,0
CCC,2014J,654755.0,M,London Region,A Level or Equivalent,20-30%,0-35,0.0,60.0,N,Withdrawn,128.0,0.0,High,0,1,0
CCC,2014J,654817.0,M,Ireland,Post Graduate Qualification,,0-35,0.0,60.0,N,Distinction,529.0,17.0,Other,1,0,1
CCC,2014J,654828.0,M,North Region,A Level or Equivalent,0-10%,0-35,0.0,120.0,N,Withdrawn,0.0,0.0,High,0,1,0
CCC,2014J,654888.0,M,East Midlands Region,A Level or Equivalent,80-90%,0-35,0.0,90.0,N,Withdrawn,1.0,0.0,High,0,1,0
CCC,2014J,654915.0,M,South East Region,HE Qualification,60-70%,0-35,0.0,30.0,N,Distinction,4063.0,0.0,High,0,0,1
CCC,2014J,654960.0,M,East Anglian Region,A Level or Equivalent,80-90%,0-35,0.0,120.0,N,Withdrawn,0.0,0.0,High,0,1,0
CCC,2014J,655051.0,M,West Midlands Region,A Level or Equivalent,30-40%,0-35,0.0,150.0,N,Pass,650.0,12.0,High,1,0,1
CCC,2014J,655108.0,M,West Midlands Region,Lower Than A Level,60-70%,0-35,0.0,120.0,N,Pass,1626.0,70.0,Low,1,0,1
CCC,2014J,655293.0,M,Wales,A Level or Equivalent,80-90%,0-35,0.0,120.0,Y,Withdrawn,73.0,0.0,High,0,1,0
CCC,2014J,655353.0,M,London Region,HE Qualification,70-80%,35-55,0.0,150.0,N,Pass,4231.0,1519.0,High,1,0,1
CCC,2014J,655378.0,M,East Midlands Region,A Level or Equivalent,60-70%,35-55,0.0,60.0,N,Pass,2202.0,105.0,High,1,0,1
CCC,2014J,655390.0,F,North Region,Lower Than A Level,,0-35,0.0,120.0,N,Pass,2149.0,89.0,Low,1,0,1
CCC,2014J,655408.0,M,South East Region,A Level or Equivalent,50-60%,35-55,0.0,60.0,N,Withdrawn,282.0,21.0,High,1,1,0
CCC,2014J,655484.0,M,East Anglian Region,A Level or Equivalent,10-20,0-35,0.0,90.0,Y,Withdrawn,147.0,0.0,High,0,1,0
CCC,2014J,655498.0,F,South West Region,A Level or Equivalent,50-60%,0-35,0.0,120.0,N,Pass,2019.0,114.0,High,1,0,1
CCC,2014J,655627.0,M,Yorkshire Region,Lower Than A Level,30-40%,0-35,0.0,120.0,N,Withdrawn,0.0,0.0,Low,0,1,0
CCC,2014J,655761.0,M,East Midlands Region,Lower Than A Level,20-30%,0-35,0.0,120.0,N,Withdrawn,0.0,0.0,Low,0,1,0
CCC,2014J,655890.0,F,Scotland,A Level or Equivalent,80-90%,35-55,0.0,30.0,N,Distinction,4824.0,1490.0,High,1,0,1
CCC,2014J,655919.0,M,West Midlands Region,Lower Than A Level,70-80%,0-35,0.0,60.0,N,Pass,2715.0,239.0,Low,1,0,1
CCC,2014J,655927.0,M,Ireland,A Level or Equivalent,40-50%,0-35,0.0,120.0,N,Pass,965.0,206.0,High,1,0,1
CCC,2014J,655953.0,F,West Midlands Region,Lower Than A Level,50-60%,0-35,0.0,120.0,Y,Withdrawn,0.0,0.0,Low,0,1,0
CCC,2014J,655973.0,M,East Anglian Region,A Level or Equivalent,90-100%,0-35,0.0,120.0,N,Pass,675.0,14.0,High,1,0,1
CCC,2014J,655988.0,M,East Anglian Region,A Level or Equivalent,70-80%,35-55,0.0,90.0,N,Withdrawn,591.0,15.0,High,1,1,0
CCC,2014J,656026.0,M,London Region,Lower Than A Level,10-20,0-35,0.0,120.0,N,Withdrawn,44.0,1.0,Low,1,1,0
CCC,2014J,656068.0,M,East Anglian Region,Lower Than A Level,20-30%,0-35,0.0,120.0,N,Withdrawn,0.0,0.0,Low,0,1,0
CCC,2014J,656203.0,M,East Anglian Region,A Level or Equivalent,80-90%,0-35,0.0,90.0,N,Fail,501.0,55.0,High,1,0,0
CCC,2014J,656277.0,F,Ireland,Post Graduate Qualification,,0-35,0.0,90.0,N,Pass,2582.0,186.0,Other,1,0,1
CCC,2014J,656287.0,F,London Region,HE Qualification,20-30%,0-35,0.0,60.0,N,Distinction,1626.0,64.0,High,1,0,1
CCC,2014J,656340.0,M,North Western Region,A Level or Equivalent,60-70%,0-35,0.0,120.0,N,Pass,793.0,83.0,High,1,0,1
CCC,2014J,656347.0,M,North Region,No Formal quals,,0-35,0.0,60.0,N,Pass,419.0,3.0,Other,1,0,1
CCC,2014J,656535.0,M,South Region,A Level or Equivalent,90-100%,0-35,0.0,120.0,N,Withdrawn,0.0,0.0,High,0,1,0
CCC,2014J,656539.0,F,North Region,A Level or Equivalent,,0-35,0.0,90.0,N,Withdrawn,319.0,18.0,High,1,1,0
CCC,2014J,656634.0,M,South West Region,Lower Than A Level,0-10%,0-35,0.0,120.0,N,Withdrawn,254.0,16.0,Low,1,1,0
CCC,2014J,656642.0,M,Ireland,HE Qualification,20-30%,0-35,0.0,30.0,N,Pass,578.0,19.0,High,1,0,1
CCC,2014J,656683.0,M,South Region,HE Qualification,60-70%,35-55,0.0,60.0,N,Pass,2853.0,146.0,High,1,0,1
CCC,2014J,656878.0,F,East Midlands Region,A Level or Equivalent,60-70%,0-35,0.0,120.0,N,Withdrawn,0.0,0.0,High,0,1,0
CCC,2014J,656929.0,F,London Region,A Level or Equivalent,10-20,0-35,0.0,210.0,N,Fail,452.0,2.0,High,1,0,0
CCC,2014J,656954.0,M,North Western Region,Lower Than A Level,70-80%,0-35,0.0,90.0,N,Withdrawn,226.0,4.0,Low,1,1,0
CCC,2014J,656978.0,M,North Region,Lower Than A Level,0-10%,0-35,0.0,120.0,N,Withdrawn,0.0,0.0,Low,0,1,0
CCC,2014J,657048.0,M,Scotland,HE Qualification,0-10%,0-35,0.0,120.0,N,Withdrawn,556.0,30.0,High,1,1,0
CCC,2014J,657050.0,F,North Region,HE Qualification,,35-55,0.0,90.0,N,Distinction,4334.0,22.0,High,1,0,1
CCC,2014J,657145.0,M,North Western Region,A Level or Equivalent,80-90%,0-35,0.0,120.0,N,Distinction,1347.0,50.0,High,1,0,1
CCC,2014J,657210.0,M,Scotland,Lower Than A Level,20-30%,0-35,0.0,60.0,N,Fail,196.0,10.0,Low,1,0,0
CCC,2014J,657211.0,M,South Region,A Level or Equivalent,40-50%,0-35,0.0,120.0,N,Withdrawn,5.0,0.0,High,0,1,0
CCC,2014J,657285.0,F,North Western Region,HE Qualification,0-10%,0-35,0.0,60.0,N,Distinction,748.0,20.0,High,1,0,1
CCC,2014J,657319.0,M,East Anglian Region,Lower Than A Level,70-80%,35-55,0.0,180.0,N,Withdrawn,31.0,0.0,Low,0,1,0
CCC,2014J,657352.0,M,London Region,A Level or Equivalent,90-100%,0-35,0.0,150.0,N,Pass,514.0,31.0,High,1,0,1
CCC,2014J,665414.0,M,London Region,HE Qualification,90-100%,55<=,0.0,30.0,N,Distinction,484.0,13.0,High,1,0,1
CCC,2014J,669530.0,F,West Midlands Region,HE Qualification,60-70%,55<=,0.0,90.0,N,Pass,8165.0,33.0,High,1,0,1
CCC,2014J,674430.0,M,Wales,A Level or Equivalent,80-90%,0-35,0.0,60.0,Y,Withdrawn,1391.0,48.0,High,1,1,0
CCC,2014J,674497.0,M,Wales,A Level or Equivalent,60-70%,0-35,0.0,120.0,N,Pass,945.0,129.0,High,1,0,1
CCC,2014J,674541.0,M,North Region,HE Qualification,,35-55,0.0,30.0,N,Distinction,13991.0,6796.0,High,1,0,1
CCC,2014J,674699.0,F,South Region,No Formal quals,90-100%,0-35,0.0,120.0,N,Pass,1249.0,67.0,Other,1,0,1
CCC,2014J,674808.0,F,Scotland,HE Qualification,40-50%,0-35,0.0,60.0,N,Pass,674.0,137.0,High,1,0,1
CCC,2014J,674814.0,M,East Midlands Region,Lower Than A Level,80-90%,0-35,0.0,240.0,N,Withdrawn,0.0,0.0,Low,0,1,0
CCC,2014J,674882.0,M,Scotland,A Level or Equivalent,50-60%,0-35,0.0,60.0,N,Pass,499.0,18.0,High,1,0,1
CCC,2014J,674965.0,M,North Region,A Level or Equivalent,30-40%,0-35,0.0,210.0,N,Distinction,1036.0,0.0,High,0,0,1
CCC,2014J,675054.0,M,London Region,HE Qualification,30-40%,0-35,0.0,120.0,N,Pass,1750.0,152.0,High,1,0,1
CCC,2014J,675063.0,M,North Region,HE Qualification,,0-35,0.0,90.0,N,Distinction,599.0,41.0,High,1,0,1
CCC,2014J,675111.0,M,North Region,A Level or Equivalent,,0-35,0.0,60.0,N,Pass,1521.0,45.0,High,1,0,1
CCC,2014J,675116.0,F,London Region,Lower Than A Level,30-40%,0-35,0.0,240.0,N,Withdrawn,0.0,0.0,Low,0,1,0
CCC,2014J,675374.0,M,South Region,HE Qualification,70-80%,35-55,0.0,60.0,N,Pass,947.0,160.0,High,1,0,1
CCC,2014J,675383.0,M,South Region,Lower Than A Level,70-80%,0-35,0.0,90.0,N,Distinction,2284.0,19.0,Low,1,0,1
CCC,2014J,675396.0,M,North Region,Lower Than A Level,0-10%,35-55,0.0,30.0,N,Fail,3466.0,132.0,Low,1,0,0
CCC,2014J,675441.0,M,South East Region,HE Qualification,80-90%,0-35,0.0,60.0,N,Fail,26.0,0.0,High,0,0,0
CCC,2014J,675442.0,M,North Region,Lower Than A Level,20-30%,0-35,0.0,60.0,N,Withdrawn,377.0,8.0,Low,1,1,0
CCC,2014J,675450.0,M,Wales,A Level or Equivalent,70-80%,0-35,0.0,90.0,N,Withdrawn,0.0,0.0,High,0,1,0
CCC,2014J,675477.0,F,Wales,Lower Than A Level,30-40%,0-35,0.0,30.0,Y,Pass,1360.0,46.0,Low,1,0,1
CCC,2014J,675495.0,M,North Western Region,Lower Than A Level,30-40%,35-55,0.0,60.0,N,Withdrawn,675.0,5.0,Low,1,1,0
CCC,2014J,675504.0,F,South West Region,A Level or Equivalent,40-50%,0-35,0.0,90.0,N,Distinction,5639.0,2004.0,High,1,0,1
CCC,2014J,675638.0,F,North Western Region,HE Qualification,20-30%,0-35,0.0,120.0,N,Distinction,1236.0,134.0,High,1,0,1
CCC,2014J,675758.0,M,Yorkshire Region,Lower Than A Level,0-10%,0-35,0.0,60.0,N,Withdrawn,0.0,0.0,Low,0,1,0
CCC,2014J,675760.0,F,London Region,A Level or Equivalent,60-70%,0-35,0.0,60.0,N,Distinction,2556.0,189.0,High,1,0,1
CCC,2014J,675823.0,M,North Region,HE Qualification,,35-55,0.0,30.0,N,Withdrawn,1307.0,53.0,High,1,1,0
CCC,2014J,675875.0,F,North Region,HE Qualification,,0-35,0.0,210.0,N,Distinction,3127.0,166.0,High,1,0,1
CCC,2014J,675902.0,F,London Region,Lower Than A Level,20-30%,0-35,0.0,60.0,N,Pass,594.0,0.0,Low,0,0,1
CCC,2014J,675915.0,F,South West Region,A Level or Equivalent,30-40%,0-35,0.0,150.0,N,Fail,1363.0,318.0,High,1,0,0
CCC,2014J,676138.0,F,Wales,A Level or Equivalent,10-20,0-35,0.0,120.0,N,Withdrawn,49.0,5.0,High,1,1,0
CCC,2014J,676150.0,M,Scotland,A Level or Equivalent,90-100%,0-35,0.0,60.0,N,Fail,10.0,0.0,High,0,0,0
CCC,2014J,676366.0,M,Wales,A Level or Equivalent,70-80%,0-35,0.0,120.0,N,Withdrawn,0.0,0.0,High,0,1,0
CCC,2014J,676390.0,M,West Midlands Region,HE Qualification,60-70%,35-55,0.0,90.0,N,Pass,1466.0,102.0,High,1,0,1
CCC,2014J,676469.0,M,Yorkshire Region,A Level or Equivalent,30-40%,0-35,0.0,150.0,N,Fail,144.0,0.0,High,0,0,0
CCC,2014J,676503.0,M,London Region,A Level or Equivalent,90-100%,35-55,0.0,60.0,N,Distinction,3627.0,787.0,High,1,0,1
CCC,2014J,676526.0,M,Scotland,A Level or Equivalent,40-50%,0-35,0.0,90.0,N,Fail,244.0,4.0,High,1,0,0
CCC,2014J,676538.0,M,London Region,Lower Than A Level,0-10%,0-35,0.0,150.0,N,Pass,747.0,13.0,Low,1,0,1
CCC,2014J,676650.0,M,North Region,Post Graduate Qualification,,35-55,0.0,60.0,N,Distinction,2354.0,122.0,Other,1,0,1
CCC,2014J,676736.0,F,East Anglian Region,Lower Than A Level,40-50%,0-35,0.0,120.0,N,Withdrawn,0.0,0.0,Low,0,1,0
CCC,2014J,676760.0,F,London Region,Lower Than A Level,10-20,0-35,0.0,30.0,N,Withdrawn,52.0,0.0,Low,0,1,0
CCC,2014J,676783.0,M,Yorkshire Region,HE Qualification,0-10%,0-35,0.0,60.0,N,Withdrawn,294.0,0.0,High,0,1,0
CCC,2014J,676884.0,M,East Midlands Region,A Level or Equivalent,70-80%,0-35,0.0,90.0,N,Withdrawn,0.0,0.0,High,0,1,0
CCC,2014J,676909.0,M,East Anglian Region,HE Qualification,70-80%,0-35,0.0,60.0,N,Distinction,524.0,47.0,High,1,0,1
CCC,2014J,676916.0,F,London Region,A Level or Equivalent,80-90%,35-55,0.0,180.0,N,Pass,1853.0,105.0,High,1,0,1
CCC,2014J,676964.0,F,East Anglian Region,Lower Than A Level,60-70%,35-55,0.0,120.0,N,Pass,5288.0,634.0,Low,1,0,1
CCC,2014J,677006.0,M,Wales,HE Qualification,90-100%,0-35,0.0,90.0,N,Pass,1583.0,200.0,High,1,0,1
CCC,2014J,677018.0,M,London Region,A Level or Equivalent,10-20,0-35,0.0,120.0,N,Pass,2158.0,160.0,High,1,0,1
CCC,2014J,677085.0,M,North Region,HE Qualification,,0-35,0.0,150.0,N,Pass,1062.0,38.0,High,1,0,1
CCC,2014J,677089.0,F,East Midlands Region,A Level or Equivalent,50-60%,35-55,0.0,60.0,N,Distinction,2427.0,7.0,High,1,0,1
CCC,2014J,677270.0,M,Scotland,Lower Than A Level,50-60%,0-35,0.0,120.0,N,Withdrawn,151.0,18.0,Low,1,1,0
CCC,2014J,677323.0,F,Yorkshire Region,Lower Than A Level,10-20,0-35,0.0,60.0,N,Withdrawn,0.0,0.0,Low,0,1,0
CCC,2014J,677349.0,F,South West Region,A Level or Equivalent,10-20,0-35,0.0,150.0,N,Distinction,2498.0,584.0,High,1,0,1
CCC,2014J,677382.0,M,East Midlands Region,A Level or Equivalent,10-20,0-35,0.0,120.0,N,Withdrawn,0.0,0.0,High,0,1,0
CCC,2014J,677459.0,M,Scotland,HE Qualification,40-50%,0-35,0.0,120.0,N,Pass,2095.0,162.0,High,1,0,1
CCC,2014J,677566.0,F,Yorkshire Region,A Level or Equivalent,30-40%,0-35,0.0,120.0,N,Withdrawn,0.0,0.0,High,0,1,0
CCC,2014J,677641.0,M,North Western Region,HE Qualification,50-60%,35-55,0.0,60.0,N,Distinction,4379.0,1646.0,High,1,0,1
CCC,2014J,677721.0,M,Scotland,A Level or Equivalent,20-30%,0-35,0.0,240.0,N,Withdrawn,0.0,0.0,High,0,1,0
CCC,2014J,677741.0,M,South Region,A Level or Equivalent,70-80%,0-35,0.0,60.0,N,Distinction,1768.0,51.0,High,1,0,1
CCC,2014J,677887.0,M,London Region,Lower Than A Level,30-40%,0-35,0.0,90.0,N,Withdrawn,210.0,2.0,Low,1,1,0
CCC,2014J,678088.0,M,South Region,Lower Than A Level,80-90%,35-55,0.0,180.0,N,Withdrawn,0.0,0.0,Low,0,1,0
CCC,2014J,678089.0,F,East Anglian Region,A Level or Equivalent,0-10%,0-35,0.0,120.0,N,Distinction,6604.0,1446.0,High,1,0,1
CCC,2014J,678090.0,M,East Anglian Region,Lower Than A Level,90-100%,0-35,0.0,90.0,N,Withdrawn,4.0,0.0,Low,0,1,0
CCC,2014J,678194.0,M,Wales,A Level or Equivalent,90-100%,35-55,0.0,60.0,N,Fail,1318.0,405.0,High,1,0,0
CCC,2014J,678203.0,M,Yorkshire Region,Lower Than A Level,50-60%,0-35,0.0,120.0,N,Pass,540.0,0.0,Low,0,0,1
CCC,2014J,678204.0,M,South Region,HE Qualification,40-50%,0-35,0.0,120.0,N,Pass,485.0,0.0,High,0,0,1
CCC,2014J,678339.0,F,North Western Region,Lower Than A Level,20-30%,0-35,0.0,120.0,Y,Pass,1173.0,68.0,Low,1,0,1
CCC,2014J,678382.0,M,South West Region,Lower Than A Level,30-40%,0-35,0.0,120.0,N,Withdrawn,0.0,0.0,Low,0,1,0
CCC,2014J,678393.0,M,Scotland,HE Qualification,30-40%,0-35,0.0,60.0,N,Fail,883.0,58.0,High,1,0,0
CCC,2014J,678395.0,M,East Midlands Region,A Level or Equivalent,90-100%,0-35,0.0,120.0,N,Distinction,6402.0,282.0,High,1,0,1
CCC,2014J,678408.0,F,Ireland,Post Graduate Qualification,,0-35,0.0,120.0,N,Pass,2575.0,146.0,Other,1,0,1
CCC,2014J,678419.0,M,East Anglian Region,HE Qualification,80-90%,0-35,0.0,60.0,N,Pass,878.0,12.0,High,1,0,1
CCC,2014J,678474.0,M,Scotland,A Level or Equivalent,10-20,0-35,0.0,120.0,N,Fail,34.0,0.0,High,0,0,0
CCC,2014J,678538.0,M,Wales,Lower Than A Level,40-50%,0-35,0.0,90.0,N,Withdrawn,108.0,0.0,Low,0,1,0
CCC,2014J,678790.0,M,Wales,A Level or Equivalent,90-100%,0-35,0.0,120.0,N,Pass,1284.0,83.0,High,1,0,1
CCC,2014J,678811.0,F,North Region,Lower Than A Level,50-60%,0-35,0.0,120.0,N,Withdrawn,0.0,0.0,Low,0,1,0
CCC,2014J,678843.0,M,Scotland,HE Qualification,40-50%,35-55,0.0,60.0,N,Withdrawn,16.0,0.0,High,0,1,0
CCC,2014J,678860.0,M,East Anglian Region,HE Qualification,30-40%,35-55,0.0,60.0,N,Withdrawn,1258.0,165.0,High,1,1,0
CCC,2014J,679037.0,M,London Region,HE Qualification,0-10%,0-35,0.0,120.0,N,Withdrawn,0.0,0.0,High,0,1,0
CCC,2014J,679039.0,F,South East Region,A Level or Equivalent,20-30%,0-35,0.0,90.0,N,Pass,633.0,5.0,High,1,0,1
CCC,2014J,679114.0,F,West Midlands Region,A Level or Equivalent,40-50%,0-35,0.0,120.0,N,Withdrawn,7.0,0.0,High,0,1,0
CCC,2014J,679128.0,F,Yorkshire Region,A Level or Equivalent,50-60%,0-35,0.0,90.0,N,Distinction,1934.0,69.0,High,1,0,1
CCC,2014J,679179.0,M,Scotland,HE Qualification,20-30%,0-35,0.0,90.0,N,Fail,194.0,20.0,High,1,0,0
CCC,2014J,679207.0,M,North Western Region,Lower Than A Level,30-40%,35-55,0.0,90.0,N,Withdrawn,10.0,0.0,Low,0,1,0
CCC,2014J,679271.0,F,East Midlands Region,A Level or Equivalent,90-100%,0-35,0.0,60.0,N,Withdrawn,135.0,1.0,High,1,1,0
CCC,2014J,679325.0,F,South Region,Lower Than A Level,70-80%,0-35,0.0,120.0,N,Withdrawn,2.0,0.0,Low,0,1,0
CCC,2014J,679363.0,M,Scotland,Lower Than A Level,40-50%,35-55,0.0,60.0,N,Fail,267.0,3.0,Low,1,0,0
CCC,2014J,679386.0,M,South West Region,Lower Than A Level,70-80%,0-35,0.0,120.0,N,Pass,673.0,19.0,Low,1,0,1
CCC,2014J,679431.0,M,London Region,A Level or Equivalent,10-20,0-35,0.0,150.0,N,Distinction,3087.0,955.0,High,1,0,1
CCC,2014J,679451.0,F,Yorkshire Region,Lower Than A Level,10-20,0-35,0.0,60.0,N,Distinction,2737.0,257.0,Low,1,0,1
CCC,2014J,679468.0,M,North Region,Post Graduate Qualification,,0-35,0.0,120.0,N,Withdrawn,55.0,3.0,Other,1,1,0
CCC,2014J,679529.0,M,Wales,Lower Than A Level,20-30%,0-35,0.0,90.0,N,Withdrawn,1035.0,178.0,Low,1,1,0
CCC,2014J,679539.0,F,West Midlands Region,Lower Than A Level,10-20,0-35,0.0,60.0,N,Fail,52.0,2.0,Low,1,0,0
CCC,2014J,679569.0,M,Scotland,HE Qualification,,0-35,0.0,60.0,N,Fail,583.0,51.0,High,1,0,0
CCC,2014J,679599.0,F,North Western Region,A Level or Equivalent,70-80%,0-35,0.0,120.0,N,Withdrawn,756.0,150.0,High,1,1,0
CCC,2014J,679663.0,M,Scotland,A Level or Equivalent,80-90%,0-35,0.0,30.0,N,Pass,214.0,1.0,High,1,0,1
CCC,2014J,679733.0,M,Wales,Lower Than A Level,10-20,0-35,0.0,150.0,N,Distinction,4290.0,71.0,Low,1,0,1
CCC,2014J,679750.0,M,South Region,Lower Than A Level,30-40%,0-35,0.0,30.0,N,Pass,7882.0,143.0,Low,1,0,1
CCC,2014J,679886.0,M,London Region,HE Qualification,30-40%,35-55,0.0,60.0,N,Distinction,2482.0,6.0,High,1,0,1
CCC,2014J,679939.0,M,East Anglian Region,A Level or Equivalent,90-100%,0-35,0.0,120.0,N,Pass,482.0,72.0,High,1,0,1
CCC,2014J,679959.0,M,Ireland,HE Qualification,,0-35,0.0,120.0,N,Pass,666.0,4.0,High,1,0,1
CCC,2014J,680002.0,F,Scotland,A Level or Equivalent,20-30%,0-35,0.0,120.0,Y,Distinction,1202.0,9.0,High,1,0,1
CCC,2014J,680027.0,M,London Region,A Level or Equivalent,30-40%,35-55,0.0,120.0,Y,Distinction,9544.0,2352.0,High,1,0,1
CCC,2014J,680133.0,F,Scotland,HE Qualification,90-100%,0-35,0.0,60.0,N,Distinction,1077.0,19.0,High,1,0,1
CCC,2014J,680145.0,M,North Western Region,Lower Than A Level,30-40%,0-35,0.0,90.0,Y,Withdrawn,389.0,9.0,Low,1,1,0
CCC,2014J,680187.0,F,Ireland,HE Qualification,90-100%,0-35,0.0,60.0,N,Pass,1585.0,240.0,High,1,0,1
CCC,2014J,680222.0,F,South East Region,Lower Than A Level,10-20,0-35,0.0,180.0,N,Withdrawn,213.0,3.0,Low,1,1,0
CCC,2014J,680267.0,M,Scotland,A Level or Equivalent,30-40%,35-55,0.0,60.0,N,Pass,655.0,0.0,High,0,0,1
CCC,2014J,680333.0,M,North Region,HE Qualification,0-10%,0-35,0.0,150.0,N,Withdrawn,0.0,0.0,High,0,1,0
CCC,2014J,680492.0,M,London Region,HE Qualification,40-50%,35-55,0.0,90.0,N,Pass,4398.0,334.0,High,1,0,1
CCC,2014J,680602.0,M,London Region,A Level or Equivalent,30-40%,0-35,0.0,60.0,N,Pass,414.0,0.0,High,0,0,1
CCC,2014J,680687.0,M,Wales,HE Qualification,20-30%,0-35,0.0,60.0,N,Distinction,2447.0,352.0,High,1,0,1
CCC,2014J,680698.0,M,East Anglian Region,A Level or Equivalent,80-90%,0-35,0.0,120.0,N,Withdrawn,1.0,0.0,High,0,1,0
CCC,2014J,680765.0,F,London Region,Lower Than A Level,10-20,0-35,0.0,120.0,N,Fail,1609.0,29.0,Low,1,0,0
CCC,2014J,680804.0,M,South West Region,HE Qualification,40-50%,0-35,0.0,60.0,N,Pass,1927.0,33.0,High,1,0,1
CCC,2014J,680890.0,F,South Region,A Level or Equivalent,70-80%,0-35,0.0,60.0,N,Withdrawn,630.0,67.0,High,1,1,0
CCC,2014J,681165.0,F,South East Region,A Level or Equivalent,30-40%,35-55,0.0,30.0,N,Pass,2065.0,24.0,High,1,0,1
CCC,2014J,681174.0,M,North Region,Post Graduate Qualification,,35-55,0.0,90.0,N,Distinction,686.0,27.0,Other,1,0,1
CCC,2014J,681235.0,F,West Midlands Region,Lower Than A Level,10-20,0-35,0.0,120.0,N,Pass,1144.0,64.0,Low,1,0,1
CCC,2014J,681302.0,M,North Western Region,HE Qualification,20-30%,0-35,0.0,60.0,N,Pass,820.0,1.0,High,1,0,1
CCC,2014J,681335.0,M,North Western Region,Lower Than A Level,0-10%,35-55,0.0,120.0,N,Withdrawn,257.0,6.0,Low,1,1,0
CCC,2014J,681642.0,M,Ireland,A Level or Equivalent,,0-35,0.0,120.0,N,Pass,717.0,55.0,High,1,0,1
CCC,2014J,681704.0,M,London Region,Lower Than A Level,40-50%,0-35,0.0,60.0,N,Withdrawn,0.0,0.0,Low,0,1,0
CCC,2014J,681731.0,F,South West Region,A Level or Equivalent,40-50%,0-35,0.0,30.0,Y,Distinction,1138.0,129.0,High,1,0,1
CCC,2014J,681789.0,M,South Region,Lower Than A Level,30-40%,0-35,0.0,60.0,N,Withdrawn,0.0,0.0,Low,0,1,0
CCC,2014J,681844.0,M,East Anglian Region,Lower Than A Level,70-80%,0-35,0.0,60.0,N,Withdrawn,172.0,2.0,Low,1,1,0
CCC,2014J,681966.0,M,Wales,A Level or Equivalent,60-70%,0-35,0.0,90.0,N,Withdrawn,139.0,2.0,High,1,1,0
CCC,2014J,682041.0,M,South West Region,Lower Than A Level,40-50%,0-35,0.0,120.0,N,Withdrawn,3.0,0.0,Low,0,1,0
CCC,2014J,682212.0,M,South West Region,Lower Than A Level,60-70%,0-35,0.0,60.0,N,Withdrawn,0.0,0.0,Low,0,1,0
CCC,2014J,682226.0,M,Scotland,A Level or Equivalent,50-60%,0-35,0.0,30.0,N,Withdrawn,197.0,0.0,High,0,1,0
CCC,2014J,682259.0,M,Wales,A Level or Equivalent,20-30%,0-35,0.0,60.0,N,Fail,416.0,4.0,High,1,0,0
CCC,2014J,682301.0,M,North Western Region,A Level or Equivalent,10-20,0-35,0.0,120.0,N,Pass,1065.0,23.0,High,1,0,1
CCC,2014J,682309.0,M,North Region,Lower Than A Level,,35-55,0.0,60.0,Y,Withdrawn,82.0,6.0,Low,1,1,0
CCC,2014J,682367.0,F,East Midlands Region,A Level or Equivalent,90-100%,0-35,0.0,90.0,N,Distinction,1645.0,0.0,High,0,0,1
CCC,2014J,682414.0,M,London Region,A Level or Equivalent,20-30%,0-35,0.0,120.0,N,Withdrawn,247.0,2.0,High,1,1,0
CCC,2014J,682511.0,M,South West Region,A Level or Equivalent,80-90%,0-35,0.0,120.0,N,Pass,1091.0,151.0,High,1,0,1
CCC,2014J,682565.0,M,East Midlands Region,Lower Than A Level,80-90%,0-35,0.0,240.0,N,Withdrawn,8.0,0.0,Low,0,1,0
CCC,2014J,682569.0,M,South Region,A Level or Equivalent,20-30%,35-55,0.0,120.0,N,Pass,1377.0,21.0,High,1,0,1
CCC,2014J,682717.0,M,Scotland,HE Qualification,20-30%,35-55,0.0,150.0,N,Fail,511.0,186.0,High,1,0,0
CCC,2014J,682738.0,F,Yorkshire Region,A Level or Equivalent,70-80%,0-35,0.0,90.0,N,Fail,528.0,143.0,High,1,0,0
CCC,2014J,682961.0,M,North Region,Lower Than A Level,,35-55,0.0,60.0,N,Distinction,4283.0,52.0,Low,1,0,1
CCC,2014J,683073.0,M,Scotland,HE Qualification,20-30%,35-55,0.0,90.0,N,Withdrawn,0.0,0.0,High,0,1,0
CCC,2014J,683203.0,F,Yorkshire Region,A Level or Equivalent,10-20,0-35,0.0,30.0,N,Withdrawn,0.0,0.0,High,0,1,0
CCC,2014J,683220.0,F,London Region,A Level or Equivalent,60-70%,0-35,0.0,180.0,N,Withdrawn,181.0,0.0,High,0,1,0
CCC,2014J,683373.0,M,London Region,A Level or Equivalent,0-10%,0-35,0.0,90.0,N,Distinction,1389.0,7.0,High,1,0,1
CCC,2014J,683406.0,F,South Region,HE Qualification,90-100%,0-35,0.0,30.0,N,Withdrawn,1033.0,0.0,High,0,1,0
CCC,2014J,683449.0,F,London Region,Lower Than A Level,10-20,0-35,0.0,120.0,Y,Withdrawn,0.0,0.0,Low,0,1,0
CCC,2014J,683503.0,M,Scotland,Lower Than A Level,80-90%,0-35,0.0,60.0,N,Withdrawn,1432.0,5.0,Low,1,1,0
CCC,2014J,683625.0,M,East Anglian Region,A Level or Equivalent,50-60%,0-35,0.0,120.0,N,Pass,1902.0,128.0,High,1,0,1
CCC,2014J,683668.0,F,Ireland,Post Graduate Qualification,,0-35,0.0,90.0,N,Distinction,1862.0,21.0,Other,1,0,1
CCC,2014J,683777.0,F,East Anglian Region,HE Qualification,60-70%,0-35,0.0,30.0,N,Pass,645.0,112.0,High,1,0,1
CCC,2014J,683865.0,M,Scotland,Post Graduate Qualification,90-100%,35-55,0.0,30.0,N,Fail,120.0,5.0,Other,1,0,0
CCC,2014J,683912.0,F,South Region,A Level or Equivalent,0-10%,0-35,0.0,120.0,N,Withdrawn,0.0,0.0,High,0,1,0
CCC,2014J,684111.0,M,West Midlands Region,HE Qualification,90-100%,0-35,0.0,60.0,N,Pass,745.0,207.0,High,1,0,1
CCC,2014J,684208.0,M,Scotland,HE Qualification,50-60%,0-35,0.0,60.0,N,Fail,6.0,0.0,High,0,0,0
CCC,2014J,684270.0,M,South East Region,A Level or Equivalent,70-80%,0-35,0.0,60.0,N,Fail,1695.0,17.0,High,1,0,0
CCC,2014J,684313.0,M,East Anglian Region,Lower Than A Level,40-50%,0-35,0.0,120.0,N,Withdrawn,0.0,0.0,Low,0,1,0
CCC,2014J,684444.0,M,Scotland,Lower Than A Level,60-70%,35-55,0.0,60.0,N,Pass,1370.0,38.0,Low,1,0,1
CCC,2014J,684498.0,M,North Western Region,A Level or Equivalent,90-100%,0-35,0.0,90.0,N,Fail,400.0,0.0,High,0,0,0
CCC,2014J,684511.0,M,West Midlands Region,Lower Than A Level,0-10%,0-35,0.0,90.0,N,Withdrawn,4.0,0.0,Low,0,1,0
CCC,2014J,684514.0,M,Wales,A Level or Equivalent,10-20,0-35,0.0,150.0,N,Pass,1424.0,34.0,High,1,0,1
CCC,2014J,684617.0,M,North Region,A Level or Equivalent,10-20,0-35,0.0,60.0,N,Fail,144.0,1.0,High,1,0,0
CCC,2014J,684643.0,M,North Region,Lower Than A Level,,0-35,0.0,30.0,N,Fail,389.0,13.0,Low,1,0,0
CCC,2014J,684663.0,M,Scotland,Lower Than A Level,70-80%,0-35,0.0,120.0,Y,Fail,444.0,57.0,Low,1,0,0
CCC,2014J,684669.0,M,North Region,HE Qualification,,0-35,0.0,90.0,N,Pass,3488.0,40.0,High,1,0,1
CCC,2014J,684709.0,M,East Midlands Region,A Level or Equivalent,10-20,35-55,0.0,60.0,N,Distinction,1004.0,103.0,High,1,0,1
CCC,2014J,684905.0,M,Yorkshire Region,A Level or Equivalent,20-30%,0-35,0.0,60.0,N,Pass,2134.0,157.0,High,1,0,1
CCC,2014J,684944.0,M,West Midlands Region,Lower Than A Level,0-10%,0-35,0.0,90.0,N,Withdrawn,1.0,0.0,Low,0,1,0
CCC,2014J,684990.0,M,North Region,Lower Than A Level,,0-35,0.0,30.0,N,Fail,433.0,93.0,Low,1,0,0
CCC,2014J,685015.0,M,West Midlands Region,A Level or Equivalent,30-40%,0-35,0.0,150.0,N,Withdrawn,81.0,22.0,High,1,1,0
CCC,2014J,685098.0,M,North Region,Post Graduate Qualification,,35-55,0.0,30.0,N,Distinction,1013.0,25.0,Other,1,0,1
CCC,2014J,685206.0,M,London Region,A Level or Equivalent,30-40%,0-35,0.0,120.0,N,Distinction,2167.0,1.0,High,1,0,1
CCC,2014J,685212.0,M,West Midlands Region,HE Qualification,30-40%,35-55,0.0,120.0,N,Pass,1394.0,289.0,High,1,0,1
CCC,2014J,685236.0,M,Wales,HE Qualification,70-80%,0-35,0.0,60.0,N,Withdrawn,712.0,32.0,High,1,1,0
CCC,2014J,685287.0,M,South West Region,HE Qualification,60-70%,0-35,0.0,60.0,N,Pass,980.0,127.0,High,1,0,1
CCC,2014J,685289.0,F,London Region,A Level or Equivalent,70-80%,0-35,0.0,90.0,N,Withdrawn,1154.0,27.0,High,1,1,0
CCC,2014J,685399.0,M,Scotland,A Level or Equivalent,30-40%,0-35,0.0,60.0,N,Fail,151.0,3.0,High,1,0,0
CCC,2014J,685412.0,M,East Anglian Region,A Level or Equivalent,90-100%,0-35,0.0,120.0,N,Distinction,941.0,9.0,High,1,0,1
CCC,2014J,685458.0,M,North Western Region,Lower Than A Level,20-30%,0-35,0.0,120.0,N,Pass,2976.0,210.0,Low,1,0,1
CCC,2014J,685474.0,M,North Region,HE Qualification,,0-35,0.0,90.0,N,Withdrawn,520.0,94.0,High,1,1,0
CCC,2014J,685487.0,F,South West Region,Lower Than A Level,20-30%,35-55,0.0,60.0,Y,Distinction,1702.0,204.0,Low,1,0,1
CCC,2014J,685514.0,M,East Anglian Region,HE Qualification,60-70%,0-35,0.0,30.0,N,Pass,3991.0,4.0,High,1,0,1
CCC,2014J,685557.0,M,Scotland,HE Qualification,50-60%,0-35,0.0,60.0,N,Fail,125.0,0.0,High,0,0,0
CCC,2014J,685572.0,F,East Midlands Region,A Level or Equivalent,90-100%,0-35,0.0,150.0,N,Pass,1209.0,0.0,High,0,0,1
CCC,2014J,685597.0,M,Scotland,Lower Than A Level,10-20,0-35,0.0,90.0,N,Pass,4782.0,198.0,Low,1,0,1
CCC,2014J,685619.0,M,Scotland,HE Qualification,0-10%,0-35,0.0,105.0,Y,Withdrawn,695.0,21.0,High,1,1,0
CCC,2014J,685663.0,F,South East Region,A Level or Equivalent,0-10%,0-35,0.0,90.0,N,Withdrawn,0.0,0.0,High,0,1,0
CCC,2014J,685705.0,M,Yorkshire Region,A Level or Equivalent,20-30%,0-35,0.0,120.0,N,Withdrawn,1169.0,39.0,High,1,1,0
CCC,2014J,685750.0,F,Scotland,A Level or Equivalent,50-60%,35-55,0.0,180.0,Y,Withdrawn,8.0,0.0,High,0,1,0
CCC,2014J,685802.0,M,South West Region,Lower Than A Level,10-20,0-35,0.0,120.0,N,Withdrawn,103.0,10.0,Low,1,1,0
CCC,2014J,685849.0,M,Ireland,HE Qualification,70-80%,0-35,0.0,60.0,N,Pass,739.0,42.0,High,1,0,1
CCC,2014J,685860.0,M,East Anglian Region,A Level or Equivalent,70-80%,0-35,0.0,210.0,N,Withdrawn,984.0,297.0,High,1,1,0
CCC,2014J,685871.0,M,South Region,A Level or Equivalent,30-40%,35-55,0.0,90.0,N,Distinction,4826.0,1685.0,High,1,0,1
CCC,2014J,685950.0,M,Scotland,Lower Than A Level,30-40%,0-35,0.0,120.0,N,Pass,7306.0,420.0,Low,1,0,1
CCC,2014J,685952.0,M,London Region,A Level or Equivalent,70-80%,0-35,0.0,120.0,N,Fail,138.0,6.0,High,1,0,0
CCC,2014J,685964.0,M,North Region,Lower Than A Level,,0-35,0.0,120.0,N,Distinction,2157.0,243.0,Low,1,0,1
CCC,2014J,685988.0,F,North Region,HE Qualification,,0-35,0.0,150.0,N,Withdrawn,520.0,116.0,High,1,1,0
CCC,2014J,686001.0,M,South Region,A Level or Equivalent,70-80%,0-35,0.0,60.0,N,Distinction,1079.0,2.0,High,1,0,1
CCC,2014J,686003.0,F,South West Region,A Level or Equivalent,50-60%,0-35,0.0,210.0,N,Withdrawn,86.0,4.0,High,1,1,0
CCC,2014J,686018.0,M,North Region,HE Qualification,,0-35,0.0,90.0,N,Distinction,1948.0,274.0,High,1,0,1
CCC,2014J,686034.0,M,Yorkshire Region,A Level or Equivalent,10-20,0-35,0.0,90.0,N,Withdrawn,127.0,12.0,High,1,1,0
CCC,2014J,686058.0,F,North Region,Lower Than A Level,,35-55,0.0,120.0,N,Distinction,2282.0,826.0,Low,1,0,1
CCC,2014J,686071.0,M,Scotland,Post Graduate Qualification,50-60%,0-35,0.0,60.0,N,Withdrawn,0.0,0.0,Other,0,1,0
CCC,2014J,686110.0,M,North Region,Lower Than A Level,,0-35,0.0,120.0,N,Pass,1514.0,133.0,Low,1,0,1
CCC,2014J,686268.0,M,South Region,A Level or Equivalent,80-90%,0-35,0.0,120.0,N,Pass,1383.0,121.0,High,1,0,1
CCC,2014J,686411.0,F,Scotland,HE Qualification,50-60%,55<=,0.0,60.0,N,Distinction,8738.0,3129.0,High,1,0,1
CCC,2014J,686515.0,F,West Midlands Region,HE Qualification,60-70%,0-35,0.0,120.0,N,Distinction,3788.0,1674.0,High,1,0,1
CCC,2014J,686558.0,M,East Midlands Region,A Level or Equivalent,50-60%,0-35,0.0,120.0,N,Pass,944.0,52.0,High,1,0,1
CCC,2014J,686584.0,F,North Western Region,A Level or Equivalent,90-100%,0-35,0.0,120.0,Y,Pass,1002.0,148.0,High,1,0,1
CCC,2014J,686645.0,M,South East Region,A Level or Equivalent,10-20,0-35,0.0,120.0,N,Distinction,2636.0,289.0,High,1,0,1
CCC,2014J,686797.0,M,North Western Region,A Level or Equivalent,0-10%,0-35,0.0,60.0,N,Withdrawn,145.0,5.0,High,1,1,0
CCC,2014J,686813.0,M,London Region,Lower Than A Level,10-20,0-35,0.0,150.0,Y,Withdrawn,11.0,0.0,Low,0,1,0
CCC,2014J,686877.0,M,South Region,A Level or Equivalent,90-100%,0-35,0.0,150.0,N,Withdrawn,0.0,0.0,High,0,1,0
CCC,2014J,686907.0,F,North Region,Post Graduate Qualification,,0-35,0.0,90.0,N,Pass,756.0,0.0,Other,0,0,1
CCC,2014J,686957.0,M,East Anglian Region,HE Qualification,70-80%,0-35,0.0,30.0,N,Pass,5851.0,169.0,High,1,0,1
CCC,2014J,687023.0,F,London Region,A Level or Equivalent,0-10%,0-35,0.0,120.0,N,Pass,298.0,7.0,High,1,0,1
CCC,2014J,687146.0,M,South East Region,Lower Than A Level,70-80%,0-35,0.0,90.0,N,Withdrawn,49.0,0.0,Low,0,1,0
CCC,2014J,687160.0,M,West Midlands Region,A Level or Equivalent,0-10%,0-35,0.0,90.0,N,Distinction,1931.0,179.0,High,1,0,1
CCC,2014J,687190.0,F,East Anglian Region,A Level or Equivalent,50-60%,0-35,0.0,60.0,N,Distinction,1395.0,36.0,High,1,0,1
CCC,2014J,687206.0,M,Scotland,HE Qualification,90-100%,55<=,0.0,30.0,N,Distinction,2236.0,118.0,High,1,0,1
CCC,2014J,687216.0,M,Yorkshire Region,HE Qualification,80-90%,55<=,0.0,30.0,N,Distinction,3326.0,379.0,High,1,0,1
CCC,2014J,687283.0,M,East Anglian Region,A Level or Equivalent,80-90%,0-35,0.0,60.0,N,Withdrawn,0.0,0.0,High,0,1,0
CCC,2014J,687310.0,M,South Region,HE Qualification,90-100%,35-55,0.0,60.0,N,Fail,641.0,132.0,High,1,0,0
CCC,2014J,687319.0,M,West Midlands Region,Lower Than A Level,10-20,35-55,0.0,240.0,N,Withdrawn,0.0,0.0,Low,0,1,0
CCC,2014J,687345.0,M,South Region,A Level or Equivalent,60-70%,0-35,0.0,90.0,N,Withdrawn,84.0,0.0,High,0,1,0
CCC,2014J,687348.0,F,London Region,Lower Than A Level,10-20,35-55,0.0,120.0,Y,Withdrawn,386.0,3.0,Low,1,1,0
CCC,2014J,687686.0,M,South Region,A Level or Equivalent,60-70%,0-35,0.0,120.0,N,Pass,1102.0,138.0,High,1,0,1
CCC,2014J,687772.0,M,North Region,A Level or Equivalent,70-80%,0-35,0.0,60.0,N,Distinction,1847.0,66.0,High,1,0,1
CCC,2014J,687844.0,F,South West Region,HE Qualification,30-40%,0-35,0.0,90.0,N,Withdrawn,416.0,15.0,High,1,1,0
CCC,2014J,687877.0,M,Scotland,Post Graduate Qualification,90-100%,0-35,0.0,30.0,N,Pass,1104.0,2.0,Other,1,0,1
CCC,2014J,687953.0,M,East Anglian Region,A Level or Equivalent,50-60%,0-35,0.0,60.0,N,Withdrawn,0.0,0.0,High,0,1,0
CCC,2014J,687981.0,M,North Western Region,Lower Than A Level,0-10%,0-35,0.0,90.0,N,Pass,3030.0,37.0,Low,1,0,1
CCC,2014J,688028.0,F,South Region,A Level or Equivalent,20-30%,0-35,0.0,120.0,N,Withdrawn,5.0,0.0,High,0,1,0
CCC,2014J,688033.0,M,London Region,No Formal quals,20-30%,0-35,0.0,120.0,N,Fail,665.0,15.0,Other,1,0,0
CCC,2014J,688117.0,F,North Region,A Level or Equivalent,20-30%,0-35,0.0,120.0,N,Withdrawn,380.0,60.0,High,1,1,0
CCC,2014J,688171.0,M,West Midlands Region,A Level or Equivalent,20-30%,0-35,0.0,120.0,Y,Withdrawn,134.0,27.0,High,1,1,0
CCC,2014J,688271.0,M,South West Region,A Level or Equivalent,70-80%,0-35,0.0,120.0,N,Withdrawn,43.0,3.0,High,1,1,0
CCC,2014J,688281.0,F,Scotland,A Level or Equivalent,90-100%,0-35,0.0,120.0,N,Distinction,3078.0,427.0,High,1,0,1
CCC,2014J,688297.0,M,South West Region,A Level or Equivalent,90-100%,0-35,0.0,120.0,N,Withdrawn,0.0,0.0,High,0,1,0
CCC,2014J,688337.0,M,South West Region,A Level or Equivalent,70-80%,0-35,0.0,120.0,N,Pass,1155.0,0.0,High,0,0,1
CCC,2014J,688356.0,M,East Anglian Region,A Level or Equivalent,10-20,0-35,0.0,90.0,N,Pass,465.0,0.0,High,0,0,1
CCC,2014J,688521.0,M,East Anglian Region,A Level or Equivalent,0-10%,0-35,0.0,120.0,N,Distinction,456.0,28.0,High,1,0,1
CCC,2014J,688533.0,M,East Midlands Region,A Level or Equivalent,10-20,0-35,0.0,30.0,Y,Withdrawn,413.0,13.0,High,1,1,0
CCC,2014J,688537.0,F,West Midlands Region,A Level or Equivalent,0-10%,0-35,0.0,120.0,N,Fail,231.0,27.0,High,1,0,0
CCC,2014J,688672.0,M,Yorkshire Region,Lower Than A Level,0-10%,35-55,0.0,90.0,N,Withdrawn,0.0,0.0,Low,0,1,0
CCC,2014J,688683.0,M,North Region,A Level or Equivalent,40-50%,0-35,0.0,150.0,N,Withdrawn,12.0,0.0,High,0,1,0
CCC,2014J,688707.0,M,North Region,HE Qualification,,0-35,0.0,30.0,N,Fail,521.0,125.0,High,1,0,0
CCC,2014J,688770.0,M,North Western Region,A Level or Equivalent,60-70%,0-35,0.0,120.0,N,Pass,443.0,0.0,High,0,0,1
CCC,2014J,688776.0,M,East Midlands Region,A Level or Equivalent,80-90%,0-35,0.0,120.0,Y,Withdrawn,0.0,0.0,High,0,1,0
CCC,2014J,688843.0,F,East Anglian Region,A Level or Equivalent,40-50%,0-35,0.0,180.0,N,Withdrawn,218.0,3.0,High,1,1,0
CCC,2014J,689004.0,M,London Region,HE Qualification,30-40%,35-55,0.0,90.0,N,Distinction,2127.0,8.0,High,1,0,1
CCC,2014J,689042.0,M,West Midlands Region,Lower Than A Level,40-50%,35-55,0.0,90.0,N,Withdrawn,343.0,27.0,Low,1,1,0
CCC,2014J,689050.0,M,South Region,HE Qualification,80-90%,0-35,0.0,120.0,N,Distinction,5381.0,2978.0,High,1,0,1
CCC,2014J,689101.0,F,East Anglian Region,Post Graduate Qualification,90-100%,35-55,0.0,30.0,N,Fail,690.0,1.0,Other,1,0,0
CCC,2014J,689143.0,M,Yorkshire Region,A Level or Equivalent,0-10%,0-35,0.0,120.0,N,Withdrawn,116.0,12.0,High,1,1,0
CCC,2014J,689164.0,F,East Anglian Region,A Level or Equivalent,80-90%,35-55,0.0,60.0,N,Pass,1211.0,2.0,High,1,0,1
CCC,2014J,689190.0,F,South East Region,A Level or Equivalent,10-20,0-35,0.0,90.0,N,Pass,1011.0,106.0,High,1,0,1
CCC,2014J,689217.0,M,Scotland,HE Qualification,80-90%,0-35,0.0,60.0,N,Pass,1224.0,28.0,High,1,0,1
CCC,2014J,689246.0,F,Scotland,A Level or Equivalent,50-60%,35-55,0.0,90.0,N,Pass,1626.0,3.0,High,1,0,1
CCC,2014J,689264.0,M,East Anglian Region,Lower Than A Level,90-100%,0-35,0.0,120.0,N,Withdrawn,0.0,0.0,Low,0,1,0
CCC,2014J,689346.0,F,North Western Region,A Level or Equivalent,0-10%,0-35,0.0,120.0,Y,Withdrawn,5.0,0.0,High,0,1,0
CCC,2014J,689352.0,M,London Region,A Level or Equivalent,30-40%,0-35,0.0,120.0,N,Withdrawn,3.0,0.0,High,0,1,0
CCC,2014J,689399.0,F,Ireland,HE Qualification,,35-55,0.0,90.0,N,Pass,2733.0,67.0,High,1,0,1
CCC,2014J,689436.0,M,East Anglian Region,A Level or Equivalent,60-70%,0-35,0.0,120.0,N,Withdrawn,236.0,26.0,High,1,1,0
CCC,2014J,689527.0,F,Scotland,HE Qualification,0-10%,0-35,0.0,120.0,N,Fail,117.0,8.0,High,1,0,0
CCC,2014J,689637.0,F,Yorkshire Region,A Level or Equivalent,70-80%,0-35,0.0,90.0,N,Distinction,2997.0,0.0,High,0,0,1
CCC,2014J,689759.0,M,Scotland,Lower Than A Level,80-90%,0-35,0.0,120.0,N,Pass,1951.0,146.0,Low,1,0,1
CCC,2014J,689792.0,F,South East Region,A Level or Equivalent,50-60%,0-35,0.0,60.0,N,Pass,519.0,26.0,High,1,0,1
CCC,2014J,689807.0,M,London Region,A Level or Equivalent,40-50%,0-35,0.0,120.0,N,Withdrawn,0.0,0.0,High,0,1,0
CCC,2014J,689855.0,M,South West Region,A Level or Equivalent,20-30%,0-35,0.0,150.0,N,Distinction,1579.0,99.0,High,1,0,1
CCC,2014J,690046.0,M,South West Region,HE Qualification,60-70%,0-35,0.0,30.0,N,Withdrawn,604.0,41.0,High,1,1,0
CCC,2014J,690062.0,F,Ireland,A Level or Equivalent,80-90%,0-35,0.0,150.0,N,Pass,1135.0,17.0,High,1,0,1
CCC,2014J,690365.0,M,Scotland,Lower Than A Level,10-20,35-55,0.0,90.0,N,Pass,5126.0,1090.0,Low,1,0,1
CCC,2014J,690404.0,F,Scotland,A Level or Equivalent,20-30%,0-35,0.0,60.0,N,Pass,3126.0,6.0,High,1,0,1
CCC,2014J,690406.0,M,London Region,No Formal quals,0-10%,0-35,0.0,120.0,N,Withdrawn,10.0,0.0,Other,0,1,0
CCC,2014J,690439.0,M,North Region,Lower Than A Level,,0-35,0.0,90.0,N,Fail,388.0,2.0,Low,1,0,0
CCC,2014J,690507.0,M,Scotland,A Level or Equivalent,80-90%,35-55,0.0,60.0,N,Pass,3226.0,32.0,High,1,0,1
CCC,2014J,690589.0,F,Scotland,A Level or Equivalent,40-50%,0-35,0.0,120.0,N,Fail,654.0,5.0,High,1,0,0
CCC,2014J,690631.0,M,Scotland,A Level or Equivalent,40-50%,35-55,0.0,240.0,N,Withdrawn,3.0,0.0,High,0,1,0
CCC,2014J,690644.0,M,London Region,A Level or Equivalent,20-30%,0-35,0.0,120.0,N,Pass,1330.0,0.0,High,0,0,1
CCC,2014J,690695.0,M,North Region,Lower Than A Level,,35-55,0.0,60.0,N,Withdrawn,646.0,11.0,Low,1,1,0
CCC,2014J,690724.0,M,West Midlands Region,No Formal quals,30-40%,0-35,0.0,90.0,N,Withdrawn,4.0,0.0,Other,0,1,0
CCC,2014J,690733.0,M,South West Region,HE Qualification,70-80%,55<=,0.0,120.0,N,Distinction,5013.0,2038.0,High,1,0,1
CCC,2014J,690763.0,M,South Region,Lower Than A Level,40-50%,0-35,0.0,60.0,N,Fail,225.0,15.0,Low,1,0,0
CCC,2014J,690948.0,M,East Anglian Region,Lower Than A Level,80-90%,0-35,0.0,60.0,N,Fail,5557.0,6.0,Low,1,0,0
CCC,2014J,690962.0,M,South East Region,A Level or Equivalent,60-70%,0-35,0.0,180.0,N,Withdrawn,199.0,26.0,High,1,1,0
CCC,2014J,691008.0,M,North Western Region,A Level or Equivalent,30-40%,0-35,0.0,120.0,N,Withdrawn,0.0,0.0,High,0,1,0
CCC,2014J,691056.0,M,North Western Region,Lower Than A Level,50-60%,0-35,0.0,180.0,N,Withdrawn,2.0,0.0,Low,0,1,0
CCC,2014J,691069.0,F,North Region,Post Graduate Qualification,,35-55,0.0,90.0,N,Pass,764.0,24.0,Other,1,0,1
CCC,2014J,691177.0,M,South Region,A Level or Equivalent,70-80%,0-35,0.0,120.0,N,Fail,135.0,1.0,High,1,0,0
CCC,2014J,691195.0,M,East Midlands Region,A Level or Equivalent,20-30%,0-35,0.0,120.0,N,Fail,595.0,18.0,High,1,0,0
CCC,2014J,691218.0,M,South West Region,Lower Than A Level,10-20,35-55,0.0,60.0,N,Fail,744.0,1.0,Low,1,0,0
CCC,2014J,691257.0,F,London Region,A Level or Equivalent,0-10%,0-35,0.0,120.0,N,Withdrawn,126.0,16.0,High,1,1,0
CCC,2014J,691433.0,F,Scotland,HE Qualification,70-80%,0-35,0.0,90.0,N,Fail,699.0,38.0,High,1,0,0
CCC,2014J,691550.0,M,South East Region,Post Graduate Qualification,40-50%,35-55,0.0,90.0,N,Distinction,1642.0,429.0,Other,1,0,1
CCC,2014J,691843.0,F,Scotland,A Level or Equivalent,40-50%,0-35,0.0,30.0,N,Pass,2335.0,17.0,High,1,0,1
CCC,2014J,691926.0,M,North Region,HE Qualification,,35-55,0.0,30.0,N,Pass,1624.0,22.0,High,1,0,1
CCC,2014J,691931.0,F,North Region,A Level or Equivalent,70-80%,0-35,0.0,120.0,N,Pass,541.0,4.0,High,1,0,1
CCC,2014J,692105.0,M,Scotland,HE Qualification,40-50%,0-35,0.0,60.0,N,Distinction,1952.0,162.0,High,1,0,1
CCC,2014J,692179.0,M,Wales,A Level or Equivalent,30-40%,0-35,0.0,60.0,N,Withdrawn,181.0,36.0,High,1,1,0
CCC,2014J,692219.0,M,South Region,A Level or Equivalent,20-30%,0-35,0.0,90.0,N,Withdrawn,283.0,36.0,High,1,1,0
CCC,2014J,692363.0,M,East Anglian Region,A Level or Equivalent,10-20,0-35,0.0,60.0,N,Withdrawn,522.0,0.0,High,0,1,0
CCC,2014J,692490.0,F,South Region,A Level or Equivalent,80-90%,0-35,0.0,30.0,N,Pass,1321.0,22.0,High,1,0,1
CCC,2014J,692500.0,M,South West Region,A Level or Equivalent,50-60%,0-35,0.0,150.0,N,Withdrawn,297.0,0.0,High,0,1,0
CCC,2014J,692603.0,F,East Anglian Region,A Level or Equivalent,80-90%,0-35,0.0,120.0,Y,Distinction,872.0,27.0,High,1,0,1
CCC,2014J,692654.0,F,London Region,HE Qualification,20-30%,0-35,0.0,30.0,N,Pass,1531.0,15.0,High,1,0,1
CCC,2014J,692850.0,F,Ireland,HE Qualification,,0-35,0.0,120.0,N,Withdrawn,178.0,34.0,High,1,1,0
CCC,2014J,692928.0,M,Ireland,HE Qualification,,35-55,0.0,60.0,N,Pass,1848.0,197.0,High,1,0,1
CCC,2014J,692933.0,M,Ireland,HE Qualification,,35-55,0.0,30.0,N,Withdrawn,176.0,0.0,High,0,1,0
CCC,2014J,693058.0,M,Scotland,A Level or Equivalent,90-100%,0-35,0.0,120.0,N,Distinction,3426.0,109.0,High,1,0,1
CCC,2014J,693111.0,M,Scotland,HE Qualification,50-60%,35-55,0.0,120.0,N,Withdrawn,549.0,14.0,High,1,1,0
CCC,2014J,693141.0,F,East Anglian Region,A Level or Equivalent,20-30%,0-35,0.0,60.0,N,Pass,213.0,1.0,High,1,0,1
CCC,2014J,693147.0,M,East Midlands Region,A Level or Equivalent,20-30%,0-35,0.0,120.0,N,Withdrawn,164.0,1.0,High,1,1,0
CCC,2014J,693182.0,M,Scotland,HE Qualification,80-90%,0-35,0.0,30.0,N,Pass,504.0,30.0,High,1,0,1
CCC,2014J,693204.0,M,London Region,A Level or Equivalent,30-40%,0-35,0.0,120.0,N,Pass,600.0,1.0,High,1,0,1
CCC,2014J,693302.0,F,North Region,HE Qualification,,0-35,0.0,30.0,N,Distinction,1567.0,194.0,High,1,0,1
CCC,2014J,693340.0,F,Ireland,Lower Than A Level,10-20,35-55,0.0,90.0,N,Withdrawn,2588.0,220.0,Low,1,1,0
CCC,2014J,693456.0,M,London Region,Lower Than A Level,10-20,0-35,0.0,120.0,N,Withdrawn,0.0,0.0,Low,0,1,0
CCC,2014J,693747.0,M,Scotland,Lower Than A Level,40-50%,35-55,0.0,60.0,N,Pass,1932.0,138.0,Low,1,0,1
CCC,2014J,693812.0,M,Yorkshire Region,No Formal quals,0-10%,0-35,0.0,240.0,N,Withdrawn,350.0,15.0,Other,1,1,0
CCC,2014J,693836.0,M,North Western Region,Lower Than A Level,0-10%,0-35,0.0,120.0,N,Withdrawn,0.0,0.0,Low,0,1,0
CCC,2014J,693910.0,M,London Region,A Level or Equivalent,10-20,0-35,0.0,90.0,N,Withdrawn,32.0,0.0,High,0,1,0
CCC,2014J,693938.0,M,West Midlands Region,Lower Than A Level,0-10%,0-35,0.0,60.0,Y,Pass,4353.0,907.0,Low,1,0,1
CCC,2014J,693998.0,M,North Region,Lower Than A Level,30-40%,0-35,0.0,90.0,N,Withdrawn,1155.0,38.0,Low,1,1,0
CCC,2014J,694103.0,M,Scotland,A Level or Equivalent,80-90%,0-35,0.0,90.0,N,Pass,638.0,73.0,High,1,0,1
CCC,2014J,694147.0,M,London Region,A Level or Equivalent,20-30%,0-35,0.0,180.0,N,Withdrawn,63.0,0.0,High,0,1,0
CCC,2014J,694150.0,M,South East Region,A Level or Equivalent,30-40%,0-35,0.0,90.0,N,Withdrawn,401.0,0.0,High,0,1,0
CCC,2014J,694212.0,F,London Region,HE Qualification,30-40%,35-55,0.0,120.0,N,Withdrawn,709.0,7.0,High,1,1,0
CCC,2014J,694361.0,M,Scotland,A Level or Equivalent,60-70%,0-35,0.0,90.0,N,Withdrawn,4.0,0.0,High,0,1,0
CCC,2014J,694362.0,F,Scotland,A Level or Equivalent,80-90%,0-35,0.0,30.0,N,Distinction,469.0,27.0,High,1,0,1
CCC,2014J,694472.0,F,London Region,A Level or Equivalent,30-40%,0-35,0.0,150.0,N,Pass,411.0,0.0,High,0,0,1
CCC,2014J,694510.0,M,Yorkshire Region,A Level or Equivalent,10-20,0-35,0.0,120.0,N,Fail,1639.0,59.0,High,1,0,0
CCC,2014J,694523.0,M,Scotland,HE Qualification,30-40%,0-35,0.0,120.0,N,Distinction,488.0,42.0,High,1,0,1
CCC,2014J,694536.0,M,South East Region,A Level or Equivalent,60-70%,0-35,0.0,120.0,N,Withdrawn,100.0,2.0,High,1,1,0
CCC,2014J,694563.0,M,North Western Region,A Level or Equivalent,80-90%,0-35,0.0,60.0,N,Withdrawn,1092.0,163.0,High,1,1,0
CCC,2014J,694579.0,M,West Midlands Region,A Level or Equivalent,90-100%,0-35,0.0,120.0,N,Pass,2609.0,245.0,High,1,0,1
CCC,2014J,694680.0,M,South Region,HE Qualification,20-30%,35-55,0.0,60.0,N,Pass,915.0,16.0,High,1,0,1
CCC,2014J,694705.0,M,South Region,Lower Than A Level,40-50%,0-35,0.0,180.0,Y,Withdrawn,271.0,11.0,Low,1,1,0
CCC,2014J,694726.0,M,Scotland,A Level or Equivalent,60-70%,0-35,0.0,90.0,N,Pass,1374.0,86.0,High,1,0,1
CCC,2014J,694807.0,M,South Region,HE Qualification,90-100%,0-35,0.0,60.0,N,Withdrawn,158.0,6.0,High,1,1,0
CCC,2014J,694860.0,M,Ireland,Post Graduate Qualification,,0-35,0.0,60.0,N,Distinction,1852.0,164.0,Other,1,0,1
CCC,2014J,694871.0,M,North Region,Lower Than A Level,,35-55,0.0,120.0,N,Withdrawn,1310.0,287.0,Low,1,1,0
CCC,2014J,694914.0,M,London Region,HE Qualification,10-20,35-55,0.0,210.0,N,Withdrawn,481.0,7.0,High,1,1,0
CCC,2014J,695122.0,M,East Anglian Region,A Level or Equivalent,20-30%,0-35,0.0,90.0,N,Withdrawn,155.0,11.0,High,1,1,0
CCC,2014J,695232.0,M,London Region,A Level or Equivalent,20-30%,35-55,0.0,120.0,N,Distinction,15361.0,1355.0,High,1,0,1
CCC,2014J,695270.0,M,South West Region,A Level or Equivalent,10-20,0-35,0.0,120.0,N,Pass,865.0,5.0,High,1,0,1
CCC,2014J,695340.0,F,East Midlands Region,A Level or Equivalent,90-100%,35-55,0.0,60.0,N,Withdrawn,238.0,24.0,High,1,1,0
CCC,2014J,695354.0,F,East Midlands Region,A Level or Equivalent,50-60%,0-35,0.0,120.0,Y,Distinction,2382.0,25.0,High,1,0,1
CCC,2014J,695369.0,F,North Western Region,Lower Than A Level,0-10%,0-35,0.0,120.0,N,Withdrawn,413.0,64.0,Low,1,1,0
CCC,2014J,695518.0,M,London Region,A Level or Equivalent,30-40%,0-35,0.0,120.0,N,Pass,899.0,43.0,High,1,0,1
CCC,2014J,695643.0,F,West Midlands Region,A Level or Equivalent,10-20,0-35,0.0,150.0,Y,Withdrawn,263.0,14.0,High,1,1,0
CCC,2014J,695653.0,M,South East Region,A Level or Equivalent,20-30%,0-35,0.0,60.0,N,Fail,358.0,0.0,High,0,0,0
CCC,2014J,695673.0,M,North Region,A Level or Equivalent,,0-35,0.0,150.0,N,Distinction,444.0,1.0,High,1,0,1
CCC,2014J,695732.0,F,North Region,Post Graduate Qualification,,35-55,0.0,60.0,N,Distinction,2696.0,511.0,Other,1,0,1
CCC,2014J,695760.0,M,East Midlands Region,A Level or Equivalent,0-10%,0-35,0.0,120.0,N,Withdrawn,1.0,0.0,High,0,1,0
CCC,2014J,695874.0,M,Ireland,HE Qualification,,35-55,0.0,60.0,N,Withdrawn,618.0,17.0,High,1,1,0
CCC,2014J,695915.0,M,East Midlands Region,A Level or Equivalent,80-90%,0-35,0.0,60.0,N,Fail,66.0,0.0,High,0,0,0
CCC,2014J,695946.0,M,Ireland,HE Qualification,,0-35,0.0,60.0,N,Pass,1139.0,73.0,High,1,0,1
CCC,2014J,695976.0,F,North Region,Lower Than A Level,10-20,0-35,0.0,210.0,N,Withdrawn,3.0,0.0,Low,0,1,0
CCC,2014J,696019.0,M,London Region,A Level or Equivalent,40-50%,0-35,0.0,60.0,N,Withdrawn,63.0,5.0,High,1,1,0
CCC,2014J,696234.0,M,Wales,HE Qualification,80-90%,0-35,0.0,120.0,N,Withdrawn,124.0,7.0,High,1,1,0
CCC,2014J,696253.0,M,South West Region,Lower Than A Level,50-60%,0-35,0.0,120.0,Y,Withdrawn,2.0,0.0,Low,0,1,0
CCC,2014J,696271.0,M,Wales,HE Qualification,90-100%,0-35,0.0,60.0,N,Distinction,756.0,35.0,High,1,0,1
CCC,2014J,696324.0,M,Scotland,HE Qualification,80-90%,35-55,0.0,120.0,N,Withdrawn,530.0,11.0,High,1,1,0
CCC,2014J,696357.0,M,East Anglian Region,A Level or Equivalent,80-90%,0-35,0.0,30.0,Y,Pass,2579.0,29.0,High,1,0,1
CCC,2014J,696469.0,M,Ireland,HE Qualification,,35-55,0.0,90.0,N,Distinction,1938.0,482.0,High,1,0,1
CCC,2014J,696501.0,M,North Region,A Level or Equivalent,40-50%,0-35,0.0,120.0,Y,Withdrawn,599.0,14.0,High,1,1,0
CCC,2014J,696515.0,F,London Region,Lower Than A Level,50-60%,0-35,0.0,120.0,N,Pass,468.0,6.0,Low,1,0,1
CCC,2014J,696696.0,F,South West Region,A Level or Equivalent,70-80%,0-35,0.0,60.0,N,Distinction,1811.0,161.0,High,1,0,1
CCC,2014J,696833.0,M,Scotland,A Level or Equivalent,0-10%,35-55,0.0,90.0,Y,Pass,2239.0,69.0,High,1,0,1
CCC,2014J,696848.0,M,North Region,Post Graduate Qualification,,0-35,0.0,120.0,N,Withdrawn,24.0,0.0,Other,0,1,0
CCC,2014J,696869.0,F,Ireland,Post Graduate Qualification,,0-35,0.0,60.0,N,Pass,1193.0,176.0,Other,1,0,1
CCC,2014J,696930.0,M,London Region,A Level or Equivalent,30-40%,0-35,0.0,120.0,N,Withdrawn,199.0,11.0,High,1,1,0
CCC,2014J,697120.0,M,West Midlands Region,HE Qualification,0-10%,0-35,0.0,120.0,N,Withdrawn,0.0,0.0,High,0,1,0
CCC,2014J,697253.0,M,Scotland,HE Qualification,30-40%,0-35,0.0,60.0,N,Withdrawn,1099.0,81.0,High,1,1,0
CCC,2014J,697283.0,F,London Region,A Level or Equivalent,20-30%,0-35,0.0,120.0,N,Withdrawn,677.0,46.0,High,1,1,0
CCC,2014J,697460.0,M,Scotland,HE Qualification,60-70%,0-35,0.0,60.0,N,Fail,205.0,4.0,High,1,0,0
CCC,2014J,697490.0,M,South West Region,A Level or Equivalent,40-50%,35-55,0.0,180.0,N,Withdrawn,148.0,6.0,High,1,1,0
CCC,2014J,697511.0,F,South West Region,A Level or Equivalent,50-60%,0-35,0.0,120.0,N,Withdrawn,29.0,0.0,High,0,1,0
CCC,2014J,697554.0,M,London Region,A Level or Equivalent,30-40%,0-35,0.0,240.0,N,Withdrawn,2.0,0.0,High,0,1,0
CCC,2014J,697567.0,M,South East Region,A Level or Equivalent,80-90%,0-35,0.0,90.0,N,Distinction,3952.0,288.0,High,1,0,1
CCC,2014J,697948.0,F,Yorkshire Region,A Level or Equivalent,10-20,0-35,0.0,150.0,Y,Withdrawn,216.0,9.0,High,1,1,0
CCC,2014J,697998.0,M,East Anglian Region,Lower Than A Level,90-100%,35-55,0.0,120.0,N,Withdrawn,1473.0,35.0,Low,1,1,0
CCC,2014J,698002.0,M,South East Region,HE Qualification,90-100%,55<=,0.0,60.0,N,Distinction,2310.0,309.0,High,1,0,1
CCC,2014J,698024.0,M,Scotland,A Level or Equivalent,50-60%,0-35,0.0,120.0,Y,Fail,355.0,0.0,High,0,0,0
CCC,2014J,698112.0,M,South West Region,A Level or Equivalent,70-80%,0-35,0.0,120.0,N,Withdrawn,191.0,31.0,High,1,1,0
CCC,2014J,698299.0,M,London Region,HE Qualification,40-50%,35-55,0.0,30.0,N,Distinction,1868.0,135.0,High,1,0,1
CCC,2014J,698355.0,M,North Region,Lower Than A Level,,0-35,0.0,120.0,N,Distinction,3141.0,324.0,Low,1,0,1
CCC,2014J,698359.0,F,Ireland,HE Qualification,,0-35,0.0,90.0,N,Pass,4474.0,17.0,High,1,0,1
CCC,2014J,698598.0,F,Scotland,HE Qualification,0-10%,0-35,0.0,120.0,N,Withdrawn,390.0,0.0,High,0,1,0
CCC,2014J,699370.0,M,Scotland,A Level or Equivalent,30-40%,0-35,0.0,30.0,N,Fail,223.0,5.0,High,1,0,0
CCC,2014J,857856.0,M,South West Region,A Level or Equivalent,50-60%,55<=,0.0,60.0,N,Withdrawn,142.0,6.0,High,1,1,0
CCC,2014J,921739.0,M,Scotland,HE Qualification,90-100%,55<=,0.0,150.0,N,Withdrawn,771.0,220.0,High,1,1,0
CCC,2014J,941282.0,M,Scotland,HE Qualification,80-90%,55<=,0.0,30.0,N,Distinction,4386.0,436.0,High,1,0,1
CCC,2014J,943374.0,M,Scotland,Lower Than A Level,50-60%,55<=,0.0,30.0,N,Fail,3994.0,108.0,Low,1,0,0
CCC,2014J,973526.0,M,South Region,HE Qualification,90-100%,55<=,0.0,30.0,N,Withdrawn,680.0,65.0,High,1,1,0
CCC,2014J,986561.0,M,South East Region,HE Qualification,90-100%,55<=,0.0,60.0,N,Pass,1462.0,155.0,High,1,0,1
CCC,2014J,1023623.0,M,East Anglian Region,A Level or Equivalent,40-50%,35-55,0.0,120.0,N,Pass,1851.0,85.0,High,1,0,1
CCC,2014J,1031884.0,M,East Midlands Region,A Level or Equivalent,80-90%,35-55,0.0,60.0,N,Distinction,1717.0,283.0,High,1,0,1
CCC,2014J,1068316.0,M,Scotland,A Level or Equivalent,40-50%,35-55,0.0,60.0,N,Fail,1401.0,363.0,High,1,0,0
CCC,2014J,1076015.0,M,Scotland,A Level or Equivalent,80-90%,35-55,0.0,60.0,N,Pass,601.0,102.0,High,1,0,1
CCC,2014J,1078701.0,F,South West Region,HE Qualification,40-50%,35-55,0.0,90.0,N,Pass,2847.0,682.0,High,1,0,1
CCC,2014J,1091274.0,M,Wales,HE Qualification,50-60%,35-55,0.0,60.0,N,Fail,972.0,5.0,High,1,0,0
CCC,2014J,1101190.0,M,North Western Region,HE Qualification,30-40%,35-55,0.0,60.0,N,Pass,784.0,42.0,High,1,0,1
CCC,2014J,1118218.0,M,East Midlands Region,A Level or Equivalent,70-80%,35-55,0.0,180.0,N,Withdrawn,293.0,46.0,High,1,1,0
CCC,2014J,1301103.0,M,East Midlands Region,A Level or Equivalent,60-70%,35-55,0.0,240.0,N,Pass,678.0,6.0,High,1,0,1
CCC,2014J,1307784.0,F,London Region,HE Qualification,30-40%,35-55,1.0,60.0,N,Withdrawn,324.0,1.0,High,1,1,0
CCC,2014J,1332356.0,M,East Midlands Region,HE Qualification,70-80%,35-55,0.0,30.0,N,Pass,1140.0,138.0,High,1,0,1
CCC,2014J,1332514.0,M,Wales,A Level or Equivalent,90-100%,35-55,0.0,60.0,N,Withdrawn,1516.0,26.0,High,1,1,0
CCC,2014J,1340760.0,M,South Region,Lower Than A Level,70-80%,55<=,0.0,60.0,N,Withdrawn,517.0,66.0,Low,1,1,0
CCC,2014J,1345808.0,F,Scotland,HE Qualification,20-30%,35-55,0.0,30.0,N,Withdrawn,1049.0,121.0,High,1,1,0
CCC,2014J,1352733.0,M,North Western Region,HE Qualification,80-90%,35-55,0.0,60.0,N,Distinction,10312.0,4268.0,High,1,0,1
CCC,2014J,1360953.0,M,North Region,HE Qualification,80-90%,35-55,0.0,120.0,N,Distinction,1896.0,193.0,High,1,0,1
CCC,2014J,1407549.0,F,East Anglian Region,A Level or Equivalent,90-100%,35-55,1.0,220.0,N,Withdrawn,8.0,0.0,High,0,1,0
CCC,2014J,1425806.0,M,South West Region,HE Qualification,40-50%,35-55,1.0,60.0,N,Withdrawn,0.0,0.0,High,0,1,0
CCC,2014J,1439723.0,M,East Midlands Region,Lower Than A Level,80-90%,35-55,0.0,60.0,N,Withdrawn,749.0,136.0,Low,1,1,0
CCC,2014J,1442981.0,M,East Midlands Region,A Level or Equivalent,60-70%,35-55,0.0,150.0,N,Pass,1211.0,608.0,High,1,0,1
CCC,2014J,1449245.0,F,Scotland,HE Qualification,50-60%,35-55,0.0,30.0,N,Fail,399.0,10.0,High,1,0,0
CCC,2014J,1461795.0,M,North Region,Lower Than A Level,,35-55,0.0,30.0,N,Fail,324.0,0.0,Low,0,0,0
CCC,2014J,1468838.0,F,Ireland,Lower Than A Level,50-60%,35-55,1.0,30.0,N,Withdrawn,273.0,0.0,Low,0,1,0
CCC,2014J,1474903.0,M,Scotland,HE Qualification,60-70%,35-55,0.0,60.0,N,Pass,1469.0,18.0,High,1,0,1
CCC,2014J,1478030.0,M,London Region,HE Qualification,90-100%,55<=,0.0,30.0,N,Fail,111.0,0.0,High,0,0,0
CCC,2014J,1478775.0,F,East Anglian Region,Lower Than A Level,40-50%,35-55,0.0,120.0,N,Pass,964.0,14.0,Low,1,0,1
CCC,2014J,1483632.0,M,Wales,HE Qualification,20-30%,35-55,0.0,90.0,N,Pass,389.0,7.0,High,1,0,1
CCC,2014J,1485702.0,F,East Anglian Region,A Level or Equivalent,30-40%,35-55,0.0,90.0,N,Pass,1280.0,10.0,High,1,0,1
CCC,2014J,1490624.0,M,East Anglian Region,HE Qualification,60-70%,35-55,0.0,60.0,N,Distinction,604.0,65.0,High,1,0,1
CCC,2014J,1491894.0,M,Ireland,HE Qualification,60-70%,35-55,0.0,30.0,Y,Withdrawn,145.0,0.0,High,0,1,0
CCC,2014J,1501577.0,M,South West Region,A Level or Equivalent,70-80%,35-55,0.0,120.0,N,Distinction,3358.0,32.0,High,1,0,1
CCC,2014J,1501614.0,M,Scotland,Lower Than A Level,80-90%,35-55,0.0,90.0,N,Pass,4371.0,2484.0,Low,1,0,1
CCC,2014J,1529458.0,F,South Region,Lower Than A Level,20-30%,35-55,0.0,30.0,N,Withdrawn,469.0,0.0,Low,0,1,0
CCC,2014J,1532840.0,M,East Anglian Region,A Level or Equivalent,20-30%,35-55,0.0,60.0,N,Withdrawn,830.0,318.0,High,1,1,0
CCC,2014J,1552044.0,M,South Region,A Level or Equivalent,20-30%,35-55,0.0,30.0,N,Pass,1597.0,197.0,High,1,0,1
CCC,2014J,1554143.0,M,London Region,A Level or Equivalent,90-100%,35-55,0.0,60.0,N,Withdrawn,319.0,22.0,High,1,1,0
CCC,2014J,1559964.0,M,East Anglian Region,Lower Than A Level,30-40%,35-55,0.0,90.0,N,Withdrawn,21.0,0.0,Low,0,1,0
CCC,2014J,1561750.0,F,Scotland,Lower Than A Level,0-10%,35-55,1.0,60.0,N,Fail,860.0,201.0,Low,1,0,0
CCC,2014J,1564630.0,F,East Midlands Region,Lower Than A Level,80-90%,35-55,0.0,90.0,N,Pass,909.0,10.0,Low,1,0,1
CCC,2014J,1583847.0,F,Wales,A Level or Equivalent,60-70%,35-55,0.0,30.0,N,Withdrawn,348.0,59.0,High,1,1,0
CCC,2014J,1592048.0,M,Wales,HE Qualification,30-40%,55<=,0.0,60.0,N,Distinction,3757.0,885.0,High,1,0,1
CCC,2014J,1593442.0,M,South West Region,HE Qualification,30-40%,35-55,0.0,60.0,N,Pass,2591.0,116.0,High,1,0,1
CCC,2014J,1612600.0,M,South East Region,Lower Than A Level,10-20,35-55,0.0,60.0,N,Withdrawn,1668.0,441.0,Low,1,1,0
CCC,2014J,1634278.0,M,Yorkshire Region,Lower Than A Level,80-90%,35-55,0.0,60.0,N,Withdrawn,466.0,13.0,Low,1,1,0
CCC,2014J,1638548.0,M,Scotland,A Level or Equivalent,50-60%,35-55,1.0,120.0,N,Withdrawn,19.0,0.0,High,0,1,0
CCC,2014J,1639743.0,F,South West Region,Lower Than A Level,80-90%,35-55,0.0,60.0,N,Withdrawn,0.0,0.0,Low,0,1,0
CCC,2014J,1646172.0,M,Yorkshire Region,A Level or Equivalent,10-20,35-55,0.0,30.0,N,Pass,1083.0,187.0,High,1,0,1
CCC,2014J,1656486.0,F,South East Region,HE Qualification,60-70%,35-55,1.0,30.0,N,Withdrawn,548.0,25.0,High,1,1,0
CCC,2014J,1658963.0,M,East Anglian Region,A Level or Equivalent,70-80%,35-55,0.0,150.0,N,Pass,609.0,67.0,High,1,0,1
CCC,2014J,1671022.0,M,Yorkshire Region,HE Qualification,80-90%,55<=,0.0,60.0,N,Distinction,3848.0,1750.0,High,1,0,1
CCC,2014J,1674799.0,M,South Region,HE Qualification,70-80%,55<=,0.0,60.0,N,Pass,1963.0,524.0,High,1,0,1
CCC,2014J,1681946.0,M,South Region,A Level or Equivalent,60-70%,35-55,0.0,60.0,N,Withdrawn,671.0,102.0,High,1,1,0
CCC,2014J,1692156.0,M,East Anglian Region,A Level or Equivalent,40-50%,35-55,0.0,120.0,Y,Pass,4895.0,1989.0,High,1,0,1
CCC,2014J,1719166.0,M,Ireland,Lower Than A Level,,35-55,0.0,60.0,N,Withdrawn,158.0,39.0,Low,1,1,0
CCC,2014J,1738582.0,F,South Region,HE Qualification,90-100%,35-55,0.0,120.0,Y,Distinction,4538.0,2387.0,High,1,0,1
CCC,2014J,1744800.0,M,Scotland,HE Qualification,10-20,35-55,1.0,150.0,N,Withdrawn,193.0,28.0,High,1,1,0
CCC,2014J,1752098.0,F,North Western Region,A Level or Equivalent,50-60%,35-55,0.0,30.0,N,Pass,594.0,1.0,High,1,0,1
CCC,2014J,1752813.0,F,Ireland,HE Qualification,,35-55,0.0,60.0,N,Distinction,935.0,47.0,High,1,0,1
CCC,2014J,1773925.0,F,Wales,HE Qualification,0-10%,35-55,0.0,210.0,N,Distinction,3171.0,119.0,High,1,0,1
CCC,2014J,1777834.0,F,East Anglian Region,A Level or Equivalent,80-90%,35-55,0.0,60.0,N,Pass,0.0,0.0,High,0,0,1
CCC,2014J,1808622.0,M,South Region,A Level or Equivalent,80-90%,35-55,0.0,45.0,N,Pass,4803.0,1830.0,High,1,0,1
CCC,2014J,1810414.0,M,South Region,HE Qualification,90-100%,35-55,0.0,90.0,N,Fail,603.0,0.0,High,0,0,0
CCC,2014J,1817515.0,M,London Region,HE Qualification,30-40%,35-55,0.0,30.0,N,Fail,1986.0,116.0,High,1,0,0
CCC,2014J,1826819.0,M,Scotland,HE Qualification,40-50%,35-55,0.0,60.0,N,Distinction,1482.0,143.0,High,1,0,1
CCC,2014J,1828753.0,M,East Midlands Region,A Level or Equivalent,30-40%,35-55,0.0,70.0,N,Distinction,504.0,18.0,High,1,0,1
CCC,2014J,1829051.0,M,Scotland,HE Qualification,90-100%,35-55,0.0,175.0,N,Withdrawn,0.0,0.0,High,0,1,0
CCC,2014J,1841267.0,F,Scotland,A Level or Equivalent,60-70%,35-55,1.0,30.0,N,Withdrawn,415.0,18.0,High,1,1,0
CCC,2014J,1841850.0,F,East Anglian Region,Lower Than A Level,10-20,35-55,0.0,90.0,N,Withdrawn,33.0,4.0,Low,1,1,0
CCC,2014J,1848820.0,M,North Region,Lower Than A Level,70-80%,35-55,1.0,30.0,N,Fail,680.0,95.0,Low,1,0,0
CCC,2014J,1850818.0,M,South West Region,A Level or Equivalent,30-40%,35-55,0.0,30.0,N,Withdrawn,108.0,1.0,High,1,1,0
CCC,2014J,1851108.0,M,East Anglian Region,HE Qualification,80-90%,35-55,0.0,30.0,N,Distinction,2820.0,750.0,High,1,0,1
CCC,2014J,1864086.0,M,Scotland,A Level or Equivalent,70-80%,35-55,0.0,60.0,Y,Withdrawn,147.0,0.0,High,0,1,0
CCC,2014J,1874160.0,M,Wales,Lower Than A Level,10-20,35-55,0.0,60.0,N,Pass,7021.0,365.0,Low,1,0,1
CCC,2014J,1881041.0,F,East Midlands Region,Lower Than A Level,70-80%,35-55,0.0,150.0,N,Withdrawn,0.0,0.0,Low,0,1,0
CCC,2014J,1896088.0,M,West Midlands Region,A Level or Equivalent,30-40%,35-55,1.0,30.0,N,Fail,182.0,57.0,High,1,0,0
CCC,2014J,1897054.0,F,London Region,A Level or Equivalent,20-30%,35-55,0.0,30.0,N,Pass,5781.0,738.0,High,1,0,1
CCC,2014J,1902240.0,M,South Region,A Level or Equivalent,60-70%,0-35,0.0,60.0,N,Pass,2381.0,751.0,High,1,0,1
CCC,2014J,1906003.0,F,West Midlands Region,A Level or Equivalent,50-60%,35-55,0.0,150.0,N,Pass,847.0,0.0,High,0,0,1
CCC,2014J,1915824.0,F,South West Region,HE Qualification,40-50%,35-55,0.0,30.0,N,Pass,4709.0,2557.0,High,1,0,1
CCC,2014J,1916140.0,F,Yorkshire Region,A Level or Equivalent,40-50%,35-55,0.0,60.0,N,Withdrawn,815.0,68.0,High,1,1,0
CCC,2014J,1930949.0,M,London Region,Lower Than A Level,30-40%,35-55,0.0,60.0,N,Withdrawn,48.0,0.0,Low,0,1,0
CCC,2014J,1936285.0,M,Scotland,HE Qualification,40-50%,35-55,0.0,120.0,N,Distinction,3652.0,6.0,High,1,0,1
CCC,2014J,1937511.0,F,North Region,HE Qualification,,55<=,1.0,270.0,N,Withdrawn,606.0,142.0,High,1,1,0
CCC,2014J,1942491.0,M,East Anglian Region,HE Qualification,40-50%,35-55,0.0,30.0,N,Pass,2991.0,41.0,High,1,0,1
CCC,2014J,1942870.0,F,Scotland,Lower Than A Level,80-90%,0-35,0.0,90.0,N,Pass,7142.0,2171.0,Low,1,0,1
CCC,2014J,1945240.0,M,East Midlands Region,Lower Than A Level,50-60%,35-55,1.0,90.0,N,Withdrawn,1478.0,87.0,Low,1,1,0
CCC,2014J,1958121.0,F,Scotland,A Level or Equivalent,40-50%,0-35,0.0,60.0,Y,Distinction,1414.0,0.0,High,0,0,1
CCC,2014J,1960479.0,M,Scotland,A Level or Equivalent,10-20,35-55,0.0,30.0,Y,Pass,1777.0,176.0,High,1,0,1
CCC,2014J,1961938.0,M,London Region,HE Qualification,80-90%,35-55,0.0,30.0,N,Distinction,2917.0,1028.0,High,1,0,1
CCC,2014J,1966597.0,M,South Region,Lower Than A Level,70-80%,35-55,0.0,30.0,N,Withdrawn,803.0,5.0,Low,1,1,0
CCC,2014J,1976004.0,F,South Region,A Level or Equivalent,90-100%,35-55,0.0,30.0,N,Withdrawn,1.0,0.0,High,0,1,0
CCC,2014J,1982166.0,M,South Region,A Level or Equivalent,40-50%,35-55,0.0,60.0,N,Pass,1572.0,269.0,High,1,0,1
CCC,2014J,1986081.0,F,South West Region,A Level or Equivalent,60-70%,35-55,0.0,60.0,N,Withdrawn,571.0,8.0,High,1,1,0
CCC,2014J,1991399.0,F,East Midlands Region,Lower Than A Level,80-90%,0-35,0.0,120.0,N,Distinction,1589.0,304.0,Low,1,0,1
CCC,2014J,1994385.0,M,East Midlands Region,A Level or Equivalent,40-50%,35-55,0.0,60.0,N,Withdrawn,484.0,181.0,High,1,1,0
CCC,2014J,2009279.0,M,West Midlands Region,HE Qualification,20-30%,35-55,0.0,150.0,N,Withdrawn,150.0,4.0,High,1,1,0
CCC,2014J,2013403.0,F,South East Region,A Level or Equivalent,50-60%,35-55,0.0,60.0,N,Pass,3731.0,40.0,High,1,0,1
CCC,2014J,2020916.0,M,North Region,Lower Than A Level,40-50%,35-55,0.0,30.0,N,Pass,205.0,7.0,Low,1,0,1
CCC,2014J,2026585.0,M,Ireland,HE Qualification,,35-55,0.0,60.0,N,Pass,6101.0,1485.0,High,1,0,1
CCC,2014J,2030117.0,M,Scotland,HE Qualification,70-80%,35-55,1.0,40.0,N,Fail,1272.0,48.0,High,1,0,0
CCC,2014J,2030241.0,M,East Anglian Region,Lower Than A Level,70-80%,35-55,0.0,150.0,N,Withdrawn,0.0,0.0,Low,0,1,0
CCC,2014J,2032057.0,M,South Region,A Level or Equivalent,80-90%,0-35,0.0,30.0,N,Withdrawn,138.0,9.0,High,1,1,0
CCC,2014J,2039190.0,F,North Region,Lower Than A Level,,35-55,0.0,120.0,N,Withdrawn,0.0,0.0,Low,0,1,0
CCC,2014J,2041743.0,F,Scotland,HE Qualification,30-40%,35-55,0.0,90.0,N,Withdrawn,49.0,0.0,High,0,1,0
CCC,2014J,2044299.0,M,Scotland,HE Qualification,80-90%,0-35,1.0,30.0,N,Withdrawn,982.0,35.0,High,1,1,0
CCC,2014J,2050179.0,M,South East Region,A Level or Equivalent,60-70%,35-55,0.0,60.0,N,Distinction,1773.0,183.0,High,1,0,1
CCC,2014J,2063436.0,F,North Western Region,A Level or Equivalent,10-20,35-55,0.0,60.0,Y,Withdrawn,18.0,0.0,High,0,1,0
CCC,2014J,2067377.0,M,London Region,HE Qualification,50-60%,55<=,0.0,60.0,N,Pass,2721.0,181.0,High,1,0,1
CCC,2014J,2070517.0,M,London Region,HE Qualification,0-10%,35-55,0.0,30.0,N,Distinction,5590.0,2092.0,High,1,0,1
CCC,2014J,2078353.0,M,Scotland,A Level or Equivalent,90-100%,35-55,0.0,30.0,N,Fail,593.0,3.0,High,1,0,0
CCC,2014J,2083701.0,M,Ireland,Lower Than A Level,10-20,35-55,0.0,30.0,N,Pass,1251.0,50.0,Low,1,0,1
CCC,2014J,2084711.0,M,Scotland,A Level or Equivalent,40-50%,0-35,0.0,60.0,N,Pass,825.0,115.0,High,1,0,1
CCC,2014J,2091230.0,M,London Region,Post Graduate Qualification,10-20,35-55,0.0,60.0,N,Distinction,2918.0,13.0,Other,1,0,1
CCC,2014J,2093150.0,M,Scotland,HE Qualification,0-10%,35-55,0.0,30.0,N,Pass,6355.0,2476.0,High,1,0,1
CCC,2014J,2094849.0,M,East Midlands Region,A Level or Equivalent,80-90%,35-55,0.0,30.0,N,Withdrawn,112.0,0.0,High,0,1,0
CCC,2014J,2096918.0,M,South West Region,A Level or Equivalent,20-30%,35-55,1.0,30.0,N,Fail,1479.0,300.0,High,1,0,0
CCC,2014J,2101566.0,F,Scotland,HE Qualification,20-30%,35-55,0.0,90.0,N,Withdrawn,466.0,3.0,High,1,1,0
CCC,2014J,2112670.0,M,South Region,HE Qualification,80-90%,35-55,0.0,60.0,N,Withdrawn,364.0,0.0,High,0,1,0
CCC,2014J,2127889.0,M,Scotland,A Level or Equivalent,30-40%,35-55,0.0,60.0,N,Pass,5590.0,11.0,High,1,0,1
CCC,2014J,2133234.0,M,East Midlands Region,A Level or Equivalent,60-70%,35-55,0.0,30.0,N,Withdrawn,351.0,2.0,High,1,1,0
CCC,2014J,2137171.0,M,East Anglian Region,HE Qualification,30-40%,0-35,0.0,60.0,N,Pass,997.0,55.0,High,1,0,1
CCC,2014J,2138146.0,M,Wales,Lower Than A Level,90-100%,35-55,0.0,90.0,N,Withdrawn,51.0,1.0,Low,1,1,0
CCC,2014J,2138904.0,F,South West Region,A Level or Equivalent,20-30%,35-55,0.0,60.0,Y,Withdrawn,115.0,0.0,High,0,1,0
CCC,2014J,2139273.0,M,Scotland,A Level or Equivalent,60-70%,35-55,1.0,30.0,N,Withdrawn,138.0,0.0,High,0,1,0
CCC,2014J,2142055.0,M,South Region,A Level or Equivalent,70-80%,0-35,0.0,30.0,N,Pass,396.0,48.0,High,1,0,1
CCC,2014J,2142516.0,F,Scotland,Lower Than A Level,10-20,35-55,0.0,30.0,N,Pass,2125.0,112.0,Low,1,0,1
CCC,2014J,2147889.0,F,Scotland,A Level or Equivalent,60-70%,35-55,0.0,60.0,N,Withdrawn,63.0,3.0,High,1,1,0
CCC,2014J,2149324.0,M,North Western Region,Lower Than A Level,0-10%,35-55,0.0,30.0,N,Withdrawn,526.0,2.0,Low,1,1,0
CCC,2014J,2154220.0,M,South East Region,Lower Than A Level,90-100%,35-55,0.0,90.0,N,Withdrawn,469.0,16.0,Low,1,1,0
CCC,2014J,2159868.0,F,Scotland,A Level or Equivalent,30-40%,35-55,0.0,30.0,N,Pass,1154.0,105.0,High,1,0,1
CCC,2014J,2166000.0,F,Scotland,A Level or Equivalent,80-90%,35-55,0.0,60.0,N,Withdrawn,1782.0,277.0,High,1,1,0
CCC,2014J,2172136.0,M,East Midlands Region,A Level or Equivalent,50-60%,0-35,0.0,60.0,N,Distinction,871.0,33.0,High,1,0,1
CCC,2014J,2178686.0,F,Scotland,HE Qualification,20-30%,35-55,0.0,60.0,N,Distinction,8552.0,2547.0,High,1,0,1
CCC,2014J,2179304.0,F,North Region,Lower Than A Level,,35-55,0.0,90.0,N,Withdrawn,5037.0,2046.0,Low,1,1,0
CCC,2014J,2182333.0,M,South West Region,A Level or Equivalent,40-50%,0-35,0.0,90.0,N,Withdrawn,123.0,12.0,High,1,1,0
CCC,2014J,2202076.0,M,Ireland,Lower Than A Level,70-80%,0-35,1.0,60.0,N,Withdrawn,628.0,264.0,Low,1,1,0
CCC,2014J,2216442.0,M,Yorkshire Region,No Formal quals,30-40%,0-35,0.0,90.0,N,Withdrawn,82.0,5.0,Other,1,1,0
CCC,2014J,2230407.0,M,South East Region,A Level or Equivalent,90-100%,35-55,0.0,30.0,N,Withdrawn,705.0,95.0,High,1,1,0
CCC,2014J,2242383.0,M,West Midlands Region,A Level or Equivalent,60-70%,35-55,0.0,90.0,N,Withdrawn,190.0,28.0,High,1,1,0
CCC,2014J,2244214.0,M,Yorkshire Region,HE Qualification,0-10%,35-55,0.0,30.0,N,Withdrawn,64.0,9.0,High,1,1,0
CCC,2014J,2252437.0,M,North Western Region,Lower Than A Level,0-10%,35-55,1.0,60.0,N,Withdrawn,767.0,20.0,Low,1,1,0
CCC,2014J,2257112.0,M,South Region,Lower Than A Level,30-40%,35-55,0.0,30.0,N,Pass,2324.0,227.0,Low,1,0,1
CCC,2014J,2257740.0,F,London Region,A Level or Equivalent,40-50%,35-55,0.0,90.0,N,Pass,3687.0,501.0,High,1,0,1
CCC,2014J,2268049.0,F,South East Region,Lower Than A Level,80-90%,0-35,0.0,30.0,N,Withdrawn,273.0,2.0,Low,1,1,0
CCC,2014J,2274929.0,M,West Midlands Region,HE Qualification,0-10%,35-55,0.0,120.0,N,Withdrawn,130.0,0.0,High,0,1,0
CCC,2014J,2277009.0,M,East Midlands Region,A Level or Equivalent,60-70%,0-35,0.0,150.0,N,Pass,1441.0,22.0,High,1,0,1
CCC,2014J,2285527.0,M,South West Region,A Level or Equivalent,30-40%,0-35,0.0,120.0,N,Pass,1156.0,36.0,High,1,0,1
CCC,2014J,2289145.0,F,Wales,HE Qualification,90-100%,35-55,0.0,30.0,N,Pass,4953.0,2456.0,High,1,0,1
CCC,2014J,2297770.0,M,East Midlands Region,Lower Than A Level,10-20,35-55,0.0,30.0,N,Withdrawn,5.0,0.0,Low,0,1,0
CCC,2014J,2316201.0,M,North Western Region,Lower Than A Level,30-40%,0-35,0.0,60.0,N,Pass,2669.0,378.0,Low,1,0,1
CCC,2014J,2326041.0,M,Yorkshire Region,Lower Than A Level,70-80%,0-35,0.0,60.0,N,Withdrawn,1500.0,29.0,Low,1,1,0
CCC,2014J,2327472.0,M,Ireland,HE Qualification,,35-55,0.0,30.0,N,Pass,1518.0,139.0,High,1,0,1
CCC,2014J,2333156.0,F,North Western Region,Lower Than A Level,0-10%,0-35,0.0,60.0,N,Distinction,5218.0,1735.0,Low,1,0,1
CCC,2014J,2338535.0,M,Scotland,HE Qualification,30-40%,35-55,0.0,60.0,N,Withdrawn,187.0,25.0,High,1,1,0
CCC,2014J,2339333.0,M,South West Region,HE Qualification,90-100%,35-55,0.0,30.0,N,Pass,454.0,3.0,High,1,0,1
CCC,2014J,2340786.0,M,London Region,A Level or Equivalent,90-100%,35-55,0.0,30.0,N,Distinction,2727.0,948.0,High,1,0,1
CCC,2014J,2345751.0,M,North Western Region,A Level or Equivalent,0-10%,0-35,0.0,60.0,N,Pass,5620.0,2130.0,High,1,0,1
CCC,2014J,2358258.0,M,Ireland,Post Graduate Qualification,,0-35,0.0,90.0,N,Pass,997.0,14.0,Other,1,0,1
CCC,2014J,2358707.0,F,South West Region,A Level or Equivalent,90-100%,0-35,1.0,210.0,N,Withdrawn,1237.0,77.0,High,1,1,0
CCC,2014J,2361633.0,M,North Western Region,A Level or Equivalent,0-10%,0-35,0.0,30.0,N,Pass,2461.0,70.0,High,1,0,1
CCC,2014J,2366117.0,M,Ireland,Lower Than A Level,,35-55,0.0,30.0,N,Distinction,6569.0,726.0,Low,1,0,1
CCC,2014J,2367058.0,M,West Midlands Region,Lower Than A Level,80-90%,0-35,1.0,30.0,N,Withdrawn,368.0,22.0,Low,1,1,0
CCC,2014J,2372788.0,M,London Region,Lower Than A Level,10-20,0-35,0.0,90.0,N,Withdrawn,367.0,97.0,Low,1,1,0
CCC,2014J,2373648.0,F,Scotland,HE Qualification,20-30%,35-55,0.0,90.0,N,Withdrawn,170.0,24.0,High,1,1,0
CCC,2014J,2376512.0,M,London Region,Lower Than A Level,60-70%,0-35,0.0,30.0,N,Pass,716.0,52.0,Low,1,0,1
CCC,2014J,2376717.0,M,South West Region,HE Qualification,70-80%,0-35,0.0,210.0,N,Withdrawn,83.0,0.0,High,0,1,0
CCC,2014J,2377769.0,F,North Western Region,A Level or Equivalent,10-20,0-35,0.0,30.0,N,Withdrawn,0.0,0.0,High,0,1,0
CCC,2014J,2383983.0,M,East Anglian Region,Lower Than A Level,50-60%,0-35,0.0,90.0,N,Pass,1992.0,52.0,Low,1,0,1
CCC,2014J,2384666.0,F,North Western Region,Lower Than A Level,10-20,35-55,0.0,30.0,N,Withdrawn,436.0,11.0,Low,1,1,0
CCC,2014J,2388623.0,F,South Region,A Level or Equivalent,90-100%,0-35,0.0,60.0,Y,Fail,632.0,56.0,High,1,0,0
CCC,2014J,2393945.0,F,Wales,HE Qualification,30-40%,35-55,0.0,60.0,N,Pass,5135.0,873.0,High,1,0,1
CCC,2014J,2394090.0,F,West Midlands Region,A Level or Equivalent,30-40%,0-35,1.0,130.0,N,Pass,1226.0,11.0,High,1,0,1
CCC,2014J,2396985.0,M,Yorkshire Region,HE Qualification,50-60%,35-55,0.0,60.0,N,Fail,4064.0,628.0,High,1,0,0
CCC,2014J,2405801.0,M,Scotland,A Level or Equivalent,90-100%,0-35,0.0,30.0,N,Withdrawn,205.0,0.0,High,0,1,0
CCC,2014J,2405934.0,M,North Western Region,A Level or Equivalent,20-30%,35-55,1.0,220.0,N,Fail,3013.0,721.0,High,1,0,0
CCC,2014J,2410609.0,F,London Region,A Level or Equivalent,60-70%,0-35,0.0,60.0,N,Pass,365.0,3.0,High,1,0,1
CCC,2014J,2413037.0,M,London Region,HE Qualification,0-10%,35-55,0.0,90.0,N,Withdrawn,1563.0,103.0,High,1,1,0
CCC,2014J,2415526.0,F,North Western Region,A Level or Equivalent,20-30%,0-35,0.0,150.0,N,Pass,1780.0,202.0,High,1,0,1
CCC,2014J,2421961.0,M,Yorkshire Region,A Level or Equivalent,30-40%,0-35,1.0,30.0,N,Fail,447.0,52.0,High,1,0,0
CCC,2014J,2422258.0,M,South West Region,A Level or Equivalent,20-30%,0-35,0.0,90.0,Y,Withdrawn,0.0,0.0,High,0,1,0
CCC,2014J,2424697.0,F,East Anglian Region,A Level or Equivalent,70-80%,0-35,0.0,60.0,N,Withdrawn,233.0,41.0,High,1,1,0
CCC,2014J,2434666.0,M,London Region,HE Qualification,50-60%,0-35,0.0,60.0,N,Distinction,588.0,0.0,High,0,0,1
CCC,2014J,2437591.0,M,East Anglian Region,Lower Than A Level,30-40%,0-35,0.0,90.0,N,Withdrawn,1226.0,407.0,Low,1,1,0
CCC,2014J,2439239.0,M,Ireland,Post Graduate Qualification,,35-55,0.0,30.0,N,Withdrawn,393.0,21.0,Other,1,1,0
CCC,2014J,2451523.0,F,South East Region,HE Qualification,40-50%,35-55,0.0,60.0,N,Distinction,5229.0,240.0,High,1,0,1
CCC,2014J,2454119.0,F,East Anglian Region,A Level or Equivalent,60-70%,35-55,0.0,120.0,Y,Withdrawn,36.0,0.0,High,0,1,0
CCC,2014J,2458925.0,M,London Region,Lower Than A Level,80-90%,35-55,0.0,90.0,N,Fail,4433.0,123.0,Low,1,0,0
CCC,2014J,2462607.0,F,East Anglian Region,HE Qualification,40-50%,35-55,0.0,90.0,N,Pass,5100.0,450.0,High,1,0,1
CCC,2014J,2462628.0,M,South East Region,HE Qualification,50-60%,35-55,0.0,60.0,N,Withdrawn,284.0,38.0,High,1,1,0
CCC,2014J,2462862.0,F,West Midlands Region,A Level or Equivalent,10-20,0-35,0.0,180.0,N,Withdrawn,128.0,3.0,High,1,1,0
CCC,2014J,2464118.0,M,South East Region,Lower Than A Level,20-30%,0-35,0.0,60.0,N,Pass,555.0,0.0,Low,0,0,1
CCC,2014J,2464386.0,F,East Midlands Region,A Level or Equivalent,90-100%,0-35,0.0,60.0,Y,Pass,1169.0,135.0,High,1,0,1
CCC,2014J,2469688.0,M,London Region,A Level or Equivalent,10-20,0-35,0.0,60.0,N,Pass,886.0,121.0,High,1,0,1
CCC,2014J,2470326.0,M,East Midlands Region,A Level or Equivalent,10-20,35-55,0.0,120.0,Y,Fail,678.0,1.0,High,1,0,0
CCC,2014J,2472995.0,M,South Region,HE Qualification,90-100%,35-55,0.0,30.0,N,Fail,408.0,22.0,High,1,0,0
CCC,2014J,2473058.0,M,West Midlands Region,A Level or Equivalent,50-60%,0-35,1.0,100.0,N,Withdrawn,171.0,5.0,High,1,1,0
CCC,2014J,2480654.0,F,London Region,Lower Than A Level,20-30%,35-55,0.0,240.0,N,Withdrawn,0.0,0.0,Low,0,1,0
CCC,2014J,2483382.0,F,Scotland,A Level or Equivalent,30-40%,0-35,0.0,60.0,Y,Withdrawn,294.0,4.0,High,1,1,0
CCC,2014J,2485655.0,M,East Anglian Region,HE Qualification,20-30%,0-35,0.0,30.0,N,Withdrawn,500.0,179.0,High,1,1,0
CCC,2014J,2499779.0,F,West Midlands Region,HE Qualification,20-30%,35-55,0.0,30.0,N,Fail,1156.0,318.0,High,1,0,0
CCC,2014J,2500064.0,M,South East Region,Lower Than A Level,40-50%,0-35,0.0,120.0,N,Fail,635.0,31.0,Low,1,0,0
CCC,2014J,2502882.0,M,London Region,A Level or Equivalent,80-90%,35-55,0.0,30.0,Y,Withdrawn,0.0,0.0,High,0,1,0
CCC,2014J,2504694.0,F,North Western Region,Lower Than A Level,10-20,0-35,0.0,90.0,Y,Withdrawn,0.0,0.0,Low,0,1,0
CCC,2014J,2517389.0,M,London Region,A Level or Equivalent,90-100%,0-35,0.0,120.0,N,Pass,508.0,41.0,High,1,0,1
CCC,2014J,2520539.0,M,South West Region,A Level or Equivalent,50-60%,35-55,0.0,110.0,N,Pass,1968.0,848.0,High,1,0,1
CCC,2014J,2522932.0,F,Scotland,HE Qualification,20-30%,0-35,1.0,210.0,N,Fail,2206.0,561.0,High,1,0,0
CCC,2014J,2533650.0,F,South West Region,Lower Than A Level,60-70%,0-35,0.0,60.0,N,Fail,111.0,8.0,Low,1,0,0
CCC,2014J,2552412.0,F,South East Region,A Level or Equivalent,90-100%,35-55,0.0,30.0,N,Fail,3768.0,17.0,High,1,0,0
CCC,2014J,2554973.0,M,South Region,Lower Than A Level,40-50%,35-55,0.0,90.0,N,Withdrawn,96.0,18.0,Low,1,1,0
CCC,2014J,2555596.0,M,South Region,A Level or Equivalent,30-40%,0-35,1.0,30.0,N,Withdrawn,757.0,238.0,High,1,1,0
CCC,2014J,2557563.0,M,South Region,HE Qualification,70-80%,0-35,0.0,95.0,N,Pass,608.0,110.0,High,1,0,1
CCC,2014J,2558071.0,M,South Region,Lower Than A Level,80-90%,35-55,0.0,30.0,Y,Pass,2558.0,78.0,Low,1,0,1
CCC,2014J,2559144.0,F,London Region,A Level or Equivalent,10-20,0-35,0.0,120.0,N,Distinction,637.0,9.0,High,1,0,1
CCC,2014J,2561862.0,M,Ireland,HE Qualification,80-90%,0-35,0.0,90.0,N,Withdrawn,154.0,11.0,High,1,1,0
CCC,2014J,2564333.0,M,North Western Region,A Level or Equivalent,0-10%,35-55,1.0,60.0,Y,Withdrawn,925.0,94.0,High,1,1,0
CCC,2014J,2574909.0,M,Wales,HE Qualification,30-40%,35-55,0.0,30.0,N,Withdrawn,368.0,2.0,High,1,1,0
CCC,2014J,2578004.0,F,South Region,Lower Than A Level,90-100%,0-35,0.0,60.0,N,Withdrawn,111.0,0.0,Low,0,1,0
CCC,2014J,2585270.0,M,North Western Region,A Level or Equivalent,0-10%,0-35,0.0,60.0,N,Withdrawn,0.0,0.0,High,0,1,0
CCC,2014J,2588294.0,M,South West Region,A Level or Equivalent,80-90%,35-55,0.0,30.0,N,Withdrawn,217.0,0.0,High,0,1,0
CCC,2014J,2590948.0,F,West Midlands Region,A Level or Equivalent,40-50%,0-35,1.0,60.0,N,Fail,101.0,0.0,High,0,0,0
CCC,2014J,2593689.0,F,Scotland,A Level or Equivalent,80-90%,35-55,0.0,90.0,N,Pass,501.0,0.0,High,0,0,1
CCC,2014J,2593755.0,M,South West Region,Lower Than A Level,50-60%,0-35,0.0,30.0,N,Pass,776.0,147.0,Low,1,0,1
CCC,2014J,2593920.0,F,Yorkshire Region,HE Qualification,60-70%,0-35,0.0,30.0,N,Pass,1095.0,17.0,High,1,0,1
CCC,2014J,2595204.0,M,South West Region,Lower Than A Level,30-40%,0-35,0.0,90.0,N,Fail,1438.0,189.0,Low,1,0,0
CCC,2014J,2595526.0,M,South West Region,A Level or Equivalent,80-90%,35-55,0.0,150.0,N,Withdrawn,15.0,0.0,High,0,1,0
CCC,2014J,2596553.0,M,South West Region,Lower Than A Level,10-20,35-55,0.0,30.0,Y,Withdrawn,993.0,47.0,Low,1,1,0
CCC,2014J,2598631.0,M,North Region,HE Qualification,20-30%,0-35,0.0,60.0,N,Fail,201.0,20.0,High,1,0,0
CCC,2014J,2598961.0,M,East Anglian Region,HE Qualification,20-30%,0-35,0.0,30.0,N,Distinction,4013.0,91.0,High,1,0,1
CCC,2014J,2599883.0,F,Scotland,A Level or Equivalent,30-40%,0-35,0.0,240.0,N,Distinction,1749.0,337.0,High,1,0,1
CCC,2014J,2609069.0,M,London Region,A Level or Equivalent,80-90%,35-55,0.0,30.0,N,Withdrawn,29.0,0.0,High,0,1,0
CCC,2014J,2612725.0,M,South Region,A Level or Equivalent,80-90%,0-35,0.0,120.0,N,Withdrawn,286.0,4.0,High,1,1,0
CCC,2014J,2613225.0,M,Scotland,A Level or Equivalent,80-90%,0-35,0.0,30.0,N,Withdrawn,1.0,0.0,High,0,1,0
CCC,2014J,2613746.0,M,Scotland,A Level or Equivalent,0-10%,0-35,0.0,60.0,N,Withdrawn,852.0,49.0,High,1,1,0
CCC,2014J,2614093.0,M,South Region,A Level or Equivalent,80-90%,35-55,0.0,180.0,N,Pass,527.0,29.0,High,1,0,1
CCC,2014J,2619025.0,M,West Midlands Region,A Level or Equivalent,20-30%,0-35,0.0,60.0,Y,Pass,5001.0,1423.0,High,1,0,1
CCC,2014J,2619472.0,M,South Region,Lower Than A Level,40-50%,0-35,0.0,120.0,Y,Withdrawn,0.0,0.0,Low,0,1,0
CCC,2014J,2620661.0,M,North Western Region,A Level or Equivalent,0-10%,35-55,0.0,30.0,N,Pass,432.0,19.0,High,1,0,1
CCC,2014J,2622441.0,M,London Region,Lower Than A Level,30-40%,35-55,0.0,120.0,N,Pass,1017.0,93.0,Low,1,0,1
CCC,2014J,2622627.0,M,Scotland,HE Qualification,30-40%,0-35,0.0,180.0,Y,Withdrawn,150.0,0.0,High,0,1,0
CCC,2014J,2623427.0,M,Scotland,Lower Than A Level,10-20,35-55,0.0,60.0,N,Fail,431.0,18.0,Low,1,0,0
CCC,2014J,2627491.0,M,South West Region,Lower Than A Level,90-100%,0-35,0.0,60.0,N,Withdrawn,1123.0,76.0,Low,1,1,0
CCC,2014J,2630469.0,M,South East Region,HE Qualification,80-90%,35-55,0.0,75.0,N,Withdrawn,152.0,10.0,High,1,1,0
CCC,2014J,2633981.0,M,South West Region,A Level or Equivalent,60-70%,0-35,1.0,60.0,Y,Withdrawn,245.0,0.0,High,0,1,0
CCC,2014J,2637000.0,M,Wales,A Level or Equivalent,80-90%,0-35,0.0,120.0,N,Withdrawn,301.0,4.0,High,1,1,0
CCC,2014J,2637912.0,M,Scotland,HE Qualification,10-20,35-55,0.0,30.0,N,Fail,339.0,14.0,High,1,0,0
CCC,2014J,2647893.0,M,South West Region,HE Qualification,90-100%,35-55,0.0,30.0,N,Distinction,1067.0,220.0,High,1,0,1
CCC,2014J,2650741.0,M,South Region,Lower Than A Level,70-80%,0-35,0.0,30.0,N,Fail,1776.0,579.0,Low,1,0,0
CCC,2014J,2655763.0,M,East Anglian Region,A Level or Equivalent,80-90%,35-55,0.0,45.0,N,Fail,606.0,31.0,High,1,0,0
CCC,2014J,2658314.0,F,South Region,Lower Than A Level,80-90%,0-35,0.0,30.0,N,Pass,2910.0,728.0,Low,1,0,1
CCC,2014J,2668106.0,M,London Region,A Level or Equivalent,30-40%,35-55,0.0,30.0,N,Distinction,1714.0,296.0,High,1,0,1
CCC,2014J,2672114.0,M,North Region,Lower Than A Level,,35-55,0.0,90.0,N,Withdrawn,0.0,0.0,Low,0,1,0
CCC,2014J,2677097.0,F,Scotland,A Level or Equivalent,40-50%,0-35,0.0,120.0,N,Withdrawn,83.0,10.0,High,1,1,0
CCC,2014J,2681198.0,M,East Anglian Region,Lower Than A Level,70-80%,35-55,1.0,90.0,N,Withdrawn,1163.0,126.0,Low,1,1,0
CCC,2014J,2686712.0,M,West Midlands Region,A Level or Equivalent,60-70%,35-55,0.0,60.0,N,Fail,1349.0,180.0,High,1,0,0
CCC,2014J,2689013.0,M,Scotland,Post Graduate Qualification,80-90%,35-55,0.0,30.0,N,Withdrawn,527.0,12.0,Other,1,1,0
CCC,2014J,2691267.0,F,West Midlands Region,Lower Than A Level,80-90%,35-55,1.0,60.0,N,Pass,2294.0,991.0,Low,1,0,1
CCC,2014J,2691861.0,M,London Region,Lower Than A Level,0-10%,0-35,1.0,120.0,N,Fail,964.0,40.0,Low,1,0,0
